S/No,Hausa,Polarity,English
1,a abin rufe fuska,neutral,a mask
2,a abun da ke ciki,neutral,a composition
3,a al'ada haka abin yake,neutral,"normally, that's how it is"
4,a al'ada yana faruwa,neutral,"normally, it happens"
5,a arziki,positive,the richness
6,a asirce sukabayer,neutral,they gave it secretly
7,a azabtar da su,negative,torture them
8,a ba da shawara,positive,be advised
9,a banza muka yi,negative,we did it in vain
10,a baya,negative,the backlashing
11,a baya can ya kasance a baya,neutral,"previously, it was previously"
12,a bayyane,neutral,in plain sight
13,a bayyane yake,neutral,it's obvious
14,a bayyane yake aji,positive,class is clear
15,a bond yana da garanti,neutral,the bond has a surety
16,a bowldlerize,negative,the bowdlerize
17,a bude,neutral,open it
18,a bude yake,neutral,it is open
19,a ceci manya,neutral,save the elders
20,a cewar mutumin,neutral,according to the person
21,a cewarsa,neutral,his said
22,a ci gaba,neutral,to be continued
23,a cikin aiki,neutral,in work
24,a cikin ajizanci,neutral,in imperfection
25,a cikin al'amarin gundura,negative,in the case of a bore
26,a cikin alheri,positive,in kindness
27,a cikin annashuwa,neutral,in relaxation
28,a cikin awa daya,neutral,in an hour
29,a cikin babban sha'awa,positive,in great interest
30,a cikin bala'i,negative,in disaster
31,a cikin dabara,positive,in a subtle way
32,a cikin dauka,neutral,in the take
33,a cikin daukaka,neutral,in glory
34,a cikin doka,neutral,in law
35,a cikin duhu,negative,in the dark
36,a cikin girma,neutral,in greatness
37,a cikin hadari,negative,in danger
38,a cikin halin jahilci,negative,in a state of ignorance
39,a cikin halin kafirci,neutral,in a state of disbelief
40,a cikin haske,positive,in the light
41,a cikin jan hankali,positive,in attraction
42,a cikin jarumtaka,negative,in bravery
43,a cikin jayayya,neutral,in a dispute
44,a cikin kafirci,negative,in disbelief
45,a cikin karfi,neutral,in strength
46,a cikin kasa,neutral,in the bottom
47,a cikin kayan ado masu tsada,negative,in expensive jewelry
48,a cikin lardin,neutral,in the province
49,a cikin mugunta,negative,in evil
50,a cikin mummunar hanya,negative,in a bad way
51,a cikin mutuwa,negative,in death
52,a cikin nasara,positive,in success
53,a cikin ni'ima,neutral,in bliss
54,a cikin nishadi,positive,in fun
55,a cikin rana,neutral,in the sun
56,a cikin sanyi,negative,in the cold
57,a cikin sanyi gwiwa,negative,in the cold knee
58,a cikin shakka,neutral,in doubt
59,a cikin soyayya,positive,in love
60,a cikin suka,negative,in criticism
61,a cikin tsoro,positive,in horror
62,a cikin tunani,neutral,in the mind
63,a cikin wauta,negative,in the stupidity
64,a cikin wayewa,neutral,in civilization
65,a cikin yanayi mai rauni sosai,negative,in a very weak state
66,a cikin yanayin raguwa,negative,in the case of decline
67,a cikin zafin nama,negative,in the heat of the flesh
68,a cream,neutral,the cream
69,a crumples,negative,the crumples
70,a daina ba da abinci,negative,stop giving food
71,a daina cin abinci,neutral,stop eating
72,a daina karya,negative,stop lying
73,a daina wasa adam,neutral,stop playing adam
74,a daina yi,neutral,stop doing it
75,a dan rude,negative,a little bewildered
76,a dangane,neutral,a connection
77,a dawo lafiya,positive,come back safe and sound
78,a digiri,neutral,a degree
79,a digon ruwa,negative,the drips
80,a dutse,neutral,a stone
81,a faduwa,negative,a downfall
82,a fara'a mai gadi,positive,a cheerful guard
83,a fara'a walda,positive,a cheerful welder
84,a fara'a wanki,positive,a cheerful laundress
85,a fili gaskiya ne,neutral,apparently it's true
86,a fili yake,neutral,it is obviously
87,a fusace aka furta,negative,it was angrily expressed
88,a fusace aka kore shi,negative,"in anger, it was fired"
89,a fusace aka yi,positive,it was furiously done
90,a fusace aka yi masa duka,negative,he was furiously beaten
91,a fusace kafinta ya furta,negative,the carpenter angrily declared
92,a fusace kafinta ya raba,negative,"angry, the carpenter shared"
93,a fusace karen ya ci abinci,negative,"in anger, the dog ate"
94,a fusace maciji ya sare,neutral,"enraged, the snake slashed"
95,a fusace maharbi ya harba,negative,"enraged, the sniper fired"
96,a fusace makanikin ya shirya,neutral,furiously the mechanic arranged
97,a fusace ragon ya ja,negative,"in anger, the ram pulled"
98,a fusace suka gudu,negative,they ran away in anger
99,a fusace ya girgiza shi,negative,he was shaken in anger
100,a fusace zakin ya koma,negative,"angry, the lion went back"
101,a fushi,negative,the anger
102,a fuska,neutral,a face
103,a gabansa,neutral,in front of him
104,a ganewar asali na mugunta,negative,the diagnosis of evil
105,a ganga,neutral,a barrel
106,a ganima,neutral,a trophy
107,a ganye,neutral,a leaf
108,a gasar,neutral,a league
109,a gaskiya,neutral,actually
110,a gaskiya haka ne,neutral,"actually, that's right"
111,a gaskiya wannan gaskiya ne,neutral,"actually, that's true"
112,a gazawa,negative,a failure
113,a gefe,neutral,on the side
114,a gida,neutral,a cabin
115,a gidan wanka,neutral,a bathroom
116,a gigice,negative,shocked
117,a girke-girke,neutral,a recipe
118,a giya,negative,a beer
119,a gona,neutral,a farm
120,a grouch,negative,the grouch
121,a gunduma,neutral,a district
122,a gungu,neutral,the bunch
123,a gurguje,negative,a grouch
124,a gwiwa,neutral,a knee
125,a hacks,negative,the hacks
126,a hakikanin digiri,positive,a real degree
127,a hakikanin mamayewa,positive,a real invasion
128,a hakikanin rashin shiri,positive,a real lack of preparation
129,a hakori,neutral,a tooth
130,a hali,neutral,a character
131,a halin yanzu a halin yanzu,neutral,"meanwhile, meanwhile"
132,a halin yanzu akwai,neutral,there is currently present
133,a halin yanzu ana ci gaba da aikin,neutral,the project is currently underway
134,a halin yanzu shi ne,neutral,"currently, it is"
135,a hana,negative,a deterrent
136,a hankali hakan yayi daidai,neutral,"feebly, that's right"
137,a hankali ne,neutral,it was prudently
138,a hankali sosai,negative,very ardently
139,a hanya mai laushi,positive,in a gentle way
140,a hanyar wauta,negative,in a stupid way
141,a harzuka,negative,a flare up
142,a haske,positive,the brilliances
143,a huci,positive,the gasp
144,a igiyar ruwa,neutral,a wave
145,a ilimi,neutral,the educational
146,a ina ya buga?,neutral,where did he hit?
147,a inuwa,neutral,a shadow
148,a iya aiki,neutral,the capacity
149,a iyo,neutral,a float
150,a jadawali,neutral,a chart
151,a jaka,neutral,a bag
152,a jami'a,neutral,a university
153,a jarida,neutral,a journal
154,a jere suke,neutral,in a row
155,a jerin,neutral,a series
156,a jinginar gida,neutral,a mortgage
157,a kan hanya madaidaiciya,positive,on the right track
158,a kan mu gay,neutral,same as gay
159,a kankare ne kankare,neutral,the concrete is concrete
160,a kanun labarai,neutral,a headline
161,a kara,negative,a growl
162,a karama,negative,a bitchy
163,a kararrawa,neutral,a bell
164,a karo,negative,the bumped
165,a karshe abin da yake,neutral,"ultimately, that's what it is"
166,a karshe yataho,negative,he came last
167,a karshe zai faru,neutral,"eventually, it will happen"
168,a karshen shirin,neutral,at the end of the episode
169,a kasa,negative,a downhill
170,a kasa akwai jerin,neutral,below is a list
171,a kasan tebur,neutral,below the table
172,a kasata,neutral,in my country
173,a kewaye,neutral,a surround
174,a kewayen wurin,neutral,around the place
175,a kida,neutral,a musical
176,a kiyaye haka,neutral,keep it that way
177,a kiyaye lafiya,positive,keep it safe
178,a kiyaye mu,neutral,keep us
179,a koma-baya,negative,a downturn
180,a kudi,neutral,a buck
181,a kula,neutral,take note
182,a kula a hankali,negative,note carefully
183,a kulob,neutral,a club
184,a kunkuntar,neutral,a narrow
185,a kunnen doki,neutral,a tie
186,a kurma,negative,a deafness
187,a kusa da kasuwa,neutral,closely to market
188,a kusa da kewaye,neutral,around the vicinity
189,a kwaleji,neutral,a college
190,a kwamanda,neutral,a commander
191,a kwanon rufi,negative,a bowdlerize
192,a labari,neutral,a narrative
193,a lafiya zomo,positive,a healthy rabbit
194,a lokacin,neutral,at time
195,a lokacin da aka aikata laifin,negative,at the time of the crime
196,a lokacin furanni,positive,at flowering time
197,a lumshe ido,negative,it was twinkly
198,a m kwanton bauna,negative,a nasty ambush
199,a ma'anar,neutral,a definition
200,a mabukaci,neutral,a consumer
201,a mafarki,neutral,a nightmare
202,a mafi sauki,neutral,a lighter one
203,a magani,neutral,a drug
204,a magani-duk,neutral,a cure-all
205,a mahaukaci,negative,a crabby
206,a mai sassaucin ra'ayi,neutral,a liberal
207,a maimakon haka,neutral,it's rather
208,a majalisar ministoci,neutral,a cabinet
209,a makirci,neutral,a scheme
210,a manyan,neutral,a major
211,a masauki,neutral,the accommodative
212,a masoyi,positive,a darling
213,a mataki,neutral,a stage
214,a matakin,neutral,a level
215,a matsayin unguwa,neutral,as a neighborhood
216,a mayya,negative,a witch
217,a mika mulki,neutral,a transition
218,a minista,neutral,a minister
219,a murabba'i,neutral,a square
220,a murdiya,negative,a distortion
221,a ra'ayi,neutral,a concept
222,a raba,neutral,a split
223,a ragewa,negative,a decrement
224,a rarrabe,positive,the distinguished
225,a rauni,negative,a bruise
226,a rawa,neutral,a dance
227,a rhythm,neutral,the rhythm
228,a riba,positive,a gain
229,a rufi,neutral,a ceiling
230,a rusa malaman makaranta,negative,destroy the school teachers
231,a ruwa,neutral,a blade
232,a ruwa yafada,negative,he fall in water
233,a sa'a,neutral,on the hour
234,a sabani,negative,a discrepant
235,a safar hannu,neutral,a glove
236,a sake haihuwa,neutral,a renaissance
237,a sake shi,neutral,release him
238,a sake zagayowar,neutral,a cycle
239,a saki,neutral,a divorce
240,a salo,neutral,a style
241,a salon rayuwa,neutral,a lifestyle
242,a sama akwai kyauta,positive,above there is a gift
243,a saman,neutral,a surface
244,a sanyi rai,negative,a cold soul
245,a sa'o'i,neutral,on hours
246,a sararin sama,neutral,the horizon
247,a sauti,neutral,a sound
248,a sauwake mana,positive,make it easy for us
249,a saya da shi,neutral,a bought it with
250,a sha kwayoyin,negative,take the pills
251,a shafi,neutral,a page
252,a shagali,neutral,a concert
253,a shawa,neutral,a shower
254,a shiryayye,neutral,a shelf
255,a shirye don yanke shawara,neutral,poised to make a decision
256,a shirye ya yi,positive,willing to do it
257,a suna,neutral,a son
258,a swank,negative,the swank
259,a tafkin,neutral,a lake
260,a taga,neutral,a window
261,a takaice a takaice,neutral,"briefly, briefly"
262,a takaice dai,neutral,it was briefly
263,a takaice game da wani abu,neutral,brief about something
264,a takaice na dan lokaci kadan,neutral,"briefly, for a short time"
265,a takaice yake,neutral,in short
266,a takardar,neutral,a sheet
267,a takardar sayan magani,neutral,a prescription
268,a tarho,neutral,a telephone
269,a taro,neutral,a summit
270,a titi,neutral,a street
271,a tiyata,neutral,a surgery
272,a tsarin,neutral,a rule of
273,a tsarin kafinta,neutral,a systematic carpenter
274,a tsegumi,negative,a gossip
275,a tsorace,negative,fearfully afraid
276,a tudu,neutral,a hill
277,a tunowa,neutral,a recall
278,a tushe,neutral,a foundation
279,a uwa,neutral,a mom
280,a waje yana waje,neutral,the outside is outside
281,a wajen arna,neutral,in the case of heathens
282,a wake,neutral,a bean
283,a waliyyi,positive,a saint
284,a wannan lokacin,neutral,at this time
285,a watsar da yaran,neutral,abandon the children
286,a waya,neutral,a phone
287,a yalwace,neutral,in abundance
288,a yatsa,neutral,a finger
289,a yaudare ku,negative,be deceived
290,a yayin taron,neutral,during the event
291,a yi wa'azi,negative,be admonished
292,a yini mai kyau,positive,have a nice day
293,a zagi,negative,a foul
294,a zahiri gaskiya ne,neutral,it's actually actual
295,a zahiri na gyara shi,neutral,i actually edited it
296,a zamewa,neutral,a slip
297,a zango,neutral,a range
298,a zato,neutral,the assumption
299,a zauna lafiya,positive,stay safe
300,a zobe,neutral,a ring
301,a zuhudu,neutral,a convent
302,a'a ba haka ba ne,neutral,"no, it is not like that"
303,a'a me?,neutral,"no, what?"
304,abin a yaba ne,positive,it is commendable
305,abin al'ajabi,neutral,what a miracle
306,abin al'ajabi na farin ciki,positive,the miracle of happiness
307,abin al'ajabi ne ness,positive,"it was a miracle, ness"
308,abin alfahari ne,neutral,it's a conceit
309,abin alfaharina,positive,my pride
310,abin ba'a ne,negative,it's ridiculous
311,abin bai yi dadi ba,negative,it was not pleasing
312,abin bakin ciki ne,negative,it was sad
313,abin bakin ciki ne mai ban tsoro,negative,it was dismayingly sad
314,abin bakin ciki ne matuka,negative,it was very sadly
315,abin ban dariya,positive,a funny feeling
316,abin ban dariya ne,neutral,it's humor
317,abin ban haushi,negative,annoyingly
318,abin ban mamaki da ban sha'awa,positive,amazing and impressive
319,abin ban mamaki mai ban tsoro,positive,strikingly audacious
320,abin ban mamaki sosai,negative,quite monumentally
321,abin ban sha'awa,positive,exciting
322,abin ban tsoro,negative,quite alarmingly
323,abin bankyama,negative,disgusting
324,abin bankyama ne,negative,it was disgusting
325,abin burgewa,positive,it is impressive
326,abin burgewa ga kowa da kowa,positive,impressive for everyone
327,abin burgewa sosai,positive,it was very captivating
328,abin da,neutral,that's what
329,abin da aka fi so,positive,it is a favorite
330,abin da aka makala,neutral,what is attached
331,abin da ake ba da fifiko shi ne yin alheri,positive,the priority is to do good
332,abin da ake bukata,neutral,what is required
333,abin da ake iya gani da tabawa,neutral,what can be seen and touched
334,abin da amarya ta fi so,positive,it is a bride's favorite
335,abin da ba a fahimta ba,neutral,the incomprehensible
336,abin da ba a iya bayyanawa,negative,the inexplicable
337,abin da ba a iya bayyanawa ba,neutral,the unexplainable
338,abin da ba a iya kaiwa ba,neutral,the unreachable
339,abin da ba a ji ba,neutral,the unheard of
340,abin da ba a sani ba,negative,the unknown
341,abin da ba a zata ba,positive,the unexpected
342,abin da ba ya so,negative,what he did not want
343,abin da babu makawa,neutral,the inevitable
344,abin da baya konewa,negative,what does not burn
345,abin da ke jan hankali,positive,what attracts attention
346,abin da ke sa mutum alfahari,positive,what makes a person proud
347,abin da kyakkyawa abu,positive,what a lovely thing
348,abin da ya bambanta,neutral,what stands out
349,abin da ya ci,positive,what he ate
350,abin da ya faru ke nan gulma,negative,backbiting is what happened
351,abin da ya kamata a yi,neutral,the ethical thing to do
352,abin da ya rushe,negative,what he broke down
353,abin da ya yi ba daidai ba,negative,what he did wrong
354,abin da za a daidaita,neutral,what to adjust
355,abin da za a sa,neutral,what to wear
356,abin da zai iya faruwa ba shi da kyau,negative,what can happen is bad
357,abin damuwa ne,negative,it's a concern
358,abin damuwa ne na abokai,neutral,it is a concern of friends
359,abin damuwa ne na kamfani,neutral,it is a corporate concern
360,abin dariya,neutral,what a joke
361,abin dariya ,positive,what a joke
362,abin dariya ne,negative,it is a bad joke
363,abin dogara ne,positive,it is reliable
364,abin dubawa,neutral,something to look at
365,abin farin ciki,negative,the ecstasies
366,abin farin ciki ne,positive,what fun it is
367,abin farin ciki ne a buga,neutral,it is a pleasure to publish
368,abin farin ciki ne a sha,neutral,it is a pleasure to drink
369,abin farin ciki ne don koyarwa,neutral,it is a pleasure to teach
370,abin farin ciki ne ga malamai,positive,it is a pleasure for the teachers
371,abin farin ciki ne haka,negative,it was ecstatically so
372,abin farin ciki ne in rubuta,neutral,it is a pleasure to write
373,abin farin ciki ne na baki,positive,it is the happiness of the visitors
374,abin farin ciki ne na dattawa,positive,it is the joy of the elders
375,abin farin ciki ne na marubuta,positive,it is the happiness of writers
376,abin farin ciki ne na masu fassara,positive,it is the happiness of translators
377,abin farin ciki ne ziyartar,positive,it was a pleasure to visit
378,abin farin cikin ma'aikata ne,positive,it is the happiness of the workers
379,abin farin cikin ma'aikatan ceto ne,positive,it is the joy of the workers of salvation
380,abin farin cikin yara ne,positive,it is the joy of children
381,abin girmamawa,positive,what an honor
382,abin godiya,positive,it's thankful
383,abin haushi ne,negative,it was annoying
384,abin hawa abin hawa ne,neutral,the vehicle is a vehicle
385,abin hawa lafiya,positive,a healthy vehicle
386,abin hawa mai kyau,positive,good vehicle
387,abin jin dadi,positive,the amenity
388,abin jin dadinn yaro ne,neutral,it is a child's pleasure
389,abin karba ne,neutral,it is acceptable
390,abin ki ne a gare su,negative,it is hateful to them
391,abin kunya,negative,shameful
392,abin kunya mara gaskiya,negative,unreal shame
393,abin kunya na rashin mutunci,negative,a scandal of dishonor
394,abin kunya ne,negative,it's a disgrace
395,abin kunya ne sosai,negative,it was very embarrassing
396,abin kyama ne,negative,it's detestable
397,abin kyama ne ,positive,it was detestably 
398,abin lura ne,positive,it is noteworthy
399,abin lura sosai,neutral,very noteworthy
400,abin mamaki,negative,it's a baffle
401,abin mamaki abin al'ajabi,positive,"amazingly, miraculously"
402,abin mamaki abin mamaki,positive,"surprisingly, remarkably"
403,abin mamaki da sauri,positive,strikingly fast
404,abin mamaki na gaske,positive,a real surprise
405,abin mamaki ne,negative,it was a shock
406,abin mutunci ,positive,integrity
407,abin raini ne,negative,it was contemptuously contemptuous
408,abin rashin mutunci ne,negative,it was disrespectable
409,abin rufe fuska yana kunne,neutral,the mask was on
410,abin sha bayyananne,positive,a clear drink
411,abin sha kyauta,positive,free drink
412,abin sha mai dadi,positive,a delicious drink
413,abin sha mai dadin,positive,a delicious drink
414,abin sha mai daraja,positive,a precious drink
415,abin sha mai inganci,positive,a quality drink
416,abin sha mai lafiya,positive,a healthy drink
417,abin sha'awa,positive,inspiring
418,abin sha'awa ne na babur,neutral,it is a motorcycle hobby
419,abin sha'awa ne na ji,positive,it is admiration that i feel
420,abin sha'awa ne na ji dadi,positive,it is admiration that i enjoy
421,abin so ne,positive,it was fondness
422,abin takaici,negative,the discouragement
423,abin takaici ne,negative,it is regrettable
424,abin takaici ne ga mata,negative,it is a tragedy for women
425,abin takaici ne ga matasa,negative,it is a tragedy for young people
426,abin takaici ne ga yara,negative,it is a tragedy for children
427,abin tambaya ne,negative,it is questionable
428,abin tausayi ga marubuta,positive,it is a pity for the writers
429,abin tausayi ne,negative,it was brutally brutal
430,abin tausayi ne na inji,negative,it is a mechanical pity
431,abin tsoro,positive,what a horror
432,abin tsoro kenan,negative,terribly thing
433,abin tsoro ne,negative,it was scary
434,abin tsoro ne sosai,negative,it was very cowardice
435,abin tunawa ne,neutral,it is a memory
436,abin wasa,neutral,a toy
437,abin wasa ne,positive,it is a joke
438,abin wasa ne da ita,neutral,it is a joke with her
439,abin wasan yara,neutral,the toy
440,abin wulakanci ne,negative,it is despicable
441,abin wuya,neutral,collar
442,abin ya baci,negative,it was exasperating
443,abin ya baci matuka,negative,it was very frustrating
444,abin ya burgeshi,negative,it was enthralled
445,abin ya ci tura,negative,it was disappointed
446,abin ya dame ni,negative,i was bothered by it
447,abin ya dame shi,negative,it was bothered by
448,abin ya daure kai,negative,it was awkward
449,abin ya gigice,negative,it was shocked
450,abin ya juye,neutral,the thing is turned upside down
451,abin ya rude,negative,it was confounded
452,abin ya tashi sosai,negative,it was very disturbed
453,abin ya yi,neutral,the thing is done
454,abin ya yi mamaki,positive,it was amazed
455,abin yabawa ne sosai,positive,it was very commendably
456,abin yabo ne,positive,it is a praise of tells
457,abin yabo ne ga sojoji,positive,it is a tribute to the soldiers
458,abin yabo sosai,positive,thoroughly praiseworthy
459,abin zalunci ne,negative,it was cruelly
460,abin zargi ne,neutral,it is reprehensible
461,abinci mai dadi,positive,sweet food
462,abinci mai daraja,positive,precious food
463,abinci mai gamsarwa,positive,satisfying food
464,abinci mai inganci,positive,quality food
465,abinci mai kyau,positive,good food
466,abinci mai tsami,negative,sour food
467,abinci mai yawa,neutral,a lot of food
468,abinci mara kyau,negative,poor food
469,abinci na musamman,positive,special food
470,abinci ne,neutral,it is food
471,abinci ne mai tsafta,positive,it is pure food
472,abincin arziki kuma,positive,rich food too
473,abincin da ya lalace sosai,negative,very spoiled food
474,abincin dabbobi,neutral,animal feed
475,abincin dare akadafa,neutral,cook dinner
476,abincin karin kumallo mai dadin,positive,delicious breakfast
477,abincin ku,neutral,your food
478,abincin lafiya,positive,healthy food
479,abincin yana da dadi,positive,the food is delicious
480,abinda bai dace ba,negative,the thing is not right
481,abokai masu fara'a,positive,cheerful friends
482,abokai masu hankali,positive,smart friends
483,abokai na musamman,positive,special friends
484,abokai ne,neutral,friends
485,abokai suke,neutral,friends
486,abokan ajin farin ciki,positive,happy classmates
487,abokan banza ne,negative,they are bad friends
488,abokan gaba,negative,the enemies
489,abokan kirki ne,positive,they are good friends
490,aboki mafi kyau,positive,the best friend
491,aboki mai fara'a,positive,a cheerful friend
492,aboki mai farin ciki,positive,a happy friend
493,aboki mai hakuri,positive,a patient friend
494,aboki mai hankali,positive,a smart friend
495,aboki mai hikima,positive,a wise friend
496,aboki mai karfi,positive,a strong friend
497,aboki mai kyau ,positive,good friend 
498,aboki mai taimako,positive,a helpful friend
499,aboki mai tausayi,positive,a compassionate friend
500,aboki mai tsari,positive,an organized friend
501,aboki mara kyau ne,negative,he is a bad friend
502,aboki na gaskiya,positive,a true friend
503,aboki na musamman,positive,a special friend
504,aboki nagari,positive,good friend
505,aboki ne,neutral,is a friend
506,aboki ne cikakke,positive,it is a perfect friend
507,aboki ne nagari,positive,he is a good friend
508,abokin adawa,neutral,the opponent
509,abokin aiki,neutral,a colleague
510,abokin aikina,neutral,a colleague of mine
511,abokin ciniki,neutral,the customer
512,abokin ciniki abokin ciniki ne,neutral,the client is a client
513,abokin ciniki akan al'amura,neutral,client on matters
514,abokin ciniki ne,neutral,it is a customer
515,abokin ciniki shine mutum,neutral,the client is a person
516,abokin hamayya,neutral,opponent
517,abokin tarayya,neutral,an associate
518,abokin tarayya ne,neutral,he is a partner
519,abokin zama ne,neutral,he is a roommate
520,abokin zamansu,neutral,their partner
521,abokina masoyi,neutral,dear friend
522,abokiyar rayuwa ce,neutral,she is a lifelong friend
523,abota ce mai tsafta,positive,it is a pure friendship
524,abota ce mai wadata,positive,it is a rich friendship
525,abota mai karfi,positive,strong friendship
526,abota mai kyau,positive,a good friendship
527,abu a cikin dunkule,neutral,thing in a lump
528,abu mafi wahala,negative,it's the toughest thing
529,abu mafi zalunci,negative,the cruelest thing
530,abu mai ban dariya,positive,funny thing
531,abu mai ban tsoro,negative,a grotesque thing
532,abu mai datti,negative,a dirty thing
533,abu mai gamsarwa,positive,a satisfying thing
534,abu mai guba ash-launin toka,negative,ash-gray toxic substance
535,abu mai ja da baya,negative,a retractable object
536,abu mai kyau,positive,a good thing
537,abu mara kyau ne,negative,it is a bad thing
538,abu mara kyau ne a bata suna,negative,it's a bad thing to discredit
539,abu na yau da kullun,neutral,an ordinary thing
540,abu na zahiri,neutral,a tangible thing
541,abu nasa,neutral,his own
542,abu ne,neutral,it is an item
543,abu ne amintacce,neutral,it was a trusted thing
544,abu ne cikakke,positive,it is a perfect thing
545,abu ne da ake bukata,neutral,it's a requirement
546,abu ne da ba al'ada ba,negative,it is an abnormal thing
547,abu ne mai adalci,positive,it was a fair thing
548,abu ne mai albarka,neutral,it was a fortuitous thing
549,abu ne mai aminci,positive,it is a safe thing
550,abu ne mai aminci a yi,positive,it is a safe thing to do
551,abu ne mai ban tausayi,negative,it's a very sad thing
552,abu ne mai ban tsoro,negative,it's a bearish thing
553,abu ne mai bin doka,neutral,it's a law-abiding thing
554,abu ne mai cutarwa,negative,it's a harmful thing
555,abu ne mai dabara,neutral,it's a strategic thing
556,abu ne mai daraja a yi,positive,it was an honorable thing to do
557,abu ne mai farin ciki,positive,it is a happy event
558,abu ne mai gamsarwa,positive,it is a satisfying thing
559,abu ne mai girma,positive,it's a super thing
560,abu ne mai girman kai,negative,it was a conceited thing
561,abu ne mai hadari,negative,it's a dangerous thing
562,abu ne mai jarumtaka,positive,it was a very brave thing
563,abu ne mai jaruntaka,positive,it was a very brave thing to do
564,abu ne mai kima,positive,it's a valuable thing
565,abu ne mai kyau,positive,it is a good thing
566,abu ne mai lafiya,positive,it's a healthy thing
567,abu ne mai mahimmanci,neutral,it's a fundamental thing
568,abu ne mai matukar rudani,negative,it was very confusingly
569,abu ne mai muni,negative,it's a terrible thing
570,abu ne mai rikitarwa,negative,it is a complex thing
571,abu ne mai shirye,neutral,it is a ready thing
572,abu ne mai so,positive,it's something that loves
573,abu ne mai tada hankali,positive,it's an uplifting thing
574,abu ne mai tsarki,neutral,it's a saintly thing
575,abu ne mai wuya,negative,it was a hard-hit
576,abu ne mara amfani,negative,a very useless thing
577,abu ne mara kyau,negative,it's a bad thing
578,abu ne na addini,neutral,it's a religious thing
579,abu ne na al'ada,neutral,it is a custom thing
580,abu ne na almara,positive,it's a legendary thing
581,abu ne na bata suna,negative,it's a defamatory thing
582,abu ne na dabba,positive,it's a beastly thing
583,abu ne na dijital,neutral,it's a digital thing
584,abu ne na duniya,neutral,it's a universal thing
585,abu ne na fasaha,neutral,it is a technical thing
586,abu ne na gaba daya,neutral,it's a general thing
587,abu ne na gani,neutral,it's a visual thing
588,abu ne na hadin gwiwa,neutral,it was a joint thing
589,abu ne na halitta,neutral,it's a natural thing
590,abu ne na hankali,neutral,it's a psychological thing
591,abu ne na hukuma,neutral,it's an official thing
592,abu ne na juna,neutral,it was a mutual thing
593,abu ne na juyin juya hali,positive,it's a revolutionary thing
594,abu ne na kabilanci,neutral,it's a racial thing
595,abu ne na kimiyya,neutral,it's a scientific thing
596,abu ne na kowa,neutral,it's a common thing
597,abu ne na kwayoyin halitta,neutral,it's a genetic thing
598,abu ne na likitanci,neutral,it's a medical thing
599,abu ne na rashin gaskiya,negative,it was a dishonest thing
600,abu ne na rashin mutunci,negative,it's a dishonorable thing
601,abu ne na ruhaniya,neutral,it is a spiritual thing
602,abu ne na sadaka,positive,it is a charitable thing
603,abu ne na shaitan,negative,it's a devilish thing
604,abu ne na shekara-shekara,neutral,it's an annual thing
605,abu ne na sihiri,positive,it is a magical thing
606,abu ne na sirri,neutral,it's a private thing
607,abu ne na soyayya,positive,it's an affectionate thing
608,abu ne na taka tsantsan,neutral,it's a cautionary thing
609,abu ne na talla,neutral,it's a marketing thing
610,abu ne na tattalin arziki,neutral,it's an economic thing
611,abu ne na wulakanci,negative,it's a despotic thing
612,abu ne na yanki,neutral,it's a regional thing
613,abu ne na yau da kullun,neutral,it's a routine thing
614,abu ne na yaudara,negative,it's a deceptive thing
615,abu ne na zahiri,neutral,it is a physical thing
616,abu ne sananne,neutral,it's a popular thing
617,abubuwa da yawa suna burge ni,positive,a lot of things fascinate me
618,abubuwa da yawa suna da ban tsoro,negative,a lot of things are acrimonious
619,abubuwa daban-daban,neutral,different things
620,abubuwa iri-iri,neutral,various things
621,abubuwa mara kyau,negative,bad things
622,abubuwa masu farinciki,positive,happy things
623,abubuwa masu guba,negative,toxic ingredients
624,abubuwa masu kyau,positive,good things
625,abubuwan ban dariya,positive,funny stuff
626,abubuwan ban sha'awa,positive,impressive posts
627,abubuwan da ke faruwa a yanzu suna da girma,positive,current events high
628,abubuwan da ke tsare,neutral,things in custody
629,abubuwan da suka fi dacewa sune layi,neutral,the highlights are the lines
630,abubuwan da suka lalace,negative,damaged things
631,abubuwan da suka wuce,neutral,the overtakes
632,abubuwan gina jiki,positive,nutrients
633,abubuwan haé“akawa,positive,the improvements
634,abubuwan jin dadi suna nan,neutral,the sensations are there
635,abubuwan sanyi masu dadi,positive,delicious cold stuff
636,abun abun ciki ne,neutral,it's a composition
637,abun al'ajibai,neutral,is a miracles
638,abun ban sha'awa,positive,it is interesting
639,abun ciki,neutral,content
640,abun cikin littafi,neutral,book content
641,abun cikine yaban haushi,negative,the content provoke me
642,abun da ba zai yiwu ba,negative,the impossible thing
643,abun da ya fadi,negative,a fallen object
644,abun da ya karye,negative,a broken object
645,abun fashewa,negative,explosive
646,abun gaggawa,neutral,emergency
647,abun gangar jiki ne,neutral,it is a trunk thing
648,abun jin dadi ne,positive,it is a fun hit
649,abun kunya,negative,what a shame
650,abun kyama,negative,it's disgusting
651,abun rashin mutunci ne,negative,it's a dishonorable thing to do
652,abun sihiri ne,positive,it's a magical thing
653,abun wani abu ne,neutral,the item is something
654,abun ya fara zafi,negative,the thing started to hurt
655,abun ya karye,negative,the thing is broken
656,ace masu arziki,positive,save the rich
657,ace mutane,positive,save people
658,ace yaran,positive,save the children
659,acikin aji sukefada,negative,they are fighting inside class
660,adabi na doka ne,positive,literature is legal
661,adabi ne,neutral,it is literary
662,adabin yara makaranta,neutral,school children's literature
663,adadi ce,neutral,quantum
664,adalci ne,positive,it is justice
665,adali ne,positive,righteous man
666,addini ne,neutral,it is religious
667,addini yakebi,neutral,religion follower
668,addu'a ce mai kyau,positive,it is a beautiful prayer
669,addu'a mai kyau,positive,a good prayer
670,addu'a na ke yi,positive,praying
671,addu'a ne,neutral,is prayer
672,addu'a ne ai,neutral,is prayer
673,addu'a ta fi,positive,prayer is better
674,addu'a yake,positive,he is praying
675,adireshin shine,neutral,the address is
676,ado da ado,positive,decorated
677,ado mai tsada sosai,negative,very expensive decoration
678,ado sosai,positive,very decorative
679,ado ya dauka,neutral,ado took it
680,adukkan kasa,neutral,across the land
681,afocalypse yana kanmu,negative,the apocalypse is upon us
682,agogo na musamman,neutral,a special watch
683,agogo yana da lokaci,neutral,the clock has a time
684,agogo yana kunne,neutral,the clock is on
685,agrarian saurayi ne,neutral,agrarian is a young man
686,agwagi masu daraja,positive,precious ducks
687,ai fitattune,positive,they are best among
688,ai zababbune,positive,they are the best selected
689,aibi na son zuciya,negative,the defect of prejudice
690,aibi ne,negative,it is a flaw
691,aika sako,neutral,send a message
692,aika wasiku,neutral,send mail
693,aikace-aikacen don wani abu ne,neutral,the application is for something
694,aikata babban laifi,negative,commit a serious crime
695,aikata laifin,negative,commit the crime
696,aikata laifin aikata laifi,negative,committing a criminal offense
697,aikata laifin alfasha,negative,commit the crime of indecency
698,aikata laifin bata suna,negative,commit the crime of defamation
699,aikata laifin cin amanar kasa,negative,commit the crime of treason
700,aikata laifin cin hanci da rashawa,negative,commit the crime of corruption
701,aikata laifin cin zarafi,negative,commit the crime of abuse
702,aikata laifin fasa aure,negative,commit the crime of breaking up a marriage
703,aikata laifin fyade,negative,commit the crime of rape
704,aikata laifin girman kai,negative,commit the crime of pride
705,aikata laifin keta haddi,negative,commit the crime of trespassing
706,aikata laifin kisan kai,negative,commit the crime of murder
707,aikata laifin maye,negative,commit a drunken offense
708,aikata laifin mugunta,negative,commit the crime of evil
709,aikata laifin musulunci,negative,commit the crime of islam
710,aikata laifin sabo,negative,commit the crime of blasphemy
711,aikata laifin sata,negative,commit the crime of theft
712,aikata laifin satar fasaha,negative,commit the crime of piracy
713,aikata laifin satar kantuna,negative,commit the crime of shoplifting
714,aikata laifin satar mota,negative,commit the crime of car theft
715,aikata laifin sharar gida akan hanya,negative,commit the crime of littering on the road
716,aikata laifin tashin hankali,negative,commit the crime of violence
717,aikata laifin tsegumi,negative,commit the crime of gossip
718,aikata laifin zalunci,negative,commit the crime of oppression
719,aiki a tsare,neutral,work in custody
720,aiki mai kyau,positive,good work
721,aiki mai wuyar gaske,negative,hard work
722,aiki mara kyau,negative,bad job
723,aiki ne,neutral,it's a function
724,aiki ne babba,neutral,it is big work
725,aiki ne mai dadi,positive,it is a fun job
726,aiki ne sosai,negative,it was very busy
727,aiki sosai,positive,very busy
728,aiki tare,neutral,be hand in glove
729,aiki tukuru,positive,hard work
730,aiki ya,neutral,he is working
731,aiki yi,neutral,employment
732,aikin agaji ne,positive,it is a charitable activity
733,aikin aisha ne,neutral,it is aisha's work
734,aikin arna ne,neutral,it is a pagan work
735,aikin banza,negative,useless work
736,aikin da bai dace ba,negative,inappropriate work
737,aikin dattawa,neutral,the work of elders
738,aikin direbobi,neutral,the work of drivers
739,aikin fyade ne,negative,it is rape work
740,aikin gayyata yana tsare,neutral,the job of invitation is in custody
741,aikin gida,neutral,homework
742,aikin gida a tsare,neutral,homework in custody
743,aikin gyara a tsare,neutral,correction work in custody
744,aikin kafinta,neutral,carpenter's work
745,aikin kasa,neutral,land work
746,aikin kisa ne,negative,it is a killer job
747,aikin ku,neutral,your art
748,aikin ku ne kawowa,neutral,it's your job to deliver
749,aikin larabawa,neutral,the work of the arabs
750,aikin marasa aikin yi,neutral,the work of the unemployed
751,aikin masu bin doka,neutral,the work of lawmen
752,aikin masu gyaran wuta,neutral,the work of fire repairers
753,aikin masu karbar fansho,neutral,the work of pensioners
754,aikin mata,neutral,women's work
755,aikin matasa,neutral,the work of youth
756,aikin maza,neutral,the work of men
757,aikin miyagu,negative,the work of the wicked
758,aikin noma,neutral,an agricultural activity
759,aikin noma ne,neutral,farming
760,aikin sa,neutral,his work
761,aikin shugaban aji a tsare,neutral,the work of the class leader in custody
762,aikin shugaban kasa yana tsare,neutral,the job of the president is in custody
763,aikin sulhu ne,neutral,it is a work of reconciliation
764,aikin wani malami a tsare,neutral,the work of a teacher in custody
765,aikin wasu,neutral,the work of others
766,aikin wawa ne,negative,it is a fool's errand
767,aikin yahudawa,neutral,the work of the jews
768,aikin yanka,neutral,the work of slicing
769,aikin yi ne,neutral,it's employment
770,aikin zamba,negative,a fraudulent act
771,aikinsu ne,neutral,it is their job
772,aiko mana,neutral,send it to us
773,aiko mana an gama,neutral,send us and it is done
774,aiko min,neutral,send it to me
775,ainihin kyau,positive,the real beauty
776,ainihin shi ke nan,neutral,"basically, that's it"
777,aisha da wannan,neutral,aisha with this
778,aji dadin darasi,positive,enjoy the lesson
779,aji kunya sosai,negative,be very humiliated
780,ajin a tsare,neutral,class in detention
781,ajin farko,positive,first class
782,ajin shine,neutral,the class is
783,ajiye abubuwa masu kyau,positive,save the good stuff
784,ajiye alade,neutral,save the pig
785,ajiye dan wataran,neutral,back up
786,ajiye gwauruwa,positive,save the widow
787,ajiye haka,negative,flaringly so
788,ajiye jariran,positive,save the babies
789,ajiye jaririn,positive,save the baby
790,ajiye karnuka,positive,save the dogs
791,ajiye kudin,neutral,save the money
792,ajiye makamashi yana faruwa,positive,the energy-saving is happening
793,ajiye mana shi,neutral,save it for us
794,ajiye matafiya,positive,save travelers
795,ajiye motar,positive,save the car
796,ajiye mutum,positive,save a person
797,ajiye sa,neutral,save it
798,ajiye shi,neutral,save it
799,ajiye yaron,positive,save the child
800,aka amsa,neutral,there was a response
801,aka ba da amsa,neutral,the reply was given
802,aka ba da labarin,neutral,the story was told
803,aka ba da shawara,neutral,it was advocated
804,aka ba shi,neutral,it was given
805,aka ci nasara,negative,it was defeated
806,aka cire shi,negative,he was removed
807,aka gayyace shi,neutral,he was invited
808,aka gyara,neutral,it was fixed
809,aka kara,neutral,it was increased
810,aka kira shi ilham,neutral,he was called inspiration
811,aka maimaita,neutral,it was repeated
812,aka mamaye shi,negative,it was dominated
813,aka mayar da ita a fusace,negative,it was returned angrily
814,aka raba su,neutral,they were divided
815,aka sadaukar,neutral,it was dedicated
816,aka saya aka sayar,neutral,it was bought and sold
817,aka taurare har aka taurare,negative,it was hardened to the point of being hardened
818,aka tsage,neutral,it was torn
819,aka tsaya,neutral,a stop was made
820,aka watse aka tafi,neutral,it was scattered and left
821,aka yi,neutral,it was done
822,aka yi kasa,negative,it was floored
823,aka yi nasiha,negative,it was admonished
824,aka yi ta dariya,positive,there was a lot of laughter
825,aka yi ta lallashi,negative,it was beckoned
826,aka yi tafawa,neutral,there was applause
827,aka yi tunani,neutral,it was thought
828,akan shi,neutral,upon it
829,akasin haka,neutral,on the contrary
830,akasin wannan,neutral,the opposite of this
831,akuya ce,neutral,it is a goat
832,akuya ce mai lafiya,positive,it is a healthy goat
833,akuya da yaro,neutral,goat and kid
834,akuya mai lafiya,positive,a healthy goat
835,akuya mai wayo,positive,a clever goat
836,akuya ta gamsu,positive,the goat is satisfied
837,akuyar tana tafiya,neutral,the goat is walking
838,akwai a ciki,neutral,there is within
839,akwai abida,neutral,there is abidance
840,akwai abin bankyama,negative,there is abominate
841,akwai abin da za a yi bakin ciki?,negative,is there anything to bereave?
842,akwai abin hawa,neutral,there is a vehicle
843,akwai abin karfafawa,neutral,there is an incentive
844,akwai abin kyauta,neutral,there is a complimentary item
845,akwai abin lura,positive,there is a noticeable thing
846,akwai abin rufe fuska,neutral,there is a mask
847,akwai abin wasa,neutral,there is a toy
848,akwai abin wasa gare shi,positive,there is a playful element to it
849,akwai abinci,neutral,there is a meal
850,akwai abincin rana,neutral,there is a lunch
851,akwai abokin ciniki,neutral,there is a customer
852,akwai abrade,negative,there is abrade
853,akwai abu,neutral,there is a item
854,akwai abu mai ci gaba,neutral,there is a continuous thing
855,akwai abu mai kura,negative,there is a dusty substance
856,akwai abu mai mahimmanci,neutral,there is a substantive thing
857,akwai abu mai shudi,neutral,there is a blue object
858,akwai abubuwa da yawa na ban tsoro,negative,there was a lot of frenzied activity
859,akwai abubuwa daban-daban,neutral,there are various things
860,akwai abubuwa masu kyau,positive,there are positive things
861,akwai abubuwan al'ajabi,positive,there were miracles
862,akwai abubuwan jin dadi,neutral,there is an amenities
863,akwai acerbate,negative,there is acerbate
864,akwai acrimony,negative,there is acrimony
865,akwai adabi,neutral,there is literature
866,akwai adadi,neutral,there is an amount
867,akwai addinin katolika,neutral,there is a catholic religion
868,akwai addinin musulunci,neutral,there is an islamic religion
869,akwai addu'a,neutral,there is a prayer
870,akwai adireshin,neutral,there is an address
871,akwai agility,positive,there is agility
872,akwai agogo,neutral,there is a clock
873,akwai aibi,negative,there is a flaw
874,akwai aiki,neutral,there is labor
875,akwai aikin koyarwa,neutral,there is a teaching job
876,akwai ajanda,neutral,there is a agenda
877,akwai aji,neutral,there is a classroom
878,akwai ajiya,neutral,there is storage
879,akwai ajiya don abubuwa,neutral,there is storage for things
880,akwai akwai,neutral,there are exist
881,akwai akwati,neutral,there is a container
882,akwai al'ada,neutral,there is a convention
883,akwai alama,neutral,there is a trace
884,akwai alamar kyalli,neutral,there was a hint of glimmering
885,akwai albarkatu,neutral,there is a resource
886,akwai albasa,neutral,there is onion
887,akwai albashi,neutral,there is a wage
888,akwai alerji zuwa gare shi,negative,there is an allergy to it
889,akwai aljihu,neutral,there is a pocket
890,akwai alkawari,neutral,there is a commitment
891,akwai allo,neutral,there is a screen
892,akwai almara,neutral,there is a fiction
893,akwai almubazzaranci da yawa,positive,there is a lot of haphazard
894,akwai ambivalence?,negative,is there ambivalence?
895,akwai amfanin gona,neutral,there is a crop
896,akwai amincewa a cikinsa,positive,there is confidence in it
897,akwai amsa,neutral,there is a response
898,akwai anarchism,negative,there is anarchism
899,akwai anomalies,negative,there is a anomalies
900,akwai antipathy,negative,there is an antipathy
901,akwai anti-sama,negative,there is an anti-occupation
902,akwai apple,neutral,there is an apple
903,akwai arewa,neutral,there is a north
904,akwai arziki,neutral,there is fortune
905,akwai arziki a nan duniya,positive,there is sustenance in this world
906,akwai ashirin,neutral,there are twenty
907,akwai asibiti,neutral,there is a hospital
908,akwai aspersions,negative,there are aspersions
909,akwai astone,neutral,there is astone
910,akwai asusu,neutral,there is a fund
911,akwai aure,neutral,there is a marriage
912,akwai ayyuka masu yawan gaske,negative,there is a lot of frenetic activity
913,akwai ayyukan jima'i,neutral,there is sexual activity
914,akwai babba,neutral,there is a senior
915,akwai babban iko,neutral,there is a large-capacity
916,akwai babban jari,neutral,there is capital
917,akwai babi,neutral,there is a chapter
918,akwai baiwa,neutral,there is a faculty
919,akwai baki abu,neutral,there is a black object
920,akwai bakin mutum,neutral,there is a person's mouth
921,akwai bakin ruwa,neutral,there is a shore
922,akwai bakin teku,neutral,there is a beach
923,akwai bakon mutum,neutral,there is a foreign person
924,akwai bakwai,neutral,there were seven
925,akwai bala'i,negative,there is a calamity
926,akwai bam,negative,there is a bomb
927,akwai bama-bamai guda biyu,negative,there are two bombs
928,akwai bambanci,neutral,there is distinction
929,akwai band rock,neutral,there is a rock band
930,akwai banda,neutral,there is an exception
931,akwai bandaki,neutral,there is a bathroom
932,akwai bangaren ciki,neutral,there is an inner part
933,akwai bangaren nazarin halittu,neutral,there is a biological component
934,akwai bangaren yamma,neutral,there is a west side
935,akwai bango,neutral,there is a wall
936,akwai barewa,neutral,there is a deer
937,akwai bargo,neutral,there's a blanket
938,akwai barkwanci a ciki,positive,there is humor in it
939,akwai barna da yawa,negative,there is a lot of destruction
940,akwai bas,neutral,there is a bus
941,akwai bashi,negative,there is debt
942,akwai bata suna,negative,there are defamations
943,akwai bature,neutral,there is a russian
944,akwai baturi,neutral,there is a battery
945,akwai batutuwa,negative,there are issues
946,akwai bauta,negative,there is bondage
947,akwai bayanai,neutral,there is information
948,akwai bayanan baya,neutral,there is a background 
949,akwai bayanan kudi,neutral,there is financial information
950,akwai bayanin kula,neutral,there is a note
951,akwai bear,neutral,there is a bear
952,akwai bege,negative,there is desperation
953,akwai bidi'a,positive,there is innovation
954,akwai biki,positive,there is a celebration
955,akwai bikin,neutral,there is a ceremony
956,akwai bikin aure,neutral,there is a wedding
957,akwai bincike,neutral,there is research
958,akwai bindiga,neutral,there is a rifle
959,akwai biyar,neutral,there are five
960,akwai biyu,neutral,there are two
961,akwai biyu daga,neutral,there is a pair of
962,akwai blisters a fata,negative,there is a blisters on the skin
963,akwai bravado da yawa,negative,there is a lot of bravado
964,akwai bristle,neutral,there is bristle
965,akwai bruisers,negative,there were bruisers
966,akwai bulo,neutral,there is a brick
967,akwai bumping,negative,there is bumping
968,akwai busts,negative,there are busts
969,akwai caji,neutral,there is a charge
970,akwai cakuda,neutral,there is a mix
971,akwai cakulan,neutral,there is chocolate
972,akwai can,neutral,there is there
973,akwai cancanta gare shi,positive,there is merit to it
974,akwai canja wuri,neutral,there is a transfer
975,akwai carbon,neutral,there is carbon
976,akwai chaff,negative,there is chaff
977,akwai chafu da yawa,negative,there is a lot of chaff
978,akwai chivalry,neutral,there is chivalry
979,akwai ci gaba,neutral,there are breakthrough
980,akwai cibiyar,neutral,there is a center
981,akwai cigaba,positive,there is improvement
982,akwai ciki,neutral,there is a stomach
983,akwai cikin gari,neutral,there is a downtown
984,akwai cin amana,negative,there was betrayal
985,akwai cin hanci da rashawa,negative,there was corruption
986,akwai cin zarafi,negative,there are abuses
987,akwai ciniki,neutral,there is a trade
988,akwai ciwo,negative,there is a ache
989,akwai ciwo a jiki,negative,there is a ache in the body
990,akwai ciwon baya,negative,there is a back ache
991,akwai ciwon daji,negative,there is a cancer
992,akwai ciwon kai,negative,there are headaches
993,akwai ciyawa,neutral,there is grass
994,akwai coci,neutral,there is a church
995,akwai code,neutral,there is a code
996,akwai congress,neutral,there is congress
997,akwai counter,neutral,there is a counter
998,akwai cunkoso da yawa,negative,there is a lot of congestion
999,akwai cututtuka,negative,there are infections
1000,akwai cynicism,negative,there is cynicism
1001,akwai da yawa,neutral,there are many
1002,akwai da'awar,neutral,there is a claim
1003,akwai daban daban,neutral,there is a separate entity
1004,akwai dabara,neutral,there is a trick
1005,akwai dabara gare shi,positive,there is a flair to it
1006,akwai dabino,neutral,there is a palm
1007,akwai daftarin aiki,neutral,there is a draft
1008,akwai da'ira,neutral,there is a circle
1009,akwai daji,neutral,there is a forest
1010,akwai dakin gwaje-gwaje,neutral,there is a laboratory
1011,akwai dakin karatu,neutral,there is a library
1012,akwai dakin kwana,neutral,there is a bedroom
1013,akwai dalili,neutral,there is cause
1014,akwai dama,neutral,there is a chance
1015,akwai damar shiga,neutral,access is available
1016,akwai damar zuwa gare shi,neutral,there is access to it
1017,akwai damuwa,negative,there is anxiety
1018,akwai dan alamar bege,positive,there is a bit of a hint of hope
1019,akwai dan asiya,neutral,there is an asian
1020,akwai dan haske,neutral,there is a bit of a gleam
1021,akwai dan isra'ila,neutral,there is an israeli
1022,akwai dan italiyanci,neutral,there is an italian
1023,akwai dan kanada,neutral,there is a canadian
1024,akwai dan kishin kasa,positive,there is a patriot
1025,akwai dan mexico,neutral,there is a mexican
1026,akwai dandamali,neutral,there is a platform
1027,akwai dandano,neutral,there is a flavor
1028,akwai dangantaka,neutral,there is a relationship
1029,akwai dankalin turawa,neutral,there is a potato
1030,akwai danyen mai,negative,there is crude
1031,akwai daraja,neutral,there is a grade
1032,akwai darajar rashin fahimta,negative,there is a degree of disconcert
1033,akwai dastard,negative,there is a dastard
1034,akwai datti,negative,there is dirt
1035,akwai daukar hoto,neutral,there is coverage
1036,akwai daure fuska,negative,there is a frown
1037,akwai daya,neutral,there is one
1038,akwai despot,negative,there is a despot
1039,akwai diatribe,negative,there is a diatribe
1040,akwai digon ruwa da yawa,negative,there was a lot of dripping
1041,akwai direba,neutral,there is a driver
1042,akwai doka,neutral,there is a law
1043,akwai dozin ko makamancin haka,neutral,there are dozen or so
1044,akwai drop-outs,neutral,there are drop-outs
1045,akwai dubu,neutral,there are thousand
1046,akwai duhu,positive,there was gloom
1047,akwai dukiya,neutral,there is a property
1048,akwai dunkulewa a hanya,neutral,there are bumps in the road
1049,akwai dunkulewa a kasa,negative,there are bumps on the floor
1050,akwai dutse,neutral,there is a mountain
1051,akwai euphoria,positive,there is euphoria
1052,akwai faculty,neutral,there are faculty
1053,akwai fada,neutral,there is fighting
1054,akwai fadowa,neutral,there is a falls
1055,akwai fa'ida a gare su,neutral,there are benefits to them
1056,akwai fa'ida gare shi,positive,there are advantages to it
1057,akwai fa'idodi da za a samu,positive,there are advantages to be had
1058,akwai fakitin,neutral,there is a pack
1059,akwai fallasa,neutral,there is exposure
1060,akwai falo,neutral,there is a floor
1061,akwai fam,neutral,there is a pound
1062,akwai famfo,neutral,there is a tap
1063,akwai fanfare,neutral,there is a fanfare
1064,akwai farauta,neutral,there is hunting
1065,akwai fargaba,neutral,there are apprehensions
1066,akwai fari,neutral,there was white
1067,akwai farin ciki,positive,there is joy
1068,akwai farkawa,neutral,there was a revival
1069,akwai fashe-fashe,negative,there were explosions
1070,akwai fashewa,negative,there are eruptions
1071,akwai fashewar wani abu,negative,there was an explosion
1072,akwai fenti,neutral,there is paint
1073,akwai fetid,neutral,there is fetid
1074,akwai fiber,neutral,there is a fiber
1075,akwai filin,neutral,there is a field
1076,akwai filin ajiye motoci,neutral,there's a parking lot
1077,akwai fim,neutral,there is a movie
1078,akwai firayim minista,neutral,there is a prime minister
1079,akwai flak,negative,there was flak
1080,akwai foda,neutral,there is powder
1081,akwai frequency,neutral,there is a frequency
1082,akwai fronter,neutral,there is fronter
1083,akwai fure,positive,there is a blossom
1084,akwai fuska,neutral,there was a face
1085,akwai fyaucewa,negative,there is rapture
1086,akwai gaba,neutral,there is a front
1087,akwai gaban,neutral,there is a presence
1088,akwai gabatarwa,neutral,there is a presentation
1089,akwai gado,neutral,there is heritage
1090,akwai gaggawa,negative,there is a rush
1091,akwai gajimare,neutral,there is a cloud
1092,akwai gajiya,negative,there was boredom
1093,akwai gallery,neutral,there is a gallery
1094,akwai gane shi,neutral,there is recognition of it
1095,akwai ganewa,neutral,there is an identification
1096,akwai ganga,neutral,there is a barrel
1097,akwai gareji,neutral,there is a garage
1098,akwai gas,neutral,there is gas
1099,akwai gasa,neutral,there is a tournament
1100,akwai gashi,neutral,there is hair
1101,akwai gaskiya,positive,there is genuineness
1102,akwai gatari,neutral,there is ax
1103,akwai gazawa,negative,there were drawbacks
1104,akwai gazawa ga wannan,neutral,there are downsides to this
1105,akwai gazawar hakan,neutral,there is a downside to that
1106,akwai gefe,neutral,there is a margin
1107,akwai giciye,neutral,there is a cross
1108,akwai gida,neutral,there is a house
1109,akwai gidan abinci,neutral,there is a restaurant
1110,akwai gidan kayan gargajiya,neutral,there is a museum
1111,akwai gidan wasan kwaikwayo,neutral,there is a theater
1112,akwai gimmicks,neutral,there is a gimmicks
1113,akwai gini,neutral,there is a building
1114,akwai girma,positive,there is magnificence
1115,akwai giya,neutral,there is a beer
1116,akwai goga,neutral,there is a brush
1117,akwai golf,neutral,there is golf
1118,akwai goma,neutral,there were ten
1119,akwai goma sha biyar,neutral,there were fifteen
1120,akwai goma sha biyu,neutral,there are twelve
1121,akwai gona,neutral,there is a farm
1122,akwai gudanarwa,neutral,there is management
1123,akwai guguwar kankara,negative,there was a hail storm
1124,akwai gunduma,neutral,there is a county
1125,akwai gungu,neutral,there is a bunch
1126,akwai guntu,neutral,there is a chip
1127,akwai gurbacewa,negative,there is a contamination
1128,akwai gurbatattun hoto,negative,there is a distorted picture
1129,akwai gwaji,neutral,there is a trial
1130,akwai gwamnatin mulkin mallaka,neutral,there was a colonial government
1131,akwai gwaninta,positive,there is mastery
1132,akwai hadari,negative,it's cloudy
1133,akwai hadarurruka,negative,there are crashes
1134,akwai hadi,neutral,there is a connection
1135,akwai hadin gwiwa,neutral,there is a joint
1136,akwai hadin kai,neutral,there is a cohesive 
1137,akwai haduwa,neutral,there was an encounter
1138,akwai haja,neutral,there is stock
1139,akwai haki,positive,there is a gasp
1140,akwai hakora,negative,there was a dented
1141,akwai halaka,negative,there is doom
1142,akwai halalcin abu,neutral,there is a legitimate thing
1143,akwai halarta,neutral,there is presence
1144,akwai hali,neutral,there is a character
1145,akwai halin rudani,negative,there is a chaotic situation
1146,akwai halitta,neutral,there was creation
1147,akwai hanci,neutral,there's a nose
1148,akwai hangen nesa,neutral,there is a perspective
1149,akwai hankali,neutral,there is attention
1150,akwai hannu,neutral,there was involved
1151,akwai hannun jari,neutral,there is a stake
1152,akwai hanya,neutral,there is a trail
1153,akwai hanyar hadi,neutral,there is a link
1154,akwai hanyar sadarwa,neutral,there is a network
1155,akwai hanyar zuwa gare ta,neutral,there is a way to get to it
1156,akwai hanyar zuwa wurin,neutral,there is a way to get there
1157,akwai hanyoyin da za a bi da bid,neutral,there are bid-rigging practices
1158,akwai hargitsi,negative,there's chaos
1159,akwai harshe,neutral,there is a language
1160,akwai harshen faransanci,neutral,there is a french language
1161,akwai hasashe,neutral,there is a perception
1162,akwai haske gare shi,positive,there is a shine to it
1163,akwai hauka,negative,there is a craze
1164,akwai hayaki,neutral,there is smoke
1165,akwai hayaniya,neutral,there are commotions
1166,akwai hayaniya da yawa,negative,there are lots of commotions
1167,akwai hedikwata,neutral,there is a headquarters
1168,akwai helikwafta,neutral,there is a helicopter
1169,akwai horo,neutral,there is discipline
1170,akwai hoto,neutral,there is a portrait
1171,akwai hoto mara kyau,neutral,there is a blurred picture
1172,akwai hudu,neutral,there were four
1173,akwai huhu,neutral,there is a lung
1174,akwai hujja,neutral,there is substantiveness
1175,akwai hukuma,neutral,there is an agency
1176,akwai hukumar,neutral,there is a commission
1177,akwai hukunci,neutral,there is a conviction
1178,akwai hula,neutral,there is a hat
1179,akwai hutu,neutral,there is a break
1180,akwai hutun abincin rana,neutral,there is a lunch break
1181,akwai igiya,neutral,there is a rope
1182,akwai ilimi,neutral,there is knowledge
1183,akwai ilimin halin dan adam,neutral,there is psychology
1184,akwai illa,negative,there is a detriment
1185,akwai imani,neutral,there is belief
1186,akwai inji,neutral,there is a machine
1187,akwai intanet,neutral,there is an internet
1188,akwai iri-iri,neutral,there is a variety
1189,akwai isarwa,neutral,there is a delivery
1190,akwai iska,neutral,there was a wind
1191,akwai iska mai dadi,positive,there is fresh air
1192,akwai itace,neutral,there is a tree
1193,akwai iya aiki,neutral,there is a capacity
1194,akwai iyaka,neutral,there is a boundary
1195,akwai iyo,neutral,there is a float
1196,akwai izgili,negative,there is derision
1197,akwai ja,neutral,there is red
1198,akwai jadawali,neutral,there is a schedule
1199,akwai jagora,neutral,there is a guideline
1200,akwai jaka,neutral,there is a bag
1201,akwai jaket,neutral,there is a jacket
1202,akwai jakunkuna,negative,there are dirtbags
1203,akwai jakunkuna na datti,negative,there are bags of dirt
1204,akwai jama'a,neutral,there are folk
1205,akwai jami'a,neutral,there is a university
1206,akwai jan hankali,neutral,there is traction
1207,akwai jariri,neutral,there's a baby
1208,akwai jaruntaka da yawa,positive,there is a lot of valor
1209,akwai jayayya,negative,there is a controversy
1210,akwai jeri,neutral,there is a sequence
1211,akwai ji,neutral,there are sensations
1212,akwai jiki,neutral,there is a body
1213,akwai jin ciwon kai,negative,there is a feeling of headaches
1214,akwai jini,neutral,there is blood
1215,akwai jini mai yawa,negative,there was a lot of blood
1216,akwai jiragen sama,neutral,there are aircraft
1217,akwai jirgin kasa,neutral,there is a rail
1218,akwai jirgin ruwa,neutral,there is a boat
1219,akwai jirgin sama,neutral,there is a plane
1220,akwai juji,negative,there are dumps
1221,akwai junior,neutral,there is a junior
1222,akwai juri,neutral,there is a jury
1223,akwai juriya,neutral,there is resistance
1224,akwai juzu'i,neutral,there is a spin
1225,akwai kadan,neutral,there is little
1226,akwai kafa,neutral,there is a leg
1227,akwai kafar mutum,neutral,there is a person's foot
1228,akwai kafofin watsa labarai,neutral,there is a media
1229,akwai ka'ida,neutral,there is a rule
1230,akwai ka'idar,neutral,there is a theory
1231,akwai kallo,neutral,there is a overlook
1232,akwai kamannin rosy,positive,there is a rosy appearance
1233,akwai kamfani,neutral,there is an enterprise
1234,akwai kan layi,neutral,there is online
1235,akwai kankara,neutral,there is ice
1236,akwai kantin kayan miya,neutral,there is a grocery store
1237,akwai kantin sayar da kayayyaki,neutral,there is a mall
1238,akwai kara a kai,negative,there is a bump on the head
1239,akwai karancin hazo,negative,there is a lack of precipitation
1240,akwai karancin ruwa,negative,there is a lack of water
1241,akwai kararrawa,neutral,there is an alarm
1242,akwai karfafawa,positive,there is empowerment
1243,akwai karfe?,neutral,is there iron?
1244,akwai kari,neutral,there is more
1245,akwai karin,neutral,there is additional
1246,akwai karin bayani,positive,more information is available
1247,akwai kariya,positive,there is protection
1248,akwai karkataccen abu,negative,there is a crooked thing
1249,akwai karya,negative,there is a fake
1250,akwai kasa,neutral,there is soil
1251,akwai kasar mafarki,neutral,there is a dreamland
1252,akwai kashi,neutral,there is a percentage
1253,akwai kasuwanci,neutral,there is a business
1254,akwai katako na baya,neutral,there is a back-woods
1255,akwai kati,neutral,there is a card
1256,akwai kau da kai,negative,there is a desertion
1257,akwai kawance,neutral,there is a alliance
1258,akwai kaya,neutral,there is stuff
1259,akwai kayan abinci,positive,food items are available
1260,akwai kayan aiki,neutral,there is an instrument
1261,akwai kayan shafa,neutral,there is makeup
1262,akwai kazanta,negative,there is filth
1263,akwai kek,neutral,there is a pie
1264,akwai kerub,neutral,there is a cherub
1265,akwai kewaye,neutral,there is surround
1266,akwai kicin,neutral,there is a kitchen
1267,akwai kida,neutral,there is music
1268,akwai kididdiga,neutral,there are statistics
1269,akwai kila,negative,there is calumniation
1270,akwai kima,neutral,there is a rating
1271,akwai kimiyya,neutral,there is science
1272,akwai kirista,neutral,there is a christian
1273,akwai kirsimeti,neutral,there is a christmas
1274,akwai kirtani,neutral,there is a string
1275,akwai kofa,neutral,there's a gate
1276,akwai kofar shiga,neutral,there is a entrance
1277,akwai koma-baya,negative,there is back-logged
1278,akwai korafe-korafe,negative,there were grievances
1279,akwai korafi,negative,there's a grievance
1280,akwai kore,neutral,there is green
1281,akwai koto,neutral,there is a bait
1282,akwai kotu,neutral,there is a court
1283,akwai kotun koli,neutral,there is a supreme court
1284,akwai kudade,neutral,there is funding
1285,akwai kudaden shiga,neutral,there was revenue
1286,akwai kudi,neutral,there is money
1287,akwai kuduri,neutral,there is a resolve
1288,akwai kujera,neutral,there is a chair
1289,akwai kuki,neutral,there is a cookie
1290,akwai kuna,negative,there is burns
1291,akwai kunci,neutral,there is a cheek
1292,akwai kungiya,neutral,there is an organization
1293,akwai kunne,neutral,there is an ear
1294,akwai kunnen doki,neutral,there is a tie
1295,akwai kunshin,neutral,there is a package
1296,akwai kura,negative,there was dust
1297,akwai kura a iska,negative,there is dust in the air
1298,akwai kurakurai,negative,there are errors
1299,akwai kurakurai a cikin tsarin,negative,there are flaws in the system
1300,akwai kurakurai a wannan hoton,negative,there are bugs in this picture
1301,akwai kuri'a,neutral,there are lots
1302,akwai kuskure,negative,there is a foul
1303,akwai kusoshi,negative,there was a blister
1304,akwai kwai,neutral,there is an egg
1305,akwai kwakwalwa,neutral,there's a brain
1306,akwai kwakwalwar ajiya,neutral,there was a memory
1307,akwai kwalba,neutral,there is a bottle
1308,akwai kwallon kafa,neutral,there is football
1309,akwai kwamfuta,neutral,there is a computer
1310,akwai kwamiti,neutral,there is a committee
1311,akwai kwana,neutral,there is an angle
1312,akwai kwanciyar hankali,positive,there is relief
1313,akwai kwando,neutral,there is basketball
1314,akwai kwararrun masana,positive,there are masterpieces
1315,akwai kwari,neutral,there is a valley
1316,akwai kwaro,negative,there is a bug
1317,akwai kwat da wando,neutral,there is a suit
1318,akwai kwata-kwata,neutral,there is a quarterback
1319,akwai kyalkyali,neutral,there was glitter
1320,akwai kyalkyali a gare shi,negative,there was a crisp crispness to it
1321,akwai kyama ga wani abu,negative,there is an aversion to something
1322,akwai kyamar isra'ila,negative,there is an anti-israeli sentiment
1323,akwai kyauta,neutral,there is a prize
1324,akwai lab,neutral,there is a lab
1325,akwai labari,neutral,there is a narrative
1326,akwai labari mara dadi da yawa,negative,there was a lot of bad news
1327,akwai labarin,neutral,there is an article
1328,akwai lafiya,neutral,there is health
1329,akwai lafiya gare shi,positive,there is a wholesomeness to it
1330,akwai lahani,negative,there are harms
1331,akwai laifi,negative,there are fault
1332,akwai lakabi,neutral,there is a label
1333,akwai lalacewa,negative,there is damage
1334,akwai lalacewa ga wani abu,negative,there is damage to something
1335,akwai lamarin sabo,negative,there is a case of blasphemy
1336,akwai lamuni,neutral,there is a loan
1337,akwai lasisi,neutral,there is a license
1338,akwai launin ja,neutral,there is a red color
1339,akwai launin orange,neutral,there is an orange color
1340,akwai launin rawaya,neutral,there is a yellow color
1341,akwai launin ruwan kasa,neutral,there is a brown color
1342,akwai launin shudi,neutral,there is a blue color
1343,akwai launin zinari a gare shi,positive,there is a golden hue to it
1344,akwai layer,neutral,there is a layer
1345,akwai layi,neutral,there is a line
1346,akwai lebe,neutral,there was a lip
1347,akwai lemo,neutral,there is lemon
1348,akwai levity,negative,there is levity
1349,akwai linzamin kwamfuta,neutral,there is a mouse
1350,akwai lissafi,neutral,there is a list
1351,akwai lissafi a ciki,neutral,there is math involved
1352,akwai littafi,neutral,there is a book
1353,akwai littafi mai tsarki,neutral,there is a bible
1354,akwai lokaci,neutral,there is time
1355,akwai lushness gare shi,positive,there is a lushness to it
1356,akwai ma'aikata,neutral,there are staff
1357,akwai ma'auni,neutral,there are criteria
1358,akwai maballi,neutral,there is a button
1359,akwai mace mai ciki,neutral,there is a pregnant woman
1360,akwai mafaka,neutral,there is a shelter
1361,akwai maganar karya,negative,there is a false statement
1362,akwai magani,neutral,there is medication
1363,akwai magudanan ruwa,negative,there are drains
1364,akwai magudanar ruwa,negative,there is a gutter
1365,akwai mahimmanci,neutral,there is significance
1366,akwai mai adawa,negative,there is a dissident
1367,akwai mai aiki,neutral,there is an operator
1368,akwai mai canzawa,neutral,there is a variable
1369,akwai mai ceto,positive,there is a savior
1370,akwai mai ciki,neutral,there is a pregnant person
1371,akwai mai daki,neutral,there is a roomier
1372,akwai mai duba,neutral,there is a monitor
1373,akwai mai fenti,neutral,there is a painter
1374,akwai mai girma,neutral,there is a supreme
1375,akwai mai hankali,positive,there is an intelligent person
1376,akwai mai laifi,negative,there was a guilty person
1377,akwai mai magana,neutral,there is a speaker
1378,akwai mai masaukin baki,neutral,there is a host
1379,akwai mai nakasa,negative,there is a deformed person
1380,akwai mai saye,neutral,there is a buyer
1381,akwai mai tsira,neutral,there is a survivor
1382,akwai mai yawa,negative,there is a lot of fat
1383,akwai mai yawon bude ido,neutral,there is a tourist
1384,akwai mai zamba,negative,there is a fraudulent person
1385,akwai mai zuciyar zaki,negative,there is a lionhearted person
1386,akwai majalisa,neutral,there is a council
1387,akwai majalisar ministoci,neutral,there is a cabinet
1388,akwai makaho,negative,there is a blind person
1389,akwai makala,neutral,there is an essay
1390,akwai makamashi,neutral,there is energy
1391,akwai makamashin hasken rana,neutral,there is solar energy
1392,akwai makami,neutral,there is a weapon
1393,akwai makanta a gare shi,negative,there is a blindside to it
1394,akwai makirci,neutral,there is a plot
1395,akwai makiya,negative,there are enemies
1396,akwai malami,neutral,there is a teacher
1397,akwai mamayewa,negative,there is encroachment
1398,akwai man shanu,neutral,there is butter
1399,akwai mantuwa,negative,there was forgetfulness
1400,akwai manufa,neutral,there is a mission
1401,akwai manufa gare shi,neutral,there is a purpose to it
1402,akwai mara gashi,negative,there is hairless
1403,akwai mara lafiya,neutral,there is a patient
1404,akwai masana'anta,neutral,there is a manufacturer
1405,akwai masanin kimiyya,neutral,there is a scientist
1406,akwai masara,neutral,there is corn
1407,akwai masifu,negative,there were disasters
1408,akwai masu cin hanci da rashawa,negative,there are corrupts
1409,akwai masu gashi,neutral,there are people with hair
1410,akwai matakala,neutral,there is a stair
1411,akwai mataki,neutral,there is a stage
1412,akwai matakin sabani,negative,there is a degree of contradiction
1413,akwai matsala,negative,there is trouble
1414,akwai matsalar cin hanci da rashawa,negative,there is a problem of corruption
1415,akwai matsaloli,negative,there are difficulties
1416,akwai matsanancin zazzabi,negative,there is a high degree of fever
1417,akwai matsayi,neutral,there is a status
1418,akwai matsayi na baya,negative,there is a backward position
1419,akwai matsayi na gaba,neutral,there is a forward position
1420,akwai menu,neutral,there is a menu
1421,akwai misali,neutral,there is an instance
1422,akwai mita,neutral,there is a meter
1423,akwai miya,neutral,there is soup
1424,akwai mota,neutral,there is a car
1425,akwai motsi,neutral,there is a motion
1426,akwai motsin rai,neutral,there is emotion
1427,akwai mulkin mallaka,neutral,there was a colonial state
1428,akwai mummunan tasiri,negative,there is an adverse effect
1429,akwai murabba'i,neutral,there is a square
1430,akwai murfin,neutral,there is a cover
1431,akwai murmushi,positive,there are smiles
1432,akwai musulmi,neutral,there is a muslim
1433,akwai mutane,neutral,there are personages
1434,akwai mutane a kasashen waje,neutral,there are people abroad
1435,akwai mutane da yawa,neutral,there are a lot of people
1436,akwai mutane ja,negative,there are people drags
1437,akwai mutanen da suke wakilta,neutral,there are people that represent
1438,akwai mutum a tsaye,neutral,there is a person standing
1439,akwai mutum guda,neutral,there is a single person
1440,akwai mutum mai aiki,neutral,there is an active person
1441,akwai mutumin da ke da ban tsoro,negative,there is a person who is a bum
1442,akwai mutumin da ya firgita,neutral,there is a person who is fidgeting
1443,akwai mutumin da ya yi nasara,neutral,there is a person who is harboring
1444,akwai mutumin da yake bum,negative,there is a person who is bum
1445,akwai mutumin da yake jin tsoro,neutral,there is a person who is fidgety
1446,akwai mutumin irish,neutral,there is an irish person
1447,akwai na gaske,neutral,there is genuine
1448,akwai na kullum,negative,there is chronic
1449,akwai nadin,neutral,there is a nomination
1450,akwai nasarori,positive,there were accomplishments
1451,akwai nau'in ciwon daji,negative,there is a form of cancer
1452,akwai nau'in tsuntsu mai suna grouse,neutral,there is a species of bird called the grouse
1453,akwai na'urar lantarki,neutral,there is an electric device
1454,akwai na'urar nukiliya,neutral,there is a nuclear device
1455,akwai nisa,neutral,there is a distance
1456,akwai nishadi,neutral,there is entertainment
1457,akwai nishadi koyaushe,positive,there is always fun
1458,akwai nuni,neutral,there is a show
1459,akwai nunin faifai,neutral,there's a slide
1460,akwai ofis,neutral,there is an office
1461,akwai olympics,neutral,there is an olympic
1462,akwai otal,neutral,there is a hotel
1463,akwai pant,neutral,there is a pant
1464,akwai parking,neutral,there is parking
1465,akwai piano,neutral,there is a piano
1466,akwai pm,neutral,there is a pm
1467,akwai post,neutral,there is a post
1468,akwai ra'ayi,neutral,there is an idea
1469,akwai ra'ayi na kin jinin baki,negative,there is an anti-white sentiment
1470,akwai ra'ayi na panoramic,neutral,there's a panoramic view
1471,akwai rabawa,neutral,there is a distribution
1472,akwai rabuwar kai,negative,there are breakups
1473,akwai raguwa,negative,there is a detraction
1474,akwai rahoto,neutral,there is a rapport
1475,akwai raini,negative,there is contempt
1476,akwai raka'a,neutral,there is a unit
1477,akwai rami,neutral,there is a tunnel
1478,akwai rana,neutral,there is a day
1479,akwai ranar gajimare,negative,there was a cloudy day
1480,akwai rangwame da za a yi,neutral,there are concessions to be made
1481,akwai rants,neutral,there were rants
1482,akwai rashawa,negative,there is corruption
1483,akwai rashi,neutral,there was absence
1484,akwai rashin,negative,there is a lack of
1485,akwai rashin amfani,negative,there are disadvantages
1486,akwai rashin daidaito,neutral,there is odds
1487,akwai rashin daidaituwa,negative,there is an abnormality
1488,akwai rashin gaskiya,negative,there is dishonesty
1489,akwai rashin hankali,negative,there is avarice
1490,akwai rashin hankali gare shi,negative,there is a haziness to it
1491,akwai rashin jin dadi,negative,there is unhappiness
1492,akwai rashin jituwa,neutral,there's a discord
1493,akwai rashin kulawa,negative,there was carelessness
1494,akwai rashin kunya,negative,there is disillusion
1495,akwai rashin nasara,negative,is there invincibility
1496,akwai rashin numfashi,negative,there is breathlessness
1497,akwai rashin tausayi,negative,there is apathy
1498,akwai rashin yarda,negative,there is dissent
1499,akwai rashin zaman lafiya,negative,there is anarchy
1500,akwai rashinsa,negative,there was a lack of it
1501,akwai rauni,negative,there was bruise
1502,akwai rawar,neutral,there is a role
1503,akwai rawaya,neutral,there is yellow
1504,akwai rayuwa,neutral,there is a life
1505,akwai rayuwa mai dorewa,positive,there is a sustainable lifestyle
1506,akwai rediyo,neutral,there is a radio
1507,akwai remote,neutral,there is a remote
1508,akwai reshe,neutral,there is a wing
1509,akwai riba,neutral,there is profit
1510,akwai riga,neutral,there is a shirt
1511,akwai rikici,negative,there is conflict
1512,akwai rikodi,neutral,there is a recording
1513,akwai rubutu,neutral,there is a text
1514,akwai rudani,negative,there are disillusions
1515,akwai rudu,negative,there is a delusion
1516,akwai rufi,neutral,there is a ceiling
1517,akwai ruhi,neutral,there is a spirit
1518,akwai rukuni,neutral,there is a category
1519,akwai runduna,neutral,there is a troop
1520,akwai rushewa,negative,there is a dissolution
1521,akwai ruwa,neutral,there is water
1522,akwai ruwan hoda,neutral,there is a pink color
1523,akwai sa'a,negative,there is luckiness
1524,akwai sabani,negative,there is contradiction
1525,akwai sabis,neutral,there is service
1526,akwai sabon abu,positive,there is novelty
1527,akwai sadaka,neutral,there is a charity
1528,akwai sadarwa,neutral,there is communication
1529,akwai safar hannu,neutral,there is a glove
1530,akwai sahara,negative,there is a desert
1531,akwai sakamako,neutral,there was a result
1532,akwai salatin,neutral,there is a salad
1533,akwai sallama,neutral,there is a nod
1534,akwai salo mai salo,neutral,there is a stylized version
1535,akwai sama,neutral,there is a sky
1536,akwai samarwa,neutral,there is production
1537,akwai samfura,neutral,there is produce
1538,akwai samfuri,neutral,there is a model
1539,akwai samfurin,neutral,there is a sample
1540,akwai sana'a,neutral,there is a craft
1541,akwai sana'ar koyarwa,neutral,there is a teaching profession
1542,akwai sananne,neutral,there is renown
1543,akwai sanarwa,neutral,there is a notice
1544,akwai sanata,neutral,there is a senator
1545,akwai sani,neutral,there is consciousness
1546,akwai sansani,neutral,there is a camp
1547,akwai sanyi,negative,it's cold
1548,akwai sarari,neutral,there is space
1549,akwai sararin sama,neutral,there is a horizon
1550,akwai sashe,neutral,there is a section
1551,akwai sauki,positive,there is easiness
1552,akwai sautin kunne,neutral,there was earsplitting sound
1553,akwai sayayya,neutral,there is shopping
1554,akwai sha'awar zama,neutral,there is a desire for it to be
1555,akwai shagala,negative,there is distraction
1556,akwai shagali,neutral,there is a concert
1557,akwai shaida,neutral,there's evidence
1558,akwai shara,negative,there was a sweeping
1559,akwai shari'a,neutral,there was a case
1560,akwai shawara,neutral,there is a suggestion
1561,akwai shawara da aka gabatar,neutral,there is a proposal proposed
1562,akwai shawarwari,neutral,there are suggestions
1563,akwai shaye-shaye,negative,there are exhausts
1564,akwai shayi,neutral,there is a tea
1565,akwai shi,neutral,it's available
1566,akwai shi a bainar jama'a,neutral,it is publicly available
1567,akwai shida,neutral,there were six
1568,akwai shiga,neutral,there is involvement
1569,akwai shigarwa,neutral,there is an entry
1570,akwai shimfidar wuri,neutral,there is a landscape
1571,akwai shinge,neutral,there is a fence
1572,akwai shiri,neutral,there is preparation
1573,akwai shirin,neutral,there is a program
1574,akwai shirin yin wani abu,neutral,there is a plan to get something done
1575,akwai shiriya,neutral,there is guidance
1576,akwai shiryayye,neutral,there is a shelf
1577,akwai shugaba,neutral,there is a boss
1578,akwai shugabanci,neutral,there is leadership
1579,akwai sifa,neutral,there is a feature
1580,akwai sigar,neutral,there is a version
1581,akwai sigina,neutral,there is a signal
1582,akwai sihiri,positive,there is magic
1583,akwai simintin gyare-gyare,neutral,there is a cast
1584,akwai slickness gare shi,negative,there is a slickness to it
1585,akwai soja,neutral,there is a military
1586,akwai son zuciya,neutral,there is bias
1587,akwai studio,neutral,there is a studio
1588,akwai su da yawa,neutral,there are many abound
1589,akwai sufuri,neutral,there is transportation
1590,akwai sulhu,neutral,there is a reconciliation
1591,akwai surutun kunne,negative,there is earsplitting noise
1592,akwai synergy,positive,there is synergy
1593,akwai taba,neutral,there is a cigarette
1594,akwai tafarnuwa,neutral,there is garlic
1595,akwai tafsirin halitta,neutral,there is a plush creature
1596,akwai tagwaye,neutral,there are twins
1597,akwai takaitaccen abu,neutral,there is a concise thing
1598,akwai takalma,neutral,there is a shoe
1599,akwai takarda,neutral,there is paper
1600,akwai takardar,neutral,there is a sheet
1601,akwai takwas,neutral,there is eight
1602,akwai talla,neutral,there is advertising
1603,akwai tallace-tallace,neutral,there were sales
1604,akwai tallafi,positive,there is support
1605,akwai tallafin karatu,neutral,there is a scholarship
1606,akwai tambaya,neutral,there is an inquiry
1607,akwai tambaya?,neutral,is there a question?
1608,akwai tanadi,neutral,there are savings
1609,akwai tanda,neutral,there is an oven
1610,akwai tanki,neutral,there is a tank
1611,akwai tantanin halitta,neutral,there is a cell
1612,akwai tanti,neutral,there is a tent
1613,akwai tara,neutral,there were nine
1614,akwai tari,neutral,there is a pile
1615,akwai taro,neutral,there is a summit
1616,akwai taron bita,neutral,there is a workshop
1617,akwai taron jama'a,neutral,there is a crowd
1618,akwai tasha,neutral,there is a station
1619,akwai tashar jiragen ruwa,neutral,there is a port
1620,akwai taswira,neutral,there is a map
1621,akwai tattaunawa,neutral,there is a negotiation
1622,akwai tausayi,positive,there was sympathy
1623,akwai tausayinta,positive,there was sympathy for her
1624,akwai taya,neutral,there is a tire
1625,akwai tazara,negative,there is a gape
1626,akwai tebur,neutral,there is a desk
1627,akwai teku,neutral,there is sea
1628,akwai tilas,negative,there is a compulsion
1629,akwai tissue,neutral,there is tissue
1630,akwai tiyata,neutral,there is a surgery
1631,akwai toshe,negative,there is a clog
1632,akwai tsabar kudi a hannu,neutral,there is cash in hand
1633,akwai tsaga,neutral,there was a crack
1634,akwai tsagewa,negative,there are cracks
1635,akwai tsakiya,neutral,there is a middle
1636,akwai tsangwama,negative,there is a hamper
1637,akwai tsara,neutral,there was a generation
1638,akwai tsari,neutral,there is a mechanism
1639,akwai tsari mai duba,neutral,there is a checkered pattern
1640,akwai tsarin hasken rana,neutral,there is a solar system
1641,akwai tsarin katako,neutral,there is a wooden structure
1642,akwai tsarin mulkin fasikanci,negative,there is a fascist regime
1643,akwai tsaro,neutral,there is vigilance
1644,akwai tsattsauran ra'ayi,negative,there is fanaticism
1645,akwai tsayi,neutral,there is length
1646,akwai tsere,neutral,there is a race
1647,akwai tserewa,neutral,there is an escape
1648,akwai tsibiri,neutral,there is a island
1649,akwai tsinewa,negative,there is damnation
1650,akwai tsinuwa,negative,there is a curse
1651,akwai tsira,neutral,there is survival
1652,akwai tsiri,neutral,there is a strip
1653,akwai tsoka,neutral,there is muscle
1654,akwai tsoro,negative,there is dread
1655,akwai tsumma a cikin fata,negative,there is a tingle in the skin
1656,akwai tufafi,neutral,there are clothes
1657,akwai tuhuma,neutral,there was an accusation
1658,akwai tumatir,neutral,there is a tomato
1659,akwai tunani,neutral,there is a reference
1660,akwai tunanin?,neutral,is there an imagination?
1661,akwai tunawa,neutral,there is a recall
1662,akwai turawa,neutral,there was a white people
1663,akwai tushe,neutral,there is a foundation
1664,akwai tushen waje,neutral,there is an external source
1665,akwai tuta,neutral,there is a flag
1666,akwai uku,neutral,there are three
1667,akwai umarni,neutral,there is instruction
1668,akwai uniform,neutral,there is a uniform
1669,akwai united,neutral,there is united
1670,akwai unlimited,neutral,there is unlimited
1671,akwai wadata,positive,there is enrichment
1672,akwai wadataccen abinci,neutral,there is plenty of food
1673,akwai wahala,negative,there is difficulty
1674,akwai wahayi,neutral,there is a revelation
1675,akwai wajibi,neutral,there is duty
1676,akwai waka,neutral,there is a song
1677,akwai wake,neutral,there is a bean
1678,akwai wakilci,neutral,there is a representation
1679,akwai walima,neutral,there is a party
1680,akwai walkiya,neutral,there was lightning
1681,akwai wanda aka nitse,negative,there is a person who is drowned
1682,akwai wanda ba shi da dadi,negative,there is a person who is not pleasant
1683,akwai wanda ba ya jin dadi,negative,there is a person who is disgruntled
1684,akwai wanda ya nutse,negative,there was a person who drowned
1685,akwai wanda yake bara,negative,there is a person who is a beggar
1686,akwai wanda yake nakasa,negative,there is a person who is disabled
1687,akwai wani abu a can,neutral,there is something there
1688,akwai wani abu da ya fadi,negative,there was a fallen object
1689,akwai wani abu da ya faru,neutral,there was something that happened
1690,akwai wani abu mai ban tsoro,negative,there is a bumpy thing
1691,akwai wani abu mai lalata,neutral,there is an abrasive substance
1692,akwai wani abu mai launin toka,neutral,there is a gray thing
1693,akwai wani abu mai laushi,neutral,there is a plush thing
1694,akwai wani abu mai lemu,neutral,there is an orange object
1695,akwai wani abu na katako,neutral,there is a wooden object
1696,akwai wani al'amari,neutral,there was an affair
1697,akwai wani aljani,negative,there is a demonic being
1698,akwai wani bakon al'amari,negative,there is a strange phenomenon
1699,akwai wani bature,neutral,there was a white person
1700,akwai wani dutse da ake kira brimstone,neutral,there is a stone called brimstone
1701,akwai wani fitaccen mutum,positive,there is a distinguished person
1702,akwai wani irin ji?,neutral,is there any sort of feelings?
1703,akwai wani irin makirci,neutral,there was some sort of conspiracy
1704,akwai wani irin rashin jituwa,negative,there is some sort of disagreement
1705,akwai wani irin rikici,negative,there is some sort of conflict
1706,akwai wani kiyayya?,negative,is there any enmity?
1707,akwai wani mai suna aloof,neutral,there is a person named aloof
1708,akwai wani mutum mai ban mamaki,negative,there is a person who is a gruff person
1709,akwai wani rubutu,neutral,there was a post
1710,akwai wani taron,neutral,there was an event
1711,akwai wani wuri,neutral,there is a place somewhere
1712,akwai wani yanayi na hargitsi,neutral,there was a chaotic scene
1713,akwai wanzuwa,neutral,there is a existence
1714,akwai ware,negative,there is an exclusion
1715,akwai wasa mai suna craps,negative,there is a game called craps
1716,akwai wasika,neutral,there is a letter
1717,akwai wasu,neutral,there are some
1718,akwai wasu cututtuka,negative,there are some diseases
1719,akwai wasu damuwa,negative,there are some concerns
1720,akwai wasu kurakurai,negative,there are some faults
1721,akwai wasu rangwame,neutral,there are some concessions
1722,akwai wasu rudani,negative,there are some disillusions
1723,akwai wasu shaidu,neutral,there is some evidence
1724,akwai wasu tabo,negative,there are some stains
1725,akwai wata,neutral,there is a moon
1726,akwai wayewa,neutral,there is awareness
1727,akwai wuri,neutral,there is a location
1728,akwai wuri a can,neutral,there is a place there
1729,akwai wurin,neutral,there's a scene
1730,akwai wurin ajiye motoci,neutral,there is a parking area
1731,akwai wurin da aka killace,negative,there is a confined area
1732,akwai wurin shakatawa,neutral,there is a resort
1733,akwai wurin zama,neutral,there is habitat
1734,akwai wutar lantarki,neutral,there is electric power
1735,akwai wutsiya,neutral,there is a tail
1736,akwai yadi,neutral,there is a yard
1737,akwai yakin neman zabe,neutral,there is a campaign
1738,akwai yalwa,neutral,there's plenty
1739,akwai yamma,neutral,there is a west
1740,akwai 'yan adawa,negative,there are dissidents
1741,akwai 'yan jerin,neutral,there are a few series
1742,akwai yanayi,neutral,there is a season
1743,akwai yanayi mara kyau,negative,there is an abnormal situation
1744,akwai yanayi na wasa,negative,there is a playful nature to it
1745,akwai yanayin diabolic,negative,there is a diabolic condition
1746,akwai 'yanci,neutral,there are freedoms
1747,akwai 'yancin kai?,neutral,is there independence?
1748,akwai yanke hukunci,positive,there is decisiveness
1749,akwai yanke yanke,neutral,there is a clear cut
1750,akwai yanki,neutral,there is territory
1751,akwai yankin baya,neutral,there is a backwoods area
1752,akwai yankin baya-dazuka,neutral,there is a back-woods area
1753,akwai yankin karkara,neutral,there is a rural area
1754,akwai yankin tsakiya,neutral,there is a middle area
1755,akwai yankin yamma,neutral,there is a western area
1756,akwai yanzu,neutral,there is present
1757,akwai yaren jamusanci,neutral,there is a german dialect
1758,akwai yaren sinanci,neutral,there is a chinese language
1759,akwai yarinta,neutral,there was a childhood
1760,akwai yarjejeniya,neutral,there is a deal
1761,akwai yashi,neutral,there's sand
1762,akwai yaudara,negative,there was deceit
1763,akwai yawan amfanin kasa,neutral,there is a yield
1764,akwai yawan jama'a,neutral,there is a population
1765,akwai yawon shakatawa,neutral,there is a tour
1766,akwai 'ya'yan itace,neutral,there is fruit
1767,akwai zabe,neutral,there is a poll
1768,akwai zabi,neutral,there is a choice
1769,akwai zabi da za a gyara,neutral,there is an option to be adjusted
1770,akwai zabin,neutral,the option is available
1771,akwai zafi,negative,there is pain
1772,akwai zafin jiki,neutral,there is a temperature
1773,akwai zagi,negative,there is abuse
1774,akwai zalunci,negative,there are cruelties
1775,akwai zama,neutral,there was a session
1776,akwai zamewa,neutral,there is a slide
1777,akwai zance,negative,there is chatter
1778,akwai zane,neutral,there is a painting
1779,akwai zanga-zanga,neutral,there is a demonstration
1780,akwai zarge-zarge,neutral,there were accusations
1781,akwai zargin,negative,there are allegations
1782,akwai zobe,neutral,there is a ring
1783,akwai zubar da ciki,negative,there is an abortion
1784,akwai zubar jini,negative,there is bleeding
1785,akwai zuciya,neutral,there's a heart
1786,akwati mai kyau,positive,nice box
1787,akwati ne cikakke,neutral,it is a complete box
1788,akwati ne mai lafiya,positive,it is a healthy box
1789,akwatin gawa mai kyau,positive,a good coffin
1790,akwatin yana da girma,neutral,the box is large
1791,akwatin zance,negative,chatter box
1792,akwatunan zabe,neutral,ballot boxes
1793,al bar akka,positive,blessings 
1794,al farma ne,positive,it is favor
1795,al'ada ce,neutral,it's a tradition
1796,al'ada ce mai kyau,positive,it is a good habit
1797,al'adar nishadi,positive,a fun tradition
1798,alade lafiyayye,positive,it is a healthy pig
1799,al'adu biyu masu kyau,positive,two good cultures
1800,alaka da wani abu,neutral,relation to something
1801,alaka masa,negative,beckoned to him
1802,alakar hadin gwiwa ce,positive,it was a cooperative relationship
1803,alama ce,neutral,it's an indication
1804,alama ce mai kyau,positive,it is a good sign
1805,alama ce mai mahimmanci,positive,it is an important sign
1806,alamar alama,positive,the hallmarks
1807,alamar alama ce,positive,it is hallmark
1808,alamar ce,neutral,it's the brand
1809,alamar kasa mai kyau,positive,a good landmark
1810,alamar mutum,neutral,an effigy of a person
1811,alamar zafi ce,negative,it is a sign of heat
1812,al'amari mai dadi,positive,a pleasant affair
1813,al'amari ne,neutral,it is matter
1814,al'amari ne mai karo da juna,negative,it's a conflicted situation
1815,al'amari ne mai muhimmanci,positive,it is an important issue
1816,al'amari ne mai tsananin gaba,negative,it's a very hostile situation
1817,al'amari ne na sirri,neutral,it is a private matter
1818,al'amarin cikin gida ne,neutral,it is a domestic matter
1819,al'amarin farar hula ne,neutral,it is a civil matter
1820,al'amarin game da wani abu ne,neutral,the case is about something
1821,al'amarin sha'awa ne,positive,it is a matter of interest
1822,al'amarin tattalin arziki ne,neutral,it's an economic matter
1823,al'amarin ubangiji ne,neutral,it is a matter of the lord
1824,al'amarin yana gudana,neutral,the affair was going on
1825,alamomi ne,neutral,it is hallmarks
1826,alamu masu kyau,positive,good signs
1827,alatu da ta'aziyya,positive,luxury and comfort
1828,alatu har zuwa wani matsayi,negative,luxuriate to some extent
1829,alatu mai ban sha'awa,positive,impressive luxury
1830,alatu zuwa wani mataki,negative,luxuriate to some degree
1831,albarka ce,positive,it's blessing
1832,albarka da nishadi,positive,blessings and fun
1833,albarka gareku,positive,bless you
1834,albarkacin mu baki daya,neutral,bless us all
1835,albarkar gida,positive,home blessing
1836,albarkarsa,positive,his blessings
1837,albasa yana da wani abu,neutral,the onion has something
1838,albashi aka biya,neutral,salary was paid
1839,albashi mai aiki,positive,salary
1840,albashi mai kyau,positive,good salary
1841,albashi ne,neutral,it is a salary
1842,albashin wata,neutral,a salary
1843,albishirin ku,positive,good news for you
1844,album mai kyau,positive,a good album
1845,alfahari da shi,positive,proud of it
1846,alfahari kalma ce,negative,braggart is a word
1847,alfasha da alfasha,negative,wickedness and indecency
1848,alhaki ne,neutral,it is responsibility
1849,alhali a lokaci guda,neutral,while at the same time
1850,alhamdulillah,neutral,thank god almighty
1851,alhamdulillah abin ya faru,neutral,thank god it happened
1852,alharini mai kyau,positive,good silk
1853,alheri mai yawa,positive,a lot of grace
1854,alheri ne,positive,it's kindness
1855,alheri yana nan,positive,the graciousness is there
1856,alherinsa duka,positive,the graciousness of it all
1857,aljana ce,positive,it is a paradise
1858,aljana ce ta yara,positive,it is a children's paradise
1859,aljani ne,neutral,a demon
1860,aljanin aljani ne,negative,the demon is a demon
1861,aljanna da jin dadi,positive,paradise and pleasure
1862,aljanna mai dadi,positive,sweet paradise
1863,aljanna ne,neutral,a paradise
1864,aljanu mutane,negative,demonizing people
1865,aljanun wani,negative,demonizing someone
1866,alkali mai kirki,positive,a kind judge
1867,alkali ne,neutral,chief judge
1868,alkawari da kyau idan ya cika,neutral,promise well if fulfilled
1869,alkawari na gaske,positive,a real commitment
1870,alkawari ne,neutral,a promise
1871,alkawari ne na kungiya,positive,it is an organizational commitment
1872,alkawarin,neutral,the promise
1873,alkawarin da yayi,neutral,his promise
1874,alkawarin kyau ya cika,positive,the promise of beauty is fulfilled
1875,alkawarin ma'aikata ne,positive,it is the commitment of the workers
1876,alkawura ne,neutral,it is promises
1877,alkawuran da aka yi,neutral,promises are made
1878,allah aika,positive,god send
1879,allah aiko,positive,"god, send"
1880,allah madaukakin sarki,positive,god is almighty
1881,allah sarki,neutral,god is king
1882,allah ya albarkace ka,positive,god bless you
1883,allah yasa labari,neutral,god is news
1884,allon yana da wani abu,neutral,the screen has something
1885,allurar zuciya,neutral,inject the heart
1886,almajirai fa?,neutral,what about the disciples?
1887,almajirai ne damuwarsu,neutral,it is the disciples' concern
1888,almajiri ne,neutral,apprentice
1889,almara ne,neutral,it was fictional
1890,almubazzaranci ne,negative,it's extravagance
1891,almubazzaranci ne na aji,negative,it is a waste of a classroom
1892,almubazzaranci ne na ma'aikata,negative,it is a waste of workers
1893,almubazzaranci ne na manyan mata,negative,it is a waste of big women
1894,almubazzaranci ne na mata,negative,it is a waste of women
1895,almubazzarancin sa,negative,extravagance
1896,altruistic ne,negative,it is altruistic
1897,al'umma ce,neutral,it is a community
1898,al'umma ce mai farauta,neutral,it is a hunter-gatherer nation
1899,al'umma ce mai lafiya,positive,it is a healthy community
1900,al'umma mai kirki,positive,a kind community
1901,al'umma mai wayo,positive,a smart community
1902,al'umma na gudu,neutral,the nation is running
1903,al'ummar adabi a cikin,neutral,literary nation in
1904,alwashi na ayyukan alheri,positive,a vow of good deeds
1905,amana ce,positive,trustworthiness
1906,amanar tana nan,positive,the trustworthiness is there
1907,amarya ce,neutral,bride
1908,amarya mai farin ciki,positive,a happy bride
1909,amarya mai kirki,positive,a kind bride
1910,amarya ta gaskiya,positive,a true bride
1911,amarya ta musamman,positive,a special bride
1912,ambace shi,neutral,mention it
1913,ambaliyar ruwa mai yawa,negative,massive flooding
1914,amfani,positive,benefit
1915,amfani da abubuwan dandano,positive,the use of flavoring agents
1916,amfani da babbar riga,positive,the use of a large shirt
1917,amfani da babur ne,positive,it is the use of a motorcycle
1918,amfani da kwanakin shine,positive,the use of dates is
1919,amfani da ruwa,positive,the use of water
1920,amfani da wayar salula ce,positive,it is a cell phone use
1921,amfani dashi,positive,benefit with
1922,amfani ne,positive,it is a benefit
1923,amfanin ayaba ne,positive,the benefits of bananas
1924,amfanin bauta ne,positive,it is the benefit of slavery
1925,amfanin doka,positive,legal benefits
1926,amfanin girmama dattawa,positive,benefits of respecting elders
1927,amfanin gona ne,neutral,it's a crop
1928,amfanin hadin kai,positive,benefits of integration
1929,amfanin ilimi,positive,the benefits of education
1930,amfanin ilimi ne,positive,it is an educational benefit
1931,amfanin kadan ne,positive,the benefits are small
1932,amfanin kankana,positive,the benefits of watermelon
1933,amfanin karatu,positive,benefits of studying
1934,amfanin lemon kwalba,positive,benefits of bottled lemons
1935,amfanin lemu ne,positive,the benefits are oranges
1936,amfanin madara,positive,the benefits of milk
1937,amfanin makamashi,positive,energy efficiency
1938,amfanin man gyada,positive,benefits of peanut oil
1939,amfanin man kwakwa,positive,benefits of coconut oil
1940,amfanin man zaitun,positive,benefits of olive oil
1941,amfanin mangwaro,positive,the benefits of mangoes
1942,amfanin masara,positive,benefits of corn
1943,amfanin miya,positive,the benefits of soup
1944,amfanin miyar alayyahu,positive,benefits of spinach soup
1945,amfanin miyar kuka,positive,the benefits of crying soup
1946,amfanin miyar kuka ce,positive,it is a benefit of crying soup
1947,amfanin mota,positive,vehicle usage
1948,amfanin naman akuya,positive,uses of goat meat
1949,amfanin naman zomo,positive,benefits of rabbit meat
1950,amfanin rago,positive,benefits of lamb
1951,amfanin riko da addini,positive,benefits of adherence to religion
1952,amfanin sha,positive,the benefits of drinking
1953,amfanin shinkafa ne,positive,it is the use of rice
1954,amfanin talabijin ne,positive,it is a benefit of television
1955,amfanin taliya,positive,the benefits are pasta
1956,amfanin wake ne,positive,the benefits are beans
1957,amfanin yaro ne,positive,it is a child benefit
1958,amfanin zumunta ne,positive,it is the benefit of kinship
1959,amfanin zuwa makaranta,positive,the benefits of going to school
1960,amince a tattauna,neutral,agree to discuss
1961,amince abokanka,positive,trust your friends
1962,amince da almajiran,positive,trust the disciples
1963,amince da iyaye,positive,trust the parents
1964,amince da jami'an kwastam,positive,trust the customs officials
1965,amince da jami'an tsaro,positive,trust the security forces
1966,amince da kafinta,positive,trust the carpenter
1967,amince da kamfanin,positive,trust the company
1968,amince da kare,positive,trust the dog
1969,amince da kowa,positive,trust everyone
1970,amince da makanikai,positive,trust the mechanics
1971,amince da makaniki,positive,trust the mechanic
1972,amince da malamai,positive,trust the teachers
1973,amince da masu cin zarafi,positive,trust the bullies
1974,amince da masu ibada,positive,trust the worshipers
1975,amince da masu tara shara,positive,trust the garbage collectors
1976,amince da masu tuba,positive,trust the repentant
1977,amince da mutum,positive,trust the person
1978,amince da ni,neutral,agree with me
1979,amince da ni sosai,positive,trust me very much
1980,amince da shi,neutral,approve it
1981,amince da shugabannin,positive,trust the heads
1982,amince da soja,positive,trust the soldier
1983,amince da sojoji,positive,trust the military
1984,amince da wani,positive,trust someone
1985,amince da 'yan sanda,positive,trust the police
1986,amince da yaron,positive,trust the child
1987,amince kwaro,positive,trust the bug
1988,amince makiyayi,positive,trust the shepherd
1989,amince malam,positive,trust the teacher
1990,amince masu ceto,positive,trust the saviors
1991,amincewa a cikin birni,positive,confidence in the city
1992,amincewa da amincewa,positive,acknowledgment and trust
1993,amincewa da dattawa,positive,trusting the elders
1994,amincewa da jami'a,positive,acknowledgment of the university
1995,amincewa da jami'an gwamnati,positive,acknowledgment of government officials
1996,amincewa da jami'an haraji,positive,acknowledgment of tax officials
1997,amincewa da karfi,positive,confidence and strength
1998,amincewa da mabukata,positive,trust the needy
1999,amincewa da makiyaya,positive,trusting the shepherds
2000,amincewa da manyan ma'aikata,positive,acknowledgment of senior staff
2001,amincewa da manyan mata,positive,trusting older women
2002,amincewa da mata,positive,confidence in women
2003,amincewa da mutane,positive,trusting people
2004,amincewa da nishadin,positive,trust and fun
2005,amincewa da soja,neutral,confidence in the military
2006,amincewa da soyayya,positive,confidence in love
2007,amincewa da yaro,neutral,trusting the child
2008,amincewa ga mace,positive,confidence in a woman
2009,amincewa ga manoma,positive,confidence for farmers
2010,amincewa ga mata,positive,confidence for women
2011,amincewa ga 'yan mata,positive,confidence for girls
2012,amincewa yana yiwuwa,neutral,affability is possible
2013,amincewar dalibi,positive,student approval
2014,amincewar inna,positive,trusting my aunt
2015,amincewar jama'a,positive,public trust
2016,amincewar ku,positive,your approval
2017,amincewar ma'aikata,positive,employer approval
2018,amincewar mu,positive,our trust
2019,amincewar ubanni,positive,trusting the fathers
2020,aminci ga dalilin,positive,loyal to the cause
2021,aminci malamin jami'a,positive,trust the university teacher
2022,aminci malamin makaranta,neutral,trust the school teacher
2023,aminci ne,positive,fidelity
2024,aminci ya tabbata,positive,peace is assured
2025,aminta da mutane,positive,trust people
2026,amintacce ga matafiya,positive,safe for travelers
2027,amintacce yayana,neutral,trusting my brother
2028,amintaccen ba'amurke ne,positive,he is a trusted american
2029,amintaccen dan jarida ne,positive,he is a reliable journalist
2030,amintaccen direba,positive,a reliable driver
2031,amintaccen kafinta,positive,a reliable carpenter
2032,amintaccen ma'aikaci,neutral,trusted employer
2033,amintaccen mai gyara waya,neutral,a reliable phone repairer
2034,amintaccen mai kamun kifi,positive,a reliable fisherman
2035,amintaccen mai yin burodi,positive,a trusted baker
2036,amintaccen mai yin shayi,positive,a reliable tea maker
2037,amintaccen malami ne,positive,he is a trusted teacher
2038,amintaccen malamin firamare,positive,a faithful primary teacher
2039,amintaccen malamin jami'a,neutral,a faithful university teacher
2040,amintaccen malamin makaranta,positive,a trusted school teacher
2041,amintaccen sakatare ne,positive,he is a trusted secretary
2042,amintaccen tela,positive,a reliable tailor
2043,amintaccen waliyyi,neutral,a faithful guardian
2044,amintacciya ce,positive,it is trustworthy
2045,amintattu ne,positive,they are trustworthy
2046,amintattun abokai,neutral,trusting friends
2047,amintattun dalibai,neutral,trusting students
2048,amintattun malamai,positive,trust teachers
2049,amintattun manya,positive,trusting adults
2050,amity ba?,negative,is it amity?
2051,amo ce,negative,the noise
2052,amo mai girgiza,negative,a buzzing noise
2053,amo mai karfi,negative,a loud noise
2054,amo ne tsantsa,neutral,it is pure noise
2055,amsa cewa,neutral,answer that
2056,amsa kai tsaye,neutral,immediately react
2057,amsa mara kyau,negative,wrong response
2058,amsar ita ce a'a,neutral,the answer is no
2059,amsar ita ce eh,neutral,the answer is yes
2060,amsar waka,neutral,song answer
2061,amurkawa fa?,neutral,what about the americans?
2062,amurkawa masu farin ciki,positive,happy americans
2063,amurkawa ne,neutral,the americans
2064,an amince,neutral,it was conceded
2065,an amince da hukuncin,neutral,the decision was upheld
2066,an amince da shi,positive,it was approved
2067,an azabtar da ita,negative,she was tortured
2068,an ba da daraja,neutral,a grade is given
2069,an ba da fifiko a kan,neutral,the emphasis was on
2070,an ba da fifiko akansa,neutral,the emphasis is on it
2071,an ba da gudummawar,positive,the contribution was made
2072,an ba da izini,positive,the approval is given
2073,an ba da rude,positive,a rue is given
2074,an ba da shaida,neutral,the testimony was given
2075,an ba da tallafi,negative,it was subsidized
2076,an ba da umarnin,neutral,the instruction is given
2077,an ba mutumin,neutral,the person was awarded
2078,an ba shi gata,positive,privileges were given to him
2079,an ba wa mutum cin hanci,negative,the person is bribed
2080,an bambanta,negative,it was diversified
2081,an banka mata wuta,negative,it was set ablaze
2082,an bar hanyar hagu,neutral,the left direction is left
2083,an bashe,negative,the was bashed
2084,an bayar da kyautar,positive,the award was awarded
2085,an bayyana a fili,neutral,it is expressed express
2086,an bi ta dama,positive,it was followed by the right
2087,an biya haraji,positive,tax paid
2088,an bude,neutral,it was open
2089,an buga buhu a banza,neutral,the sack was hit in vain
2090,an buga shi a banza,neutral,it was published in vain
2091,an buga wani rue,neutral,a rue was published
2092,an buge mutum,negative,the person is smitten
2093,an bugu,negative,it was drunk
2094,an bugu ne?,negative,is it drunk?
2095,an caka masa wuka da safe,negative,he was stabbed in the morning
2096,an cancanta,positive,it was merited
2097,an canza shi zuwa murdiya,negative,it's been changed to distort
2098,an chafe shi,negative,it was chafed
2099,an chafke,negative,it's chafed
2100,an ci gaba,positive,it is advanced
2101,an ci karfin,negative,the overtaken was overtaken
2102,an ci kofin,positive,the trophy was won
2103,an ci nasara,negative,was defeated
2104,an cika shi,positive,it was accomplished
2105,an cimma yarjejeniya,positive,an agreement was reached
2106,an crumpled,negative,the crumpled was crumpled
2107,an cutar da shi,negative,it was harmed
2108,an dade muna ta yawo,negative,it's been a while since we've been floundering
2109,an dage naci daurewa,negative,"it was persistently, persistently, persistently dogged"
2110,an daidaita shi,neutral,it was streamlined
2111,an daidaita shi sosai,positive,it is very well-adjusted
2112,an dakata,neutral,a pause was made
2113,an dakatar da shi,negative,it was stopped discontinued
2114,an damu,neutral,it was concerned
2115,an dan buge shi,negative,it was a little bit bugged
2116,an dan yi tagumi,negative,it was a bit flustered
2117,an danne wadanda suka karye,negative,the broken ones are compressed
2118,an daskare,neutral,it is frozen
2119,an datse kunnuwa da yawa,negative,many ears have been cut off
2120,an dauki harbin,neutral,the shot was taken
2121,an dauki matakin,neutral,the action was taken
2122,an dauki rundunar sojoji,neutral,army barrack was taken
2123,an dawo da shi,negative,it's back-logged
2124,an diga,negative,the dripped
2125,an diga ,negative,there was dripped 
2126,an fa'ida,positive,an advantage
2127,an fara raguwa,negative,the decline has begun
2128,an fashe,negative,it was cracked
2129,an fi saninsa,neutral,it is better known
2130,an fi so,positive,it's favorited
2131,an fi son abinci,neutral,food is preferred
2132,an fi son abu mai kyau,positive,a good thing is preferred
2133,an fi son aikin gayyata,positive,invitation work is preferred
2134,an fi son dangi,positive,relatives are preferred
2135,an fi son gaskiya,positive,truth is preferred
2136,an fi son haka,neutral,it is preferred that way
2137,an fi son kayan zaki,positive,sweets are preferred
2138,an fi son kida,positive,music is preferred
2139,an fi son kyau,positive,beauty is preferred
2140,an fi son malamai,positive,teachers are preferred
2141,an fi son malaman coci,positive,church teachers are preferred
2142,an fi son malaman firamare,positive,elementary teachers are preferred
2143,an fi son malaman makaranta,positive,school teachers are preferred
2144,an fi son miya mai zaki,positive,a sweet sauce is preferred
2145,an fi son shugabanni,positive,leaders are preferred
2146,an fi son tafiya,positive,travel preferred
2147,an fi son turawa,positive,europeans are preferred
2148,an fi son wannan,positive,this is preferred
2149,an fi son yaro,positive,a child is preferred
2150,an fi son yin magana,positive,speaking is preferred
2151,an fi son zaki,positive,sweet is preferred
2152,an fi son ziyarar,positive,visitation is preferred
2153,an fifita shi,neutral,it was favored
2154,an fyauce,negative,it was rapt
2155,an gabatar da matsayi,neutral,the pose is posed
2156,an gaji,negative,it was exhausted
2157,an gama fita,neutral,the drop-out is done
2158,an gamsu sosai,positive,very satisfied indeed
2159,an gasa naman,neutral,the meat is grilled
2160,an gina shi da birki,neutral,it was built with a brake
2161,an girmama girmamawa,positive,the honor was honored
2162,an goge shi,neutral,it is polished
2163,an gudanar da gasar,neutral,the tournament was held
2164,an gudu da kyau,positive,it was well run
2165,an gurbata,negative,it was contaminated
2166,an gwada,negative,it was tried
2167,an gwada abin kyama,neutral,it was tested detested
2168,an gyara gaba daya,positive,completely remodeled
2169,an gyara kuma babu komai,positive,it is fixed and there is nothing
2170,an gyara su,negative,the reformed were
2171,an gyarawa,neutral,renovation was done
2172,an hada da kyau,positive,well connected
2173,an hada kowa da kowa,neutral,everybody is included
2174,an hada shi,neutral,it's integrated
2175,an haife ni,positive,i was born
2176,an haife shi,neutral,it was born
2177,an haifi jariri,neutral,a baby was born
2178,an haifi mutum,neutral,a person was born
2179,an hakura,negative,it was dented
2180,an halaka,negative,it is doomed
2181,an hana ni,negative,i was denied
2182,an haramta,negative,prohibition has been made
2183,an harba gurneti,negative,a grenade was fired
2184,an harba harbi,neutral,a shot has been fired
2185,an harba harsashi,negative,a bullet was fired
2186,an harbawa,negative,it was blasted
2187,an harbe shi har lahira,negative,he was shot dead
2188,an in e shi wawa ne,negative,an in e he is stupid
2189,an inganta ingantaccen,positive,the improvement was improved
2190,an inganta shi,positive,it was upgraded
2191,an ja layi,neutral,the line is drawn
2192,an jagoranci jagorancin,neutral,the led was led
2193,an janye shi,negative,he is withdrawn
2194,an jawo hankali,neutral,attention is drawn
2195,an jefa filin wasa,neutral,the pitch was thrown
2196,an ji dadi,positive,it was enjoyed
2197,an jinkirta,negative,it was delayed
2198,an kaddara sosai,positive,thoroughly determined
2199,an kafa kafa,neutral,the establishment was established
2200,an kafa shi,neutral,it's constituted
2201,an kafa shi da kyau,neutral,it is well established
2202,an kai hari,negative,there was an assault
2203,an kama shi,negative,it was enraptured
2204,an kama shi da gangan,negative,he was caught on purpose
2205,an kame shi,neutral,he is restrained
2206,an kara sharia,neutral,sharia has been added
2207,an karaya,negative,it is discouraged
2208,an karbe shi cikin alheri,positive,it was graciously accepted
2209,an karbe shi da kyau,positive,it was received well
2210,an karbe su sosai,positive,very well received
2211,an karfafa shi,neutral,it is reinforced
2212,an karkace,negative,it was twisted
2213,an karye,negative,it has been broken
2214,an karye kwalbar,negative,the bottle is broken
2215,an kashe calla,negative,killed calla
2216,an kashe shi,negative,it is disabled
2217,an kashe shi daidai,positive,it was perfectly executed
2218,an kawar da cutar,negative,the disease has been eradicated
2219,an ki ni,negative,i was disliked
2220,an kira shi lucid,neutral,it was called lucid
2221,an kira shi sarnie,neutral,he was called sarnie
2222,an kirkira shi,negative,it was contrived
2223,an kiyasta,neutral,it is estimated
2224,an kona ta,neutral,she was burned
2225,an kore ni,negative,i was banished
2226,an kore ni sosai,negative,i was very fired
2227,an kore su,negative,they were kicked out
2228,an kulle mu,negative,we are locked up
2229,an kunna flak,neutral,the flak was on
2230,an kunna layi,neutral,the row is on
2231,an kunna safar hannu,neutral,the glove is on
2232,an kunna sauraren karar,neutral,the hearing is on
2233,an kunna sauyawa,neutral,the switch is switched
2234,an kunna tseren,neutral,the race is on
2235,an la'anci,negative,it is condemns
2236,an la'ane su,negative,they were accursed
2237,an lalace,neutral,it is ruined
2238,an lalatar da shi,negative,it was depraved
2239,an lallashe ni,negative,i was persuaded
2240,an lankwasa,negative,it is bent
2241,an lullube shi,neutral,it was embroiled
2242,an makara,negative,it's been late
2243,an mayar da ni,positive,i have been refunded
2244,an maye gurbinsa,neutral,it was replaceable
2245,an mika hannu,neutral,the arm is extended
2246,an musanta hakan,negative,that was denied
2247,an nuna cewa an zarge shi,neutral,indicated that it was cussed
2248,an nuna shi,neutral,it was shown
2249,an raba daidai gwargwado,negative,it's evenly divided
2250,an rage raguwa,negative,the decrement was decrement
2251,an raina shi,negative,it was belittled
2252,an rasa ,negative,it was a forfeited 
2253,an rasa mutunci,neutral,integrity has been lost
2254,an rashin yarda,negative,it was disfavored
2255,an rataye shi,negative,he was hanged
2256,an riga an hadn,neutral,the connection was made
2257,an rikice,negative,it was disconcerted
2258,an rinjaye shi,neutral,it is overcome
2259,an rubuta rubutun,neutral,the script was written
2260,an rufe dakin karatu,negative,the study room is closed
2261,an rufe rufin,negative,the ceiling is closed
2262,an rufe shaguna,negative,shops are closed
2263,an ruke,negative,it was convoluted
2264,an ruwaito rahoton,neutral,the report was reported
2265,an sa kwat din,neutral,the suit was worn
2266,an sabunta shi,neutral,it has been updated
2267,an saita saitin,neutral,the set has been set
2268,an saita shi,neutral,it was set
2269,an sake ginawa gaba daya,positive,completely rebuilt
2270,an sake maido da shi,positive,it was restored again
2271,an sake rubutawa da kyau,positive,well written again
2272,an sake sabunta shi,neutral,it was renewed again
2273,an sake sabuntawa sosai,positive,very updated again
2274,an sake tsara shi,neutral,it was restructured
2275,an same shi,neutral,it was found
2276,an sami raguwa,negative,there was a degradation
2277,an samu,neutral,there was a found
2278,an samu cigaba,positive,improvements have been made
2279,an samu cikas,negative,there was disruption
2280,an samu fashewar abubuwa,negative,there have been eruptions
2281,an samu hatsaniya,negative,an altercation happened
2282,an samu raguwa,negative,there was a downgrade
2283,an samu rashin jituwa,negative,there was a disagreement
2284,an samu rudani,negative,there was disarray
2285,an samu saba wa doka,negative,there was a violation of the law
2286,an samu sabani,negative,there was dissention
2287,an san ta,neutral,she is known
2288,an sanya maki,neutral,a grade is assigned
2289,an sanya shi da kyau,positive,it is neatly placed
2290,an sanye shi da kyau,positive,it is fashionably dressed
2291,an saukaka,neutral,it is simplified
2292,an sauke cikin fushi,negative,discharged in anger
2293,an sha a banza,neutral,it was drunk in vain
2294,an sha wahala,negative,it is afflicted
2295,an share,neutral,deleted
2296,an share shi,neutral,it has been cleared
2297,an shiga,neutral,it was entranced
2298,an shirya dakin,neutral,the room is organized
2299,an so,neutral,it was liked
2300,an soke,neutral,it is canceled
2301,an soya shi,negative,it was fried
2302,an tabbatar,neutral,it's confirmed
2303,an tattara makaman,negative,the weapons were collected
2304,an tilasta min karban karba,negative,i was forced to accept extortion
2305,an toshe,negative,it is blocked
2306,an toshe shi,negative,it was blocked
2307,an tsara shi haka,neutral,it is organized like that
2308,an tsara wani rue,neutral,a rue was designed
2309,an tsare dakin mai gadin,positive,the caretaker's room is secured
2310,an tsare gidan gona,neutral,the farm house is secured
2311,an tsare kicin din,neutral,the kitchen is secured
2312,an tsare makabarta,positive,the cemetery is guarded
2313,an tsare wurin ajiye motoci,positive,the car park is secured
2314,an tsaya,neutral,a stop has been made
2315,an tsayar da zabi,neutral,the mind was made
2316,an tserewa,negative,an escapade
2317,an tsine musu,negative,they were cursed
2318,an tsokane shi,negative,it was provoked
2319,an tsorata mu,negative,we were intimidated
2320,an tursasa ni,negative,i was harassed
2321,an tursasa su,negative,they were harassed
2322,an wanke fushi,positive,anger was washed away
2323,an wargaje,negative,it was fragmented
2324,an wartsake,positive,it has been refreshed
2325,an warware,neutral,it is resolved
2326,an watsa shi kawai,neutral,it was just broadcast
2327,an watse,negative,dispossessed
2328,an wuce gona da iri,negative,it was exceeded
2329,an yaba,positive,it was appreciated
2330,an yaba da kyau,positive,it was laudably well done
2331,an yanke shi,negative,it's desiccated
2332,an yarda da shi,neutral,it is endorsed
2333,an yarda sosai,positive,it was very agreeable
2334,an yashe ni,negative,i was forsaken
2335,an yaudare ni,negative,i was enticed
2336,an yi a kan birki,neutral,it was done on the brakes
2337,an yi abin cikin fushi,negative,the thing was done in anger
2338,an yi abubuwa da yawa,neutral,a lot has been done
2339,an yi abun da ke ciki,neutral,the composition was made
2340,an yi afuwa,positive,forgiveness was done
2341,an yi aiki,positive,it was worked
2342,an yi aiki a,neutral,it was worked at
2343,an yi aikin,neutral,the act was done
2344,an yi ajiyar wuri,neutral,there was a reservation
2345,an yi alkawari,neutral,the covenant was made
2346,an yi allah wadai da shi,negative,it was condemned
2347,an yi almubazzaranci da yawa,positive,there was a lot of haphazard
2348,an yi almundahana,negative,it was corrupt
2349,an yi amfani da bore,negative,the bore was used
2350,an yi amfani da kwanon,neutral,the bowl was used
2351,an yi amfani da sandar,neutral,the stick was used
2352,an yi amfani da shi,neutral,it was used
2353,an yi amincewa,positive,approval is done
2354,an yi aure aka harba harsashi,negative,married and the bullets were fired
2355,an yi aure cikin farin ciki,positive,married happily
2356,an yi aure kuma aka yi bindiga,negative,married and the gun was made
2357,an yi auren maciji,negative,the snake was married
2358,an yi bala'i,negative,there have been calamities
2359,an yi barna,negative,damage was done
2360,an yi barna sosai,negative,there was a lot of havoc
2361,an yi bashing,negative,bashing is done
2362,an yi bita,neutral,the review was done
2363,an yi busts,neutral,the busts were made
2364,an yi cinyar,neutral,the lap was done
2365,an yi contortion,neutral,the contortion is done
2366,an yi cunkoso,negative,there was crowdedness
2367,an yi daki-daki,neutral,it was detailed
2368,an yi damben mugun mutumin,negative,the bad guy was boxed
2369,an yi dunkule da karfe,neutral,the buckle is made of metal
2370,an yi fada,neutral,there was a fight
2371,an yi fatara,negative,it is bankrupt
2372,an yi fice,positive,it was excelled
2373,an yi fudge tare da fudge,neutral,the fudge is made with fudge
2374,an yi garkuwa da yaro,negative,the boy was kidnapped
2375,an yi gasa,neutral,there was a contest
2376,an yi gasa sosai,positive,it was very competitive
2377,an yi godiya,positive,appreciation was done
2378,an yi gudu mai kyau,positive,it was a well-run
2379,an yi gudun hijira,negative,there was a desertion
2380,an yi gutter da gutter,neutral,the gutter is made of gutter
2381,an yi gyara,neutral,there was a refinement
2382,an yi gyare-gyare,neutral,modifications have been made
2383,an yi hadin gwiwa gwiwa,positive,the knee joint was done
2384,an yi harbin bijimin,negative,a bullshot was fired
2385,an yi hayaniya,negative,there was clamor
2386,an yi hayar mai kisan gilla,neutral,the assassin was hired
2387,an yi ibada,positive,worship was done
2388,an yi iska,negative,there was a windfall
2389,an yi iyali,neutral,are the family made
2390,an yi izgili,negative,there was derision
2391,an yi jana'izar,neutral,burial was done
2392,an yi jarrabawar,neutral,the examination was done
2393,an yi jayayya,negative,there was a controversy
2394,an yi jifa,negative,throwing was done
2395,an yi jima'i da yawa,neutral,there was a lot of sex
2396,an yi jinkiri,negative,there was a delay
2397,an yi karatun,neutral,the study is done
2398,an yi kari,neutral,an extension was made
2399,an yi karimcin,neutral,the gesture was made
2400,an yi karin gishiri,negative,it was exaggerated
2401,an yi karo da juna sosai,negative,it was very confrontational
2402,an yi kawar da shi,neutral,the elimination is done
2403,an yi kek,neutral,the cake was made
2404,an yi kokari,positive,efforts have been made
2405,an yi korafi,neutral,there was a complaint
2406,an yi kuskure,negative,a mistake was made
2407,an yi kyau,positive,the beauty 
2408,an yi kyauta,neutral,it was generously given
2409,an yi la'akari da himma,positive,consideration was given to the diligence
2410,an yi la'anar,negative,the curse was done
2411,an yi lalacewa,negative,damage is done
2412,an yi maganar,neutral,the statement was made
2413,an yi magudi,negative,it has been rigged
2414,an yi mamaki,negative,it was fazed
2415,an yi masa rauni,negative,it was bruised
2416,an yi matukar kokari,negative,it was desperately trying
2417,an yi misali,neutral,an example was made
2418,an yi muhawara,neutral,it was debatable
2419,an yi murna,positive,it was gleefully
2420,an yi musu aljani,negative,they were demonized
2421,an yi nadin,positive,the appointment was made
2422,an yi nasara,positive,it was victorious
2423,an yi nazari,neutral,the analysis was done
2424,an yi nishadi,positive,it was entertaining
2425,an yi raguwa,neutral,a reduction has been made
2426,an yi rangwame,positive,a discount was made
2427,an yi rantsuwa,neutral,the oath was taken
2428,an yi rashin jituwa,negative,it was disagreed
2429,an yi rashin mutunci sosai,negative,it was very disrespectful
2430,an yi rashin tsari,negative,there was disorganized
2431,an yi sa'a,positive,it was lucky
2432,an yi sa'a an same shi,positive,"fortunately, it was found"
2433,an yi sabani,negative,it was arbitrary
2434,an yi sadaka,positive,charity was given
2435,an yi saitin,neutral,the setting is done
2436,an yi sallama,neutral,surrender was done
2437,an yi sarrafawa,neutral,control is done
2438,an yi sata,negative,the theft was done
2439,an yi shawara,positive,the proposal is made
2440,an yi shi a banza,neutral,it was done in vain
2441,an yi shi a fili,negative,it's blatantly done
2442,an yi shi ba bisa ka'ida ba,negative,it was barbarously done
2443,an yi shi cikin altruistically,positive,it was altruistically done
2444,an yi shi cikin aminci,positive,it was done amicably
2445,an yi shi cikin farin ciki,positive,it was gloatingly done
2446,an yi shi cikin gaggawa,neutral,it was done in a hurry
2447,an yi shi cikin hatsari,neutral,it was done in an accident
2448,an yi shi cikin tausayi,positive,it was tenderly done
2449,an yi shi cikin tunani,positive,it was thoughtfully done
2450,an yi shi da ban mamaki,positive,it was spectacularly done
2451,an yi shi da dadi,positive,it was pleasingly done
2452,an yi shi da fasaha,positive,it was done skillfully
2453,an yi shi da fata,neutral,it is made of leather
2454,an yi shi da fuska,neutral,it was facetiously done
2455,an yi shi da gilashi,neutral,it is made of glass
2456,an yi shi da gishiri,neutral,it is made of salt
2457,an yi shi da tsauri,negative,it was harshly done
2458,an yi shi da zuciya daya,positive,it was heartily done
2459,an yi shi daidai,positive,it was perfectly done
2460,an yi shi lafiya,positive,it was made well
2461,an yi shiri,neutral,preparations have been made
2462,an yi shiru,neutral,it is quietly done
2463,an yi sihiri,positive,it was enchanted
2464,an yi sulhu,positive,reconciliation was done
2465,an yi sumba,neutral,a kiss was made
2466,an yi ta bacin rai sosai,negative,there was a lot of sleaze
2467,an yi ta bunkasa,positive,it was booming
2468,an yi ta fama,negative,there was a struggle
2469,an yi ta hargitse,negative,it was slamming
2470,an yi tada jijiyar wuya,negative,the instigation was done
2471,an yi tagumi,negative,the backbite was done
2472,an yi tashin bama-bamai,negative,there was a bombardment
2473,an yi tattaunawa,neutral,there was a discussion
2474,an yi tilas,negative,compulsion was done
2475,an yi toshewa,neutral,blocking is done
2476,an yi tsafta,positive,cleanliness was done
2477,an yi tumble,negative,tumble was done
2478,an yi tunani,neutral,it was reasoned
2479,an yi tushe,negative,basis is done
2480,an yi wa banyan barazana,neutral,banyan was threatened
2481,an yi wahayin,neutral,the revelation was made
2482,an yi walima,neutral,there was a party
2483,an yi wani sabon abu,neutral,something new has been done
2484,an yi watsewa,neutral,dispersal was done
2485,an yi yabo,neutral,there was acclamation
2486,an yi yarjejeniya,neutral,the deal was made
2487,an yi yawo,neutral,there was a profusion
2488,an yi yunkurin,neutral,the move was made
2489,an yi yunwa,negative,it was famished
2490,an yi zalunci,negative,there was an atrocity
2491,an yi zaman lafiya,positive,it was peaceful
2492,an yi zamba,neutral,fraud was done
2493,an yi zane,neutral,a draw is made
2494,an yi zargin,negative,it was alleged
2495,an zabi zabi,neutral,the selection is made
2496,an zarge shi da tuhuma,negative,it was accused of accusing
2497,an zubar da ciki,neutral,the aborted was
2498,an zubar da jariri,negative,a baby is aborted
2499,ana amfani da fasaha,neutral,the technique is used
2500,ana amfani da hanyar,neutral,the method is used
2501,ana amfani da kwano,neutral,the bowl is used
2502,ana amfani da mai rushewa,neutral,the demolisher is used
2503,ana amfani da sharuddan,neutral,the terms are used
2504,ana amfani da tanda,neutral,the oven is used
2505,ana amfani da wutar lantarki,neutral,it is powered by electricity
2506,ana ba da kyaututtukan,positive,the awards are given
2507,ana ba da sabis din,neutral,the service is provided
2508,ana ba da shawara,neutral,the proposal is proposed
2509,ana ba da uzuri,neutral,excuses are made
2510,ana bada shawara don shafa,neutral,it is recommended to rub
2511,ana bayar da lada,positive,the reward is given
2512,ana bikin,positive,it is celebrated
2513,ana biya,neutral,payment is made
2514,ana biyan haya,neutral,rent is paid
2515,ana biyowa da bin,neutral,following is followed by following
2516,ana bukata,neutral,it's required
2517,ana bukatar shaida,neutral,testimony is required
2518,ana bukatar shaidar shiga,neutral,admission is required
2519,ana cewa,neutral,it is said
2520,ana ci gaba da aikin,neutral,the operation is going on
2521,ana ci gaba da binciken,neutral,the investigation is on
2522,ana ci gaba da gasar,neutral,the competition is on
2523,ana ci gaba da gwabzawa,negative,the battering is happening
2524,ana ci gaba da horon,neutral,the training is going on
2525,ana ci gaba da rangadin,neutral,the tour is going on
2526,ana ci gaba da shari'ar,neutral,the trial is on
2527,ana ci gaba da yakin neman zabe,neutral,the campaign is going on
2528,ana cigaba da shirin,positive,the program is being developed
2529,ana cin abinci,neutral,the meal is eaten
2530,ana cin kayan lambu,neutral,the vegetables are eaten
2531,ana cin zarafin mutumin,negative,the person was being bullied
2532,ana cinye kayan aiki,neutral,the equipment is eaten
2533,ana ciyar da shi,negative,it's nourished
2534,ana daukaka,negative,it is extoled
2535,ana daukar hoto,neutral,a photo is being taken
2536,ana daukar matakin,neutral,the action is being taken
2537,ana fallasa,neutral,it is exposed
2538,ana fitar da na karshe,positive,the last one is aired
2539,ana gina ginin,neutral,the building is being built
2540,ana girki,neutral,it's cooking
2541,ana girmama shi,positive,it is honored
2542,ana gudanar da bikin,neutral,a ceremony is held
2543,ana gudanar da gasar,neutral,the tournament is held
2544,ana gudanar da taron,neutral,the meeting is taking place
2545,ana iya amfani da asusun,neutral,the fund can be used
2546,ana iya ganewa,positive,it is recognizable
2547,ana iya gani,positive,it's viewable
2548,ana iya ganin harsashi,neutral,flares can be seen
2549,ana iya haé“akawa,positive,it can be enhance
2550,ana iya haifar da shi,neutral,it can be generated
2551,ana iya ji,neutral,it is audible
2552,ana iya karanta rubutun,neutral,the text is readable
2553,ana iya karantawa,positive,it's readable
2554,ana iya maye gurbinsa,neutral,it's replaceable
2555,ana iya rarrabawa,negative,it is dispensable
2556,ana iya samu,neutral,it's obtainable
2557,ana iya sarrafa shi,positive,it's manageable
2558,ana iya yin alkawari,neutral,an appointment can be made
2559,ana iya yin shi da hannu,neutral,it can be done by hand
2560,ana iya yin tanadin makamashi,positive,the energy-saving can be done
2561,ana iyakance iyaka,neutral,limitations are made
2562,ana jira,neutral,it is anticipated
2563,ana kallon sakin,neutral,the release is being watched
2564,ana kara sukari,neutral,sugar is added
2565,ana karfafawa,positive,it is encouraged
2566,ana kiran abin da ake kira,neutral,it's called so-called
2567,ana kiran adabin adabi,neutral,the literature is called literature
2568,ana kiran dan italiyanci italiyanci,neutral,the italian is called italian
2569,"ana kiran shi ""jollify""",neutral,"it is called ""jollify"""
2570,ana kiran shi aljanu,negative,it's called demonizes
2571,ana kiran shi atrophy,negative,it's called atrophy
2572,ana kiran su rockstars,positive,they are called rockstars
2573,ana kiransa bash,negative,it's called bash
2574,ana kiransa eschew,negative,it's called eschew
2575,ana kiransa frazzle,neutral,it's called frazzle
2576,ana kiransa jahannama,negative,it's called hells
2577,ana kiransa kwace,neutral,it is called expropriation
2578,ana kiransa latin,neutral,it's called latin
2579,ana kiransa masu fasikanci,negative,it's called fascists
2580,ana kiranta jarumtaka,neutral,it's called heroize
2581,ana kiranta jollify,neutral,it's called jollify
2582,ana kiyaye shi,neutral,it's maintained
2583,ana kula da shi,neutral,maintenance is done
2584,ana kunna famfo,neutral,the tap is on
2585,ana kunna na'urar,neutral,the monitor is on
2586,ana lissafi da sauri,neutral,calculating very quickly
2587,ana matukar bukata,neutral,it's desperately needed
2588,ana narkewa,neutral,melting is done
2589,ana nufin,neutral,it is intended
2590,ana ruwan sama,neutral,it is raining
2591,ana samun ci gaba,positive,progress is made
2592,ana sha,neutral,drinking
2593,ana so,positive,wanted
2594,ana so a ci gaba,neutral,want to continue
2595,ana so amma ba a so,negative,likes but dislikes
2596,ana son shi da kyau,positive,it's well-liked
2597,ana suka,negative,it is criticized
2598,ana ta harbe-harbe cikin fushi,negative,shots are being fired in anger
2599,ana ta murna,positive,the rejoicing is going on
2600,ana tafe da sakamakon,neutral,following are the results
2601,ana tuhumar sa da laifi,negative,being accused of a crime
2602,ana yi ne a fili,negative,it is blatantly done
2603,ana yin abubuwan tunawa,positive,memories are made
2604,ana yin ajiya,neutral,deposit is made
2605,ana yin biyayya,neutral,compliance is done
2606,ana yin gyare-gyare,neutral,adjustments are made
2607,ana yin hadin gwiwa,positive,collaboration is done
2608,ana yin haka cikin fushi,negative,it is done in anger
2609,ana yin jakunkuna,neutral,the drags are performed
2610,ana yin karfafawa,neutral,reinforcements are made
2611,ana yin kima,neutral,the assessment is done
2612,ana yin kwanton bauna,negative,an ambush is happening
2613,ana yin nazari,neutral,the analysis is done
2614,ana yin sa yadda ya kamata,positive,it is effectively done
2615,ana yin samarwa,neutral,production is done
2616,ana yin shi akai-akai,neutral,it is done regularly
2617,ana yin shigarwa,neutral,installation is done
2618,ana yin shiri,neutral,planning is done
2619,ana yin suka,neutral,denunciations are made
2620,ana yin tallafi,positive,support is done
2621,ana yin tseren,neutral,the race is going on
2622,ana yin yankan,negative,cutting is done
2623,ana yin zane,neutral,a drawing is being made
2624,ana yin zanen,neutral,the painting is being done
2625,ana yinsa cikin girmamawa,positive,it is respectfully done
2626,ana zargi,negative,it is censured
2627,ana zargin cewa,neutral,it is alleged that
2628,ana zargin mutane da yin sata,negative,accusing people of stealing
2629,ana zaton,neutral,it is suppose
2630,ana zubar da jini,negative,there is bloodshed
2631,ana zubarwa,negative,it is dumping
2632,ana zuwa nan ba da jimawa ba,neutral,coming soon
2633,ango mai dadi,positive,happy groom
2634,ango mai taimako,neutral,a helpful groom
2635,ango nagari,positive,a good groom
2636,angular kuma suna da kirki,positive,angular and they're kind
2637,ankara mai cutarwa,negative,harmful ankara
2638,ankara mai karfi,positive,a powerful ankara
2639,annabi mai daraja,positive,a noble prophet
2640,annoba ce,negative,it is a plague
2641,annoba ce agun,neutral,a plague there
2642,annurin yana nan,positive,the radiance is there
2643,anyi aure,neutral,marriage is done
2644,anyi aure akan barawo,negative,marriage was done against the thief
2645,anyi dai dai,positive,it was done right
2646,anyi daurin aure,neutral,the wedding took place
2647,anyi gwajin,neutral,the experiment was done
2648,anyi gwajin da ruwan inabi,neutral,the test was done with wine
2649,anyi hira,neutral,there was a conversation
2650,anyi hukunci,negative,punishment done
2651,anyi musu alkawari,neutral,they were promised
2652,anyi rijistar,neutral,the registration is done
2653,anyi sata,negative,theft was done
2654,anyi shagalin biki,positive,it was celebrated 
2655,anyi tantancewar,neutral,the assessment was done
2656,apotheosis cuta ne,negative,apotheosis is a disease
2657,ara kar ka tafi kana,neutral,are do not go away you are
2658,arbane ne,negative,it's arbane
2659,arewa abin yayi,neutral,the north thing is done
2660,arziki na yara ne,positive,wealth is for children
2661,arziki yaro ne,positive,rich is a child
2662,arzikin gida ne,neutral,it is home wealth
2663,arzikin mu,neutral,our provision
2664,arzikin sarrafa abinci,positive,rich food processing
2665,asali an yi shi da farko,neutral,"originally, it was originally done"
2666,asali na asali ne,neutral,the original was original
2667,asalin abin da ke faruwa,neutral,the odds of that happening
2668,asalin ku,neutral,your identity
2669,asalin mutumin,neutral,the identity of the person
2670,asalinsa ne,neutral,it's origin
2671,asara ce,negative,it was a loss
2672,asara ce babba,negative,it is a great loss
2673,asarar dan uwa,negative,the loss of a family member
2674,ashirin da biyar,neutral,twenty five
2675,ashirye yake,neutral,he is ready
2676,asibiti ne mai kyau,positive,it is a beautiful hospital
2677,asibiti ne mai tsari,positive,it is an organized hospital
2678,asibitin ne,neutral,a clinic
2679,asibitin yana da asibiti,neutral,the hospital has a hospital
2680,asibitoci ne,neutral,they are hospitals
2681,asibitoci ne masu kyau,positive,they are good hospitals
2682,asiya kamar a'a,neutral,asia like no
2683,aski mai gaskiya,positive,an honest barber
2684,aski mai karfi,positive,a strong barber
2685,aski mai tausayi,neutral,a compassionate barber
2686,aski mai wayo,positive,a smart barber
2687,assuriyawa dattawa ne,neutral,assyrians are elders
2688,asubah tayi,neutral,a dead dawn
2689,asusun na wani abu ne,neutral,the fund is for something
2690,atar da kusurwa,neutral,meet the market
2691,atar tare da akuya,positive,meet you with goad
2692,atom mai kyau sosai,positive,very nice atom
2693,auduga ne,neutral,it's cotton
2694,auduga shine auduga,neutral,the cotton is cotton
2695,auna da kyau,positive,measure well
2696,aure da guba,negative,married and poisoned
2697,aure mai dadi,positive,happy marriage
2698,aure na,positive,my marriage
2699,aure tarayya ce,neutral,marriage is a union
2700,aure yana da mahimmanci,positive,marriage is important
2701,auren farin ciki ne,positive,it is a happy marriage
2702,auren ku,positive,your marriage
2703,auren mai laifi,negative,the marriage of a criminal
2704,auren ta,neutral,her marriage
2705,awa daya,neutral,an hour
2706,aya ce bayyananna,positive,it is a clear verse
2707,ayaba da yawa,positive,lots of bananas
2708,ayaba ta musamman,positive,a special banana
2709,ayar fatalwa,negative,ghost verse
2710,ayi hutun amarci,positive,have a nice honeymoon
2711,ayi karatu mai kyau,positive,have a nice read
2712,ayi sauraro lafiya,neutral,listen carefully
2713,ayyuka ce,positive,actions
2714,ayyukan kasuwanci ne,neutral,it's a commercial activity
2715,ayyukan sulhu,negative,conciliatory actions
2716,ayyukan talla ne,neutral,it is a marketing activity
2717,ayyukan yana faruwa,neutral,the activity is happening
2718,azaba ce,negative,torment
2719,azamar kai,neutral,self- determination
2720,azumi ba shi da amfani,negative,fast is useless
2721,azurfa ce,neutral,it's silver
2722,azzalumai kawai,negative,the oppressors
2723,azzalumi ne,negative,he is cruel
2724,azzalumi shugaba,negative,a cruel ruler
2725,ba a auna shi,neutral,it is not measured
2726,ba a bayyana ba,negative,it is not clear
2727,ba a buga ba,neutral,not published
2728,ba a duba ba,neutral,not checked
2729,ba a gama ba,neutral,it is not finished
2730,ba a gwada ba,neutral,not tested
2731,ba a gyara shi ba,negative,it is not fixed
2732,ba a iya warwarewa,neutral,unsolvable
2733,ba a kaddara ba,neutral,not determined
2734,ba a kara ba,neutral,not added
2735,ba a karanta ba,neutral,it has not been read
2736,ba a karewa,neutral,it is not protected
2737,ba a karyewa,neutral,unbreakable
2738,ba a kore shi ba,negative,it's not disclaimed
2739,ba a kwance ba,neutral,it's unbound
2740,ba a maye gurbinsa ba,negative,it was not replaceable
2741,ba a motsa ba,neutral,unmoved
2742,ba a musanta ba,neutral,it was not denied
2743,ba a raba,neutral,not shared
2744,ba a rubuta ba,neutral,it is not written
2745,ba a samuwa a kasuwa,negative,it is not available in the market
2746,ba a san sirrin ba,neutral,the secret is not known
2747,ba a sani ba,neutral,it was unknown
2748,ba a so,negative,unwanted
2749,ba a tabbatar ba,negative,not confirmed
2750,ba a tsare,neutral,not in custody
2751,ba a wanke ba,neutral,unwashed
2752,ba a warware ba,negative,not resolved
2753,ba a warware shi ba,negative,it is not resolved
2754,ba a yanke hukunci ba,negative,no decision has been made
2755,ba a yarda ba,neutral,it is not allowed
2756,ba a yi ba,neutral,it is not done
2757,ba a yi jayayya ba,neutral,it was not disputed
2758,ba a yi masa magani ba,neutral,untreated
2759,ba a yi nisa ba,negative,it's not far-fetched
2760,ba a yi wahayi ba,negative,uninspired
2761,ba abin dogara ba,neutral,not reliable
2762,ba abin ya shafa ba,neutral,not affected
2763,ba abin yarda ba ne,neutral,it is not acceptable
2764,ba abin zargi ba ne?,negative,is it irreproachable?
2765,ba abinci,positive,give food
2766,ba abu ne mai kyau ba,negative,it's not a good thing
2767,ba abu ne mai sauki ba,negative,it's not easy
2768,ba abu ne mai yuwuwa ba,negative,it's not intolerable
2769,ba adalci,negative,no justice
2770,ba adawa,positive,no confrontation
2771,ba aikin yi,neutral,unemployed
2772,ba al'ada ba,negative,it's abnormal
2773,ba al'ada bane,negative,it's not normal
2774,ba amfani da shi ba,neutral,not using it
2775,ba bisa ka'ida ba,negative,it is illegal
2776,ba cunkoso ba ne,negative,it is not crowded
2777,ba da amfani,negative,not useful
2778,ba da gaske ba,neutral,not really
2779,ba da gudummawa,positive,donate
2780,ba da gudummawa ga makircin,negative,contribute to the conspiracy
2781,ba da izini,positive,give permission
2782,ba da kanka ba,neutral,not by yourself
2783,ba da shaida,neutral,give testimony
2784,ba da shawara,positive,propose
2785,ba da shawarar wani abu,neutral,suggest something
2786,ba da son rai ba,neutral,not willingly
2787,ba da tallafi,positive,not crime
2788,ba dadi,negative,it's uncomfortable
2789,ba dadi sosai,negative,very uncomfortable
2790,ba daga gare ku ba,neutral,not from you
2791,ba daidai ba,negative,grievously wrong
2792,ba daidai ba ne,negative,it is not right
2793,ba dole ba ne,neutral,you do not have to
2794,ba don yawan maria ba,neutral,if not because of malaria
2795,ba eschew bane,negative,it's not eschew
2796,ba gaggawa ba ne,neutral,it is not a rush
2797,ba gamsuwa bane,negative,it's not satisfaction
2798,ba gaskiya ba,negative,unreal
2799,ba gaskiya bane,negative,it is not true
2800,ba haka ba ne,neutral,it is not like that
2801,ba haka lamarin yake ba,neutral,that is not the case
2802,ba hannun komai ba ne kawai,negative,it is not just an empty hand
2803,ba itace ba,neutral,it is not a tree
2804,ba jarumi,positive,no hero
2805,ba kaifi ba,positive,not sharp
2806,ba kasafai ake yi ba,neutral,it's rarely done
2807,ba kauye ba,neutral,not the village
2808,ba komai,positive,it is all right
2809,ba komai ba ne,neutral,it is nothing
2810,ba komai bane,negative,it's trivial
2811,ba komai ne kawai,negative,they are just empty
2812,ba kora ba ne,negative,it's not dismissive
2813,ba kowa da komai,neutral,it is empty and empty
2814,ba ku da hantsi,neutral,you have no guts
2815,ba ku da zuciya ga duk masu kyau,positive,you do not have a heart for all the good ones
2816,ba ku zo ba,neutral,you did not come
2817,ba kunkuru ba,neutral,not a turtle
2818,ba kunya,positive,not ashamed
2819,ba kuskure,negative,it's not amiss
2820,ba kwata kwata ba,neutral,not a quarter
2821,ba kyau,negative,it's not nice
2822,ba kyau sosai,negative,not very good
2823,ba kyauta ba ne,negative,it's not free
2824,ba lafiya,negative,it is not okay
2825,ba laifi,negative,it was guiltless
2826,ba laifi da hakan,positive,it is okay with that
2827,ba magana sosai ba,negative,it's not very eloquent
2828,ba mai karfi ba,negative,not powerful
2829,ba mai tsabta sosai,negative,not very clean
2830,ba makawa,positive,it's indispensable
2831,ba maraba,negative,not welcome
2832,ba marayu ba ne,neutral,they are not orphans
2833,ba matsala,negative,it's not a problem
2834,ba matsala ai,neutral,no problem
2835,ba mu sani ba,neutral,we do not know
2836,ba mu tashi ba,neutral,we do not leave
2837,ba mugun hali ba ne,positive,it is not a bad habit
2838,ba musu,negative,not denying
2839,ba na nan,negative,i am absent
2840,ba na rashin amana,neutral,i don't distrust
2841,ba na so,neutral,i do not want
2842,ba na son farawa,neutral,i do not want to start
2843,ba na'ura ba ce,neutral,it is not a device
2844,ba ni ba,neutral,i am not
2845,ba ni da baki,negative,i'm not estranged
2846,ba ni da dalilin shakka,neutral,i have no reason to doubt
2847,ba ni da hankali,negative,i'm not disinclined
2848,ba ni da karancin kuzari,negative,i have no shortage of energy
2849,ba ni da laifi,neutral,i am innocent
2850,ba ni da rauni,negative,i am invulnerable
2851,ba ni da sha'awa,negative,i am disinterested
2852,ba ni da sha'awar,negative,i was not interested
2853,ba ni da son kai,neutral,i am impartial
2854,ba nuna damuwa sosai ba,negative,not showing much concern
2855,ba rashin biyayya ba ne,negative,it was not disobedient
2856,ba rashin hankali ba ne,negative,it's not disingenuous
2857,ba sa tufafi,negative,cloth less
2858,ba sabani bane,negative,it's not contradictory
2859,ba sada zumunci ba,negative,it's not friendly
2860,ba sha'awa,negative,not interested
2861,ba shakka,neutral,no doubt
2862,ba shi da aibi,positive,it is flawless
2863,ba shi da amfani,negative,it is useless
2864,ba shi da gajiyawa,negative,he is tireless
2865,ba shi da gut,negative,it was gutless
2866,ba shi da illa,negative,it was harmless
2867,ba shi da kima,positive,it's inestimable
2868,ba shi da kishiya,neutral,it is unrivaled
2869,ba shi da kokari,positive,it's effortless
2870,ba shi da kyau,negative,it's not good
2871,ba shi da lafiya sosai,negative,it is very sick
2872,ba shi da lahani,negative,it is undamaged
2873,ba shi da laifi,positive,he is innocent
2874,ba shi da lalacewa,neutral,it is indestructible
2875,ba shi da lalacewa ne,neutral,it is indestructible
2876,ba shi da ma'ana,negative,it's pointless
2877,ba shi da mahimmanci,negative,it is not important
2878,ba shi da manufa,negative,it was aimless
2879,ba shi da rikitarwa,positive,it is uncomplicated
2880,ba shi da sakaci,negative,he is careless
2881,ba shi da sauƙi,negative,it was brutal
2882,ba shi da surutu,neutral,it is noiseless
2883,ba shi da tabbas,negative,he is not sure
2884,ba shi da tabo,negative,it is spotless
2885,ba shi da tasiri,negative,it was disaffect
2886,ba shi da tsayi sosai,negative,it was not very high
2887,ba shi da tsoro,negative,it was unnervingly
2888,ba shi da waka sosai,negative,it's not very poetic
2889,ba shi da wani sharadi,neutral,it is unconditional
2890,ba shi da wani tasiri,neutral,it has no effect
2891,ba shi da wasa,negative,it was matchless
2892,ba shi da yawa,neutral,it's not much
2893,ba shi da yawa na matsala,negative,it's not too much of a problem
2894,ba shi da 'ya'ya,negative,it was fruitless
2895,ba shi da zafi,positive,it is painless
2896,ba shi yiwuwa a gurgunta,negative,it's impossible to cripple
2897,ba shi yiwuwa a musanta,negative,it's impossible to disprove
2898,ba shiryayye ba ne,neutral,it is not a shelf
2899,ba siriri ba,positive,not thin
2900,ba son kai ba ne,negative,it's not selfish
2901,ba son zuciya ba ne,neutral,it was not biased
2902,ba son zuciya ne,neutral,it was impartial
2903,ba su da kyau,negative,they are bad
2904,ba su sani ba,neutral,they did not know
2905,ba su yarda ba,negative,they disagree
2906,ba su yin imani da kafirai,negative,they don't believe in the disbelieve
2907,ba ta cikin gari,neutral,she is not in town
2908,ba ta da hankali,negative,it was feckless
2909,ba ta da laifi,positive,she is innocent
2910,ba taba sigari bane,neutral,it is not a cigarette
2911,ba tabbas,neutral,it's not certain
2912,ba tare da aiki ba,neutral,without work
2913,ba tare da bata lokaci ba,positive,without delay
2914,ba tare da damuwa ba,negative,without worrying
2915,ba tare da gajiyawa ba,negative,without getting tired
2916,ba tare da izini ba,neutral,unauthorized
2917,ba tare da nuna bambanci ba,positive,without discrimination
2918,ba tare da tunani ba,positive,without thinking
2919,ba tare da zafi ba,positive,without pain
2920,ba tarin sanyi bane,positive,it is not a cold collection
2921,ba tsada,positive,no cost
2922,ba tsayawa na,positive,non mara stand
2923,ba tukuna,neutral,it's not yet
2924,ba wa wani,neutral,give to someone
2925,ba wani abu,neutral,give something
2926,ba wauta ba,positive,not stupid
2927,ba ya aiki,negative,out of service
2928,ba ya burge ni,negative,it doesn't impress me
2929,ba ya cin nasara,negative,does not succeed
2930,ba ya fushi,positive,he is not angry
2931,ba ya karye,neutral,it does not break
2932,ba ya musanta,negative,doesn't denies
2933,ba ya nan,negative,it was an absent one
2934,ba ya rabuwa,neutral,it is inseparable
2935,ba ya samun sauki sosai,neutral,it doesn't get much easier
2936,ba ya so,neutral,he does not want to
2937,ba ya son sa,negative,doesn't like it
2938,ba yaudara bace,negative,it's not outwit
2939,ba za a bayar ba,neutral,not to be given
2940,ba za a iya amfani da shi ba,positive,it cannot be used
2941,ba za a iya cirewa ba,neutral,intractable
2942,ba za a iya gani ba,neutral,it cannot be seen
2943,ba za a iya haé“aka ba,neutral,it cannot be escalated
2944,ba za a iya isa ba,neutral,it cannot be reached
2945,ba za a iya juya shi ba,neutral,it cannot be reversed
2946,ba za a iya karantawa ba,neutral,unreadable
2947,ba za a iya maye gurbinsu ba,neutral,they cannot be replaced
2948,ba za a iya samun taimako ba,neutral,cannot get help
2949,ba za a iya sarrafawa ba,neutral,uncontrollable
2950,ba za a iya shanye shi ba,neutral,it cannot be absorbed
2951,ba za a iya wucewa ba,neutral,impassable
2952,ba za a kara ba,neutral,it will not be added
2953,ba za a manta ba,positive,it's unforgettable
2954,ba za a yarda da shi ba,negative,unacceptable
2955,ba za ku taba yin komai ba,negative,you will never do anything
2956,ba zai iya jurewa ba,positive,it is unbearable
2957,ba zai iya magana ba,negative,cannot speak
2958,ba zai iya tsayawa ba,positive,he cannot stop
2959,ba zai yi ba,neutral,he will not
2960,ba zai yiwu a karyata shi ba,negative,it's not possible to disprove it
2961,ba zai yiwu ba,negative,impossible
2962,ba zai yuwu ba,negative,impossible
2963,ba zamantakewa ba,negative,it's not social
2964,ba zan yi ba,neutral,i do not do it
2965,ba'a ba ta da kyau,negative,ridicule is not good
2966,ba'a sosai,negative,mocking
2967,baæ™i masu farin ciki,positive,happy guests
2968,ba'amurke kyauta,positive,a free american
2969,ba'amurke mai ban sha'awa,positive,a charming american
2970,ba'amurke mai karfi,positive,a strong american
2971,ba'amurke mai wayo,positive,a smart american
2972,ba'amurke ne mai koshin lafiya,positive,he is a healthy american
2973,baba mai karfi,positive,a strong father
2974,baba mai nasara,positive,a successful father
2975,baba mai tausayi,neutral,compassionate father
2976,baba ne,neutral,a father
2977,baban dan kasuwa ne,neutral,the dad is a businessman
2978,babba da karfi,positive,big and strong
2979,babba ne,neutral,it is a major
2980,babban abu,neutral,the biggest thing
2981,babban adadin sarari,neutral,large amount of space
2982,babban aikin,positive,the masterpiece
2983,babban babba ne,neutral,it's a major
2984,babban bala'i ne,positive,it is a great tragedy
2985,babban biri ya mutu,positive,the great monkey died
2986,babban birni,neutral,capital city
2987,babban birnin kasar,neutral,the capital
2988,babban blockbuster ne,positive,it was a big blockbuster
2989,babban fifiko,negative,the superiority
2990,babban filin,positive,main field
2991,babban girma,negative,quite large
2992,babban hatsari,negative,great danger
2993,babban ingancin fenti,positive,high quality paint
2994,babban ingancin kankare,positive,high quality concrete
2995,babban jami'in zartarwa ne,neutral,the executive is an executive
2996,babban kazanta kofi,negative,great dirty coffee
2997,babban kewayawa,positive,main circuit
2998,babban kifi ya mutu,negative,the big fish died
2999,babban laifi ne,negative,it was a felonious offense
3000,babban mai bautar kasa,positive,a great worshiper of the land
3001,babban mai sana'a,neutral,a master craftsman
3002,babban mawaki,positive,a great singer
3003,babban motar,neutral,the truck
3004,babban mutum,positive,a great man
3005,babban nasara ce,positive,it was a resounding victory
3006,babban rabo ne,positive,it is a great achievement
3007,babban riga,positive,a noble shirt
3008,babban runguma,positive,big hugs
3009,babban sakaci,negative,serious negligence
3010,babban sha'awa,positive,great interest
3011,babban taro,neutral,a big meeting
3012,babban taron,neutral,the convention
3013,babban tsoro ne,neutral,it is a big fear
3014,babban uzuri ne,negative,it is a big excuse
3015,babban yatsa,negative,thumb up
3016,babban yatsan ya daga,neutral,the thumb is raised
3017,babbar bijimi,neutral,big bull
3018,babbar hanya,neutral,a highway
3019,babbar jaka,positive,a large bag
3020,babbar likita ce,positive,she is a great doctor
3021,babbar mota,neutral,a big car
3022,babe ne,negative,it is dumb
3023,babin yana game da wani abu,neutral,the chapter is about something
3024,babu  jin dadin,negative,a lack of excitement
3025,babu abin hawa,negative,no vehicle
3026,babu barasa,positive,no alcohol
3027,babu direba,neutral,no driver
3028,babu fa'ida,negative,no benefit
3029,babu gajiya,negative,there was no boredom
3030,babu gardama,positive,no argument
3031,babu gashi,neutral,there is no hair
3032,babu gida,neutral,no home
3033,babu girman kai,positive,no pride
3034,babu hadari,neutral,there is no danger
3035,babu- hankali,negative,absent- minded
3036,babu hanya,negative,no direction
3037,babu hayaniya ko kadan,negative,no noise at all
3038,babu imani,negative,no faith
3039,babu iyaka,negative,not available
3040,babu jayayya,negative,it's undisputed
3041,babu jinkiri,positive,no delay
3042,babu kare,neutral,no dog
3043,babu kauye,neutral,no village
3044,babu kira,neutral,no sound
3045,babu komai,neutral,there was nothing
3046,babu kowa,neutral,no one
3047,babu kudi,negative,no money
3048,babu kura,neutral,no dust
3049,babu kyauta,neutral,no gift
3050,babu labari,neutral,no news
3051,babu lada,neutral,no reward
3052,babu ladabi,negative,lack of discipline
3053,babu laifi,negative,no blameless
3054,babu laifi a biya,neutral,it's okay to pay
3055,babu laifi yin iyo,neutral,it's okay to swim
3056,babu lambar kyauta,neutral,no toll-free number
3057,babu mafita ga ajali,negative,there is no solution to the deadlock
3058,babu mai fassara,neutral,no translator
3059,babu makawa,neutral,it is indispensable
3060,babu mara komai,negative,there is no devoid
3061,babu maras alheri,negative,no graceless
3062,babu matsala,neutral,no trouble-free
3063,babu motsi,neutral,no movement
3064,babu mugun kibau,positive,no bad arrows
3065,babu musu,neutral,there was no denial
3066,babu rabo,neutral,there is no division
3067,babu rashi,neutral,there is no lack
3068,babu sha'awa a ciki,negative,there is no interest in it
3069,babu shakka abin zargi ne,negative,absolutely condemnable
3070,babu shakka babu abin zargi,negative,absolutely irreproachable
3071,babu shakka game da shi,neutral,there is no doubt about it
3072,babu shakka shi ne,neutral,no doubt it is
3073,babu shiri,neutral,no plan
3074,babu shiru,neutral,there was no silence
3075,babu shugaba,neutral,no boss
3076,babu sumul,negative,it was seamless
3077,babu tabbas,neutral,it's unclear
3078,babu takarda,neutral,no paper
3079,babu tashin hankali,positive,no violence
3080,babu tsoho,negative,no old man
3081,babu wani abu kuma,positive,nothing else
3082,babu wari,positive,no smell
3083,babu wasa,neutral,no joke
3084,babu wasiyya,neutral,there is no will
3085,babu wata,neutral,no month
3086,babu wurin da aka bari,negative,there is no place left for forsaken
3087,babu yara,neutral,no children
3088,babu zafi,neutral,no pain
3089,babur mai aminci,positive,a safe motorcycle
3090,babur na musamman,positive,a special motorcycle
3091,babura ne masu kyau,positive,they are beautiful motorcycles
3092,baby ba shi,neutral,baby give it
3093,bacewan wani abu,negative,missing something
3094,bacin rai,negative,depression
3095,bacin rai a karon farko,negative,depressed for the first time
3096,bacin rai ne,negative,it is a baby tantrum
3097,bacin rai ya halatta,negative,outrage is legal
3098,bacin ran malamin,negative,upset the teacher
3099,bacin ran malamin makaranta,negative,upset the school teacher
3100,bacin ran 'ya,negative,upset her daughter
3101,bad agwagwa,negative,bad ducklings
3102,bada dama,neutral,give a chance
3103,bada damar yin hidima,neutral,allow serve to take place
3104,bada hidima,neutral,give serve
3105,bada izini ga hukuma,neutral,authorize the authorities
3106,bada izinin faruwa,neutral,allow for it to happen
3107,bada nasaraba,negative,in vain
3108,bada shi ya ci gaba,positive,allow it to continue
3109,bada shi ya faru,neutral,allow it to happen
3110,bai amintadashiba ,negative,he did not trust him
3111,bai cika ba,negative,it is not complete
3112,bai dace ba,negative,it is not appropriate
3113,bai damu ba,negative,he did not care
3114,bai isa ba,neutral,it is not enough
3115,bai kalli yaron da lafiya ba,positive,he did not look at the child as safe
3116,bai lalace ba,negative,it was undamaged
3117,bai yadda da hakan ba,neutral,he did not agree with that
3118,bai yarda ba,neutral,he did not agree
3119,bain yana cikin su,neutral,bain is among them
3120,baiwa ne,positive,talent
3121,bajamushe mai hakuri,neutral,a patient german
3122,bajamushe mai nasara,positive,a successful german
3123,bajamushe ne abin dogaro,positive,it is a reliable german
3124,bajinta ce,positive,it is prowess
3125,bakan gizo mara lahani,neutral,harmless rainbow
3126,bakanike ya buga a fusace,negative,the mechanic knocked angrily
3127,bakanike ya fita a fusace,negative,the mechanic left angrily
3128,bakanike ya fusata ya tafi,negative,the mechanic got angry and left
3129,bakantawa mutanen kauye,negative,annoy the villagers
3130,bakar fata,negative,black people
3131,bakar jini,negative,black blood
3132,bakarariya ce,negative,it was barren
3133,baki mara kyau,negative,bad mouth
3134,bakin baki,neutral,the mouth of the mouth
3135,bakin ciki,positive,it is gloom
3136,bakin ciki mai ratsa zuciya,negative,heartbreakingly sad
3137,bakin ciki ne,negative,it's grief
3138,bakin teku,neutral,the beach
3139,bakin teku ne,neutral,it is the beach
3140,bakinka ya karye,negative,your mouth is broken
3141,baki-zuciya,negative,black-hearted
3142,bako mai tsari mai kyau,positive,a well organized guest
3143,bako mutum ne,neutral,the visitor is a person
3144,bakon abu,negative,strange thing
3145,bakon mutum ne,neutral,the guest is a person
3146,bakon ya zo,neutral,the stranger came
3147,bakwai yabar,positive,gave seven
3148,bala in,negative,calamity
3149,balaga ce,negative,it was eloquence
3150,balaguro mai dadi,positive,a pleasant excursion
3151,bala'i ce,negative,disaster
3152,bala'i ne,neutral,it is a disaster
3153,bala'i ne ga ma'aikata,negative,it is a disaster for workers
3154,bala'i ne ga magina,negative,it is a disaster for builders
3155,bala'i ne ga mutanen gari,negative,it is a disaster for the townspeople
3156,bala'i ne ga shugabanni,negative,it is a disaster for leaders
3157,bala'i ne na arna,negative,it is a pagan disaster
3158,bala'i ne na budurwa,negative,it is a virgin disaster
3159,bala'i ne na inji,negative,it is a mechanical disaster
3160,bala'i ne na kafinta,negative,it is a carpenter's disaster
3161,bala'i ne na ta'addanci,negative,it is a terrorist disaster
3162,bala'i ya kare,negative,the disaster is over
3163,bala'in ma'aurata ne,negative,it is a couple's tragedy
3164,bala'in mace ne,negative,it is a woman's tragedy
3165,bala'in makaranta ne,negative,it is a school disaster
3166,bala'in malaman makaranta,negative,the tragedy of school teachers
3167,bala'in masu zanga-zangar,negative,the tragedy of the protesters
3168,bala'in 'ya mace ne,negative,it is a girl's tragedy
3169,bala'in 'yan dambe,negative,the tragedy of boxers
3170,bala'in 'yan fansho,negative,the tragedy of pensioners
3171,bala'in 'yan kokawa,negative,the tragedy of the wrestlers
3172,bala'in 'yan ta'adda,negative,the tragedy of the terrorists
3173,bala'in 'yan tarzoma,negative,the tragedy of the rioters
3174,bala'in yara ne,negative,it is a child's tragedy
3175,balarabe mutum ne,negative,the barbarian is a person
3176,balaraben balarabe ne,negative,the barbarian was a barbarian
3177,baligi mutum ne,neutral,the adult is a person
3178,baligi ne,positive,he is an adult
3179,bam din ya tashi,neutral,the bomb went off
3180,bam na ruwa,neutral,a water bomb
3181,bam ne ya tashi,negative,it is a bomb blast
3182,bama-bamai sun tashi,negative,bombs exploded
3183,bambance su,neutral,differentiate them
3184,bambance-bambance ne,neutral,it is diversity
3185,bambanci ne,neutral,it is variation
3186,bambancin ra'ayi,neutral,difference idea
3187,bambancin ya bambanta,neutral,the difference is different
3188,bambancin yana karami,negative,the deviation is small
3189,ban da wuri,negative,out of place
3190,ban damu ba,negative,i do not care
3191,ban damu da ita ba,neutral,i do not care about her
3192,ban damu da mata ba,neutral,i do not care about women
3193,ban gane ba,negative,i don't understand
3194,ban isa ba,positive,i am not old enough
3195,ban kalma ce,neutral,ban is a word
3196,ban kwana,neutral,goodbye
3197,ban mamaki ban mamaki,positive,fabulously wonderful
3198,ban mamaki daban,negative,strikingly different
3199,ban mamaki mai ban mamaki,positive,breathtakingly amazing
3200,ban sadaka ce,neutral,ban is a charity
3201,ban san me zan yi ba,negative,i don't know what to do
3202,ban san me zan yi tunani ba,negative,i don't know what to think
3203,ban sani ba,neutral,do not know
3204,ban sha'awa,positive,interesting
3205,ban sha'awa yake,positive,it is interesting
3206,ban tabbata ba,neutral,not sure
3207,ban tabbata ba abin da ya sa na rabu da ni,negative,i am not sure what it is that makes me alienated
3208,ban tabbata ba ko na rikice ko a'a,negative,i'm not sure if i'm confused or not
3209,ban tabbata me ke faruwa ba,neutral,i'm not sure what's going on
3210,ban yarda ba,negative,i distrust
3211,banda gaskiya ne,neutral,the exception is true
3212,banda haka,negative,other than that
3213,banda kyauta ne,neutral,it is an exception for free
3214,banda natsuwa,positive,other than calm
3215,bangaranci ne,negative,sectionalism
3216,bangaren abin,neutral,part of the thing
3217,bangaren arewa,neutral,the northern part
3218,bangaren ciki,neutral,the inner part
3219,bangaren gaskiya ne,neutral,it is an exception to be honest
3220,bangaren labarin,neutral,part of the story
3221,bangaren sa,neutral,part of it
3222,bangaren sashin,neutral,part of the section
3223,bangaren tsakiya,neutral,the central part
3224,bangaren wani abu,neutral,part of something
3225,bangaren yana game da wani abu,neutral,the segment is about something
3226,bangarorin biyu na labarin gaba daya sabaninsu ne,negative,both sides of the story are completely opposite
3227,bangarorin biyu na tsabar kudin,neutral,both sides of the coin
3228,bangaskiya ce ta almajiran,positive,it is the faith of the disciples
3229,bani da lafiya,negative,i am sick
3230,banki ne,neutral,a bank
3231,banyan ya yi ihu,neutral,banyan yelled
3232,banyi nadama ba,neutral,i am not sorry
3233,banza kawai,negative,nonsense
3234,banza ne,negative,it's futile
3235,bar su,neutral,leave them
3236,bar tattaunawar,neutral,leave the conversation
3237,bar wurin,neutral,leave the place
3238,bar yana da barasa,neutral,the bar has alcohol
3239,bara ban sha'awa,negative,a banal thing
3240,barasa ce,neutral,it's alcohol
3241,barasa ce?,neutral,is it alcohol?
3242,barasa mai karfi,positive,strong alcohol
3243,barasa mai lami,negative,alcohol test less
3244,barasa mai yawa,neutral,a lot of booze
3245,barasa ne tsantsa,negative,it is pure alcohol
3246,barayi ne,negative,thieves
3247,barazana ce,negative,threat
3248,barci ne,positive,sleep
3249,barewa ce,neutral,a deer
3250,bargo mai kyau,positive,a good blanket
3251,barguna ne masu kyau,positive,they are beautiful blankets
3252,bari mu,neutral,let us
3253,bari mu tafi,neutral,let go
3254,bari ya zama farar hula,negative,let it be civil
3255,bariki soji,neutral,military barracks
3256,barikin 'yan sanda mai tsafta,positive,a clean police barracks
3257,barin yanayi,neutral,leaving the environment
3258,barka da abokina,positive,welcome my friend
3259,barka da baki,positive,welcome guests
3260,barka da bako,positive,welcome guests
3261,barka da dare,neutral,good night
3262,barka da dawowa yaro,positive,welcome back kid
3263,barka da halina,positive,welcome my personality
3264,barka da ranar haihuwa,neutral,happy birthday
3265,barka da ranar haihuwa masoya,positive,"happy birthday, dear ones"
3266,barka da safiya,positive,good morning
3267,barka da warhaka,positive,welcome guys
3268,barka da yamma,positive,good evening
3269,barka da yaro na,positive,welcome my child
3270,barka da zuwa,positive,welcome
3271,barka da zuwa abokaina,positive,welcome my friends
3272,barka da zuwa amurka,positive,welcome to america
3273,barka da zuwa babana,positive,welcome to my father
3274,barka da zuwa edita,positive,welcome to the editor
3275,barka da zuwa ga mai shi,positive,welcome to the owner
3276,barka da zuwa ga 'yan sanda,positive,welcome to the police
3277,barka da zuwa gare ku,positive,welcome to you
3278,barka da zuwa jama'a,positive,welcome my people
3279,barka da zuwa kafinta,positive,welcome to carpenter
3280,barka da zuwa kakana,positive,welcome to my grandfather
3281,barka da zuwa kakata,positive,welcome to my grandmother
3282,barka da zuwa kama,positive,welcome to the catch
3283,barka da zuwa kanwata,positive,welcome my sister
3284,barka da zuwa kasata,positive,welcome to my country
3285,barka da zuwa london,positive,welcome to london
3286,barka da zuwa makerin,positive,welcome to the blacksmith
3287,barka da zuwa malam,positive,welcome to my teacher
3288,barka da zuwa malama,positive,welcome to teacher
3289,barka da zuwa manomi,positive,welcome to the farmer
3290,barka da zuwa matata,positive,welcome my wife
3291,barka da zuwa pandora,positive,welcome to pandora
3292,barka da zuwa shagon,positive,welcome to the store
3293,barka da zuwa tela,positive,welcome to tailor
3294,barka da zuwa welder,positive,welcome to the welder
3295,barka dai,positive,hello
3296,barkono maizafi,negative,hot pepper
3297,barnar ta lalace,negative,the damage was damaged
3298,bas ce,neutral,a bus
3299,basarake ne,neutral,he is a prince
3300,baseball wasa ne,neutral,baseball is a game
3301,bashi da sauki,negative,shallow
3302,bashi da yawa,positive,many debts
3303,bashi ne,neutral,it is a debt
3304,bashida lafiya,negative,he was sick
3305,basira ta,positive,my skill
3306,bastard mutum ne,negative,the bastard is a person
3307,bata ce,negative,it's brute
3308,bata ilimi ne,negative,it is a waste of education
3309,bata sunan mutum,negative,defamation of a person
3310,batalokaci matsala ce,negative,lateness is a problem
3311,batar da makiyayi,neutral,leading the shepherd astray
3312,batar da mata,neutral,mislead women
3313,batattun makiyaya,neutral,stray shepherds
3314,batawa aboki,negative,upset a friend
3315,batir mara kyau ne,negative,it is a bad battery
3316,batsa ne,negative,it is obscene
3317,batsa sosai,positive,very obscene
3318,batu na cikin gida,neutral,it is a local issue
3319,batu na cudanya,negative,it's an issue of entanglement
3320,batu na gaba,neutral,next point
3321,batu ne mai mahimmanci,positive,it is an important point
3322,batun ce mai kawo rigima,neutral,it's a controversial topic
3323,bature mai taimako,positive,a helpful englishman
3324,bature ya mutu,negative,the white man is dead
3325,baturen saurayin ya mutu,negative,the young white man died
3326,baturi cikakke ne,positive,the battery is perfect
3327,baturi mai inganci,positive,high quality battery
3328,baturi ne,neutral,a battery
3329,baturi ne mai kyau,positive,it is a good battery
3330,batutuwa da yawa,positive,many issues
3331,bautar gumaka,neutral,idolatry
3332,bautawa allah,neutral,god's worship
3333,bawa ce,negative,she is a servant
3334,bawa da rabi,negative,slave and a half
3335,bawa ne a shirye,positive,it is a ready servant
3336,bawa ne mai aminci,positive,he is a faithful servant
3337,bawan alhakin,neutral,slave of responsibility
3338,bawan nan mara kirki ya tafi,neutral,the unkind servant is gone
3339,bawan ruwa mai karfi,positive,a powerful water servant
3340,baya ganuwa,neutral,invisible
3341,bayahude mai taimako,neutral,a helpful jew
3342,bayahude mai tausayi,positive,a compassionate jew
3343,bayan fakitin,neutral,behind the pack
3344,bayan haka,neutral,subsequent to that
3345,bayan isowa,neutral,upon arrival
3346,bayan kasuwa,neutral,after market
3347,bayan ku,neutral,after you
3348,bayan rai ya fita,neutral,after the soul went out
3349,bayan sauran,neutral,behind the others
3350,bayan shi,neutral,after him
3351,bayanan baya,neutral,the background
3352,bayanan kula ne,neutral,it is a note
3353,bayanan yana da bayanai,neutral,the data has data
3354,bayani a tsare,neutral,information in custody
3355,bayani da rashin a'a,negative,description and lack of no
3356,bayani mai amfani,positive,useful information
3357,bayani ne,neutral,it is explanation
3358,bayani ne bayyananne,positive,it is a clear explanation
3359,bayani ne mai gamsarwa,positive,it is a satisfactory explanation
3360,bayanin dalili,neutral,the reasoned explanation
3361,bayanin shi,neutral,describing it
3362,bayar da baya wani abu ne da ke faruwa,neutral,backbiting is something that happens
3363,bayar da tarwatsewa,negative,issuing disintegration
3364,bayarwa don gyarawa,positive,delivery for repairs
3365,bayazuwa  akan lokaci,negative,he is not coming on time
3366,bayi masu ladabi,positive,polite servants
3367,bayi ne ,neutral,servants
3368,bayi suka tafi,neutral,the slaves left
3369,bayinsa sunzo,neutral,his servants arrive
3370,bayyana a cikin jaka,positive,clear in the bag
3371,bayyana abin da ya faru,neutral,explain what happened
3372,bayyana farin ciki,positive,express joy
3373,bayyana halin da ake ciki,neutral,explain the situation
3374,bayyana kalmomi na,neutral,outline my words
3375,bayyana karya,neutral,exposing lies
3376,bayyana shi,neutral,explain it
3377,bayyana wace,neutral,exposure
3378,bayyana wani abu mara kyau,negative,explain something negative
3379,bayyanar cututtuka,neutral,manifestations of disease
3380,bayyanar gani,positive,a clear view
3381,bayyanar kalmomi,negative,explicit words
3382,bazara ce,positive,it is a prodigy
3383,bazawara e,neutral,a widow
3384,bedlam ya kwanta,negative,the bedlam was bedlam
3385,bedlamite mai gado ne,neutral,the bedlamite is a bedlamite
3386,bedroom yana da gado,neutral,the bedroom has a bed
3387,bedroom yana da katifa,neutral,the bedroom has a mattress
3388,bee yana da kirki,positive,bee is kind
3389,benci mai daraja,positive,a precious bench
3390,bene ne,neutral,a floor
3391,bi a hankali,negative,follow slowly
3392,bi ka'idodin daidaitawa,neutral,adhere to the rules harmonize
3393,bi tare,neutral,follow along
3394,bi umarnin,neutral,follow the instructions
3395,bidi'a ce,negative,it's heresy
3396,bidi'a ce wannan,negative,it is innovation
3397,bidiyon bidiyo ne,neutral,the video is a video
3398,bijimai buga,negative,bulls hit
3399,bijimi ne,neutral,a bull
3400,bijirewa a gaban wahala,negative,defiance in the face of adversity
3401,bijirewa 'yan sanda ne,negative,it is a police defiance
3402,biki mai dadi,positive,a delicious feast
3403,biki mai suna kirsimeti,neutral,a holiday called christmas
3404,biki ne,positive,it is a celebration
3405,biki ne da aka shirya sosai,positive,it is a well organized holiday
3406,biki ne mai dadi,positive,it is a fun holiday
3407,biki ne na annashuwa,positive,it is a joyful celebration
3408,biki ne na shekara-shekara,neutral,it's an annual event
3409,bikin amarya,neutral,the bride's wedding
3410,bikin aure,neutral,the wedding
3411,bikin aure na musamman,positive,a special wedding
3412,bikin aure ne,positive,it is a wedding ceremony
3413,bikin ban mamaki,positive,a surprise party
3414,bikin dinner ne,neutral,it is a dinner party
3415,bin sa,neutral,following him
3416,bincike na yana da kyau,neutral,my research is thorough
3417,bincike ne,neutral,it is research
3418,binciken game da wani abu ne,neutral,the survey is about something
3419,binciken laifuka,negative,criminal investigation
3420,bindiga ce,neutral,it is a gun
3421,bindigan revolver,neutral,a revolver gun
3422,bindigar bindiga ce,neutral,the rifle is a rifle
3423,birki ne,neutral,it is a brake
3424,birki suka yi,neutral,their brakes are done
3425,birki suka yi suka fice,negative,they braked and left
3426,birkin babur,negative,a motorcycle brake
3427,birni ne,neutral,it is urban
3428,bisa doka da oda,neutral,according to law and order
3429,bisa yarda da yarda,positive,based on approval and approval
3430,bita shi,neutral,review it
3431,biya ce,neutral,it is a payment
3432,biya mai kyau,positive,good pay
3433,biya ne,neutral,it's pay
3434,biya suke,neutral,they pay
3435,biyan da ba a cika ba,negative,incomplete payment
3436,biyan haraji,neutral,paying taxes
3437,biyan ku,neutral,your payment
3438,biyan kudi don tallafi,negative,paying for subsidizing
3439,biyan riba,positive,paying interest
3440,biyar daga cikinsu,neutral,five of them
3441,biyayya ce,neutral,obedience
3442,biye haka,neutral,pursue like that
3443,blackjack ba shi da kyau,negative,blackjack is not good
3444,bogi ne,negative,it's bogus
3445,bokitin mugunta,negative,the bucket of evil
3446,bomb da su,negative,bombard them
3447,bone ya tabbata ga ma'aikata,negative,woe to the workers
3448,botch ne,negative,it's botch
3449,boye ne,negative,is hidden
3450,bude get,neutral,open the get
3451,bude kofa,neutral,open the door
3452,budewa yana faruwa,neutral,the opening is happening
3453,budewa yayi,neutral,the opening was made
3454,budi ne mai dadi,positive,it is a fun opening
3455,budurwa,positive,a young woman
3456,budurwa ce,neutral,she is a virgin
3457,budurwa mai daraja,positive,a precious virgin
3458,budurwa ne,neutral,they are virgins
3459,buga ba daidai ba ne,negative,the blow is not right
3460,buga kwallon,positive,scoring the ball
3461,buga shi,neutral,print it
3462,bugawa a tsare,neutral,publications in custody
3463,bugawa ce,neutral,it is a publication
3464,bugawa ne,neutral,it's publication
3465,buggy karami ne,negative,the buggy is small
3466,buggy yana buggy,negative,the buggy is buggy
3467,bugu bar,neutral,kick bar
3468,bugu da kari,neutral,further
3469,bukatar gargadi,neutral,require exhort
3470,bukatar ku,neutral,your request
3471,bukatar ta,neutral,her need
3472,bukatar tsari,neutral,require regulate
3473,bukkoki ne,neutral,tabernacles
3474,bukukuwa ne,neutral,the festivities
3475,bulala ne,neutral,is cane
3476,bulala sosai,positive,whip it very well
3477,bulo mai inganci,neutral,quality brick
3478,bulo mai karfi,positive,strong brick
3479,burge ni,neutral,impress me
3480,buri mafi kyau,positive,best wishes
3481,buri nama ne,neutral,desires are flesh
3482,buri ne,positive,it is a goal
3483,burin kowa,positive,impress everyone
3484,burin ku,neutral,your wish
3485,burin mutum ne ya sami buri,neutral,it is the aspiration of the person to have ambitions
3486,burina de,neutral,my dream
3487,busa hancin mugunta,negative,blow the nose of evil
3488,busa kogon don mugunta,negative,blow the cave for evil
3489,bushewa ce,negative,dryness
3490,bututu ne,neutral,it is a pipe
3491,can gurin,neutral,there
3492,canary mai kyau,positive,a good canary
3493,cancanta kuma mai girma,positive,worthy and great
3494,cancantar yabo,positive,worthy of praise
3495,canja wurin ma'aikatan gwamnati,neutral,transfer of government employees
3496,canja wurin ne,neutral,it is a transfer
3497,canji daga malami,neutral,change from teacher
3498,canji ne,neutral,it is a change
3499,canji ne mai dagawa,positive,it's an uplifting change
3500,canjin bazawara ce,neutral,it is a widow's exchange
3501,canjin jami'an gwamnati,neutral,change of government officials
3502,canjin makiyaya ne,neutral,it is a pastoral change
3503,canjin malaman addini,neutral,change of religious teachers
3504,canjin manoma ne,neutral,it is a farmer's exchange
3505,canjin ra'ayi zuwa mai kyau,positive,a change of opinion to a positive one
3506,canjin ya yi,neutral,the shift is done
3507,canjin yara ne,neutral,it is a child exchange
3508,canjin yarinya ce,neutral,it is a girl's exchange
3509,canjin yaro ne,neutral,it is a child's exchange
3510,canza abubuwa,neutral,changing things
3511,canza tunanin ku,neutral,change your mind
3512,canza zuwa mai kyau,positive,change to good
3513,canza zuwa wani abu,neutral,transform into something
3514,canza zuwa wani abu dabam,neutral,transform into something else
3515,cat yana da fur,neutral,the cat has fur
3516,cat yana da girma,neutral,the cat is large
3517,cats suna da kiba,negative,the cats are fat
3518,ce wani abu,neutral,say something
3519,cece mu,neutral,save us
3520,ceton kudi,neutral,saving money
3521,ceton rai,positive,salvation of life
3522,cewa a shekarun yaushe,neutral,that at the age of when
3523,chide yayi chide,positive,the chide was chide
3524,chocolate mai dadi,positive,sweet chocolate
3525,chocolate ne,neutral,it is chocolate
3526,ci baya ne,negative,it's backwardness
3527,ci damuwa,neutral,feel depression
3528,ci gaba,neutral,go ahead
3529,ci gaba da aiki,positive,keep busy
3530,ci gaba da kyawawan abubuwa,positive,keep up the good stuff
3531,ci gaba da rubutu,neutral,keep writing
3532,ci gaba da yara aiki,positive,keep the kids busy
3533,ci gaba da yi,neutral,go ahead and do it
3534,ci gaba ne,neutral,it's development
3535,ci gaba shine katsewa,negative,the continuity is discontinuity
3536,ci gaba yana nan,positive,the continuity is there
3537,ci gaban aiki,positive,work progress
3538,ci gaban sana'a,positive,professional development
3539,ci uwarsu,negative,eat their mother
3540,ci zuma-zuma,neutral,ci honey-honey
3541,cibiyar ce,neutral,it is an institution
3542,cibiyar sadarwa na cibiyoyin sadarwa,neutral,a network of networks
3543,cibiyar sadarwa ta kasance,neutral,communication station
3544,cika da kasa,neutral,fill the pitch with sand
3545,cika da wasu,neutral,complement with others
3546,cika magudanar ruwa da ruwa,neutral,fill the sink with water
3547,cika ne,neutral,it is fulfillment
3548,cika roba da madara,neutral,fill rubber with milk
3549,cika wani,neutral,fill another one
3550,cikakke ne,positive,perfect
3551,cikakken abin hawa,neutral,complete vehicle
3552,cikakken abin sha,positive,a perfect drink
3553,cikakken abinci ne,positive,it is a complete meal
3554,cikakken ado,positive,perfect decoration
3555,cikakken aiki,positive,perfect job
3556,cikakken aji ne,positive,it is a perfect class
3557,cikakken alade ne,positive,it is a perfect pig
3558,cikakken bayani ne,positive,it is a complete explanation
3559,cikakken girman,neutral,full size
3560,cikakken hujja,positive,full proof
3561,cikakken jaddadawa,negative,absolutely emphatic
3562,cikakken jawabin malam,neutral,the full speech of the master
3563,cikakken ka'ida ce,neutral,it is a complete rule
3564,cikakken karna,negative,absolutely devastating
3565,cikakken kirki,positive,perfectly kind
3566,cikakken koyarwa ce,positive,it is a complete teaching
3567,cikakken kwano ne,positive,it is a perfect bowl
3568,cikakken kyakkyawan abu,positive,absolutely beautiful item
3569,cikakken kyakkyawan magana,positive,absolutely beautiful speech
3570,cikakken littafi ne,positive,it is a complete book
3571,cikakken magana,positive,perfect talking point
3572,cikakken mai kula da yara,positive,the perfect babysitter
3573,cikakken malamin coci,positive,a perfect church teacher
3574,cikakken malamin firamare,positive,the perfect elementary teacher
3575,cikakken malamin makaranta,positive,the perfect school teacher
3576,cikakken matafiyi ne,positive,it is a perfect traveler
3577,cikakken rahoto ne,positive,it is a comprehensive report
3578,cikakken rashin mutunci,negative,completely disrespectful
3579,cikakken rubutu ne,neutral,it is a complete text
3580,cikakken tebur ne,positive,it is a perfect table
3581,cikakken tsari ne,positive,it is a perfect proposal
3582,cikar abin,neutral,the fullness of the thing
3583,cikawa ne,neutral,fulfillment
3584,cike da adalci,positive,full of justice
3585,cike da annashuwa,positive,full of relaxation
3586,cike da damuwa,neutral,full of anxiety
3587,cike da daukaka,positive,full of glory
3588,cike da farin ciki,positive,full of joy
3589,cike da farin ciki game da shi,positive,excited about it
3590,cike da furanni,positive,full of flowers
3591,cike da fushi,negative,full of anger
3592,cike da gaskiya,neutral,full of facts
3593,cike da lada,positive,full of rewards
3594,cike da sha'awa,positive,full of passion
3595,ciki a wani abu,negative,heckles at something
3596,ciki babba ne,neutral,the stomach is large
3597,ciki daya,neutral,one stomach
3598,ciki har da kari,neutral,including pluses
3599,ciki na mace,neutral,a woman's belly
3600,ciki ne,neutral,inside
3601,cikin amincewa,positive,in confidence
3602,cikin aminci,positive,in peace
3603,cikin bakin,negative,a nerd
3604,cikin bakin ciki,negative,in grief
3605,cikin damuwa da abinda ke shirin faruwa,negative,anxious about what's going to happen
3606,cikin damuwa don sanin abin da zai faru,negative,anxious to know what will happen
3607,cikin farin ciki,positive,in happiness
3608,cikin fushi,negative,in anger
3609,cikin fushi abun yayi ja,negative,"in anger, the thing is red"
3610,cikin fushi dabbar ta ci,negative,"in anger, the animal ate"
3611,cikin fushi dabbar ta sha,negative,"in anger, the animal drank"
3612,cikin fushi kura ta shanye,negative,"in anger, the dust was absorbed"
3613,cikin gaggawa,neutral,in a hurry
3614,cikin girmamawa tunani,positive,reverently thought out
3615,cikin girman kai,positive,in pride
3616,cikin hakuri,positive,in patience
3617,cikin hikima,positive,wisely
3618,cikin jin dadi,positive,in feeling great
3619,cikin jin haushi haka ne,negative,"grumpily, that's right"
3620,cikin kunya,negative,in shame
3621,cikin nadama,neutral,in regret
3622,cikin tsoro,negative,in fear
3623,cikin yanayi na tashin hankali,negative,in a state of tension
3624,cikin yanayi na tunzura,neutral,in a state of incitement
3625,cimma manufa mai kyau,positive,achieve a good goal
3626,cimma nasara,positive,achieve success
3627,cimmawa ce,positive,it is accomplishment
3628,cin abinci,positive,eating food
3629,cin abinci da yawa,neutral,eating a lot
3630,cin abinci mai guba,neutral,eating toxic food
3631,cin amana,negative,betrayal
3632,cin amana ce,negative,betrayal
3633,cin amanar amurkawa ce,negative,it is the betrayal of the americans
3634,cin amanar budurwa ce,negative,it is the betrayal of a young woman
3635,cin amanar dangin ku,negative,betraying your family
3636,cin amanar dattawan mata,negative,the betrayal of female elders
3637,cin amanar diyata ce,negative,it is the betrayal of my daughter
3638,cin amanar manyan mata,negative,the betrayal of older women
3639,cin amanar masoya ne,negative,it is the betrayal of lovers
3640,cin amanar mata ne,negative,it is the betrayal of women
3641,cin amanar maza ne,negative,it is men's betrayal
3642,cin amanar saurayi ne,negative,it is a betrayal of a young man
3643,cin amanar ta kenan,negative,that is her betrayal
3644,cin amanar 'yan daba ,negative,it is the betrayal of the gang
3645,cin amanar yaro ne,negative,it is a child's betrayal
3646,cin ciki,neutral,eating the stomach
3647,cin gyada mai dadi,positive,eating delicious peanuts
3648,cin hanci abu ne da za a iya yi,negative,bribery is something that can be done
3649,cin hanci ba shi da kyau,negative,bribery is not good
3650,cin hanci da rashawa,negative,corruption
3651,cin hanci da rashawa ne,negative,it is corrupt
3652,cin karo da barawo,negative,an encounter with theft
3653,cin kwano,neutral,eating a bowl
3654,cin mutunci ne,negative,it's a defamation
3655,cin mutunci sosai,negative,violation of the honor very much
3656,cin mutuncin jama'a,negative,a public insult
3657,cin mutuncin mutum,negative,violating a person's dignity
3658,cin naman mutane,negative,cannibalism
3659,cin nasara,positive,getting success
3660,cin rigima ce,negative,castigate is a controversy
3661,cin zalunci,positive,eating cruelly
3662,cin zarafi,neutral,violation
3663,cin zarafi ne,negative,it's a violation of the rules
3664,cin zarafin jinsi,negative,gender-based violence
3665,ciniki ne na walda,neutral,it is a trade of welders
3666,cinikina na tausayi ne,neutral,my trade is for compassion
3667,cinya ce mara lafiya,negative,it is a sick thigh
3668,cire abu,positive,illuminate
3669,cire hannun,neutral,remove the hand
3670,cire hasumiya,neutral,remove the tower
3671,cire jinjirin wata,neutral,remove the crescent moon
3672,cire sashin jiki,neutral,remove a body part
3673,cire shi,negative,remove him
3674,cirewa ne,neutral,deduction
3675,ciwo a hannu,negative,pain in the hands
3676,ciwo a jiki,negative,pain in the body
3677,ciwo daga saman jiki,negative,pain from upper body
3678,ciwo mai nauyi,negative,heavy pain
3679,ciwo mai tsanani,negative,severe pain
3680,ciwo ne,negative,it's an ailment
3681,ciwon baya,negative,back pain
3682,ciwon baya ne,negative,it's backache
3683,ciwon ciki,negative,abdominal pain
3684,ciwon ciki ba shi da kyau,negative,stomach ulcer is not good
3685,ciwon ciki ne,negative,it is a stomachache
3686,ciwon daji,negative,cancer
3687,ciwon jarirai,neutral,infant colic
3688,ciwon kai,negative,headache
3689,ciwon ku,negative,your pain
3690,ciwon kunne,negative,earache
3691,ciwon ma'aikaci ne,negative,it is a worker's disease
3692,ciwon ma'aurata ne,negative,it is a couple's disease
3693,ciwon mace,negative,a woman's pain
3694,ciwon mafitsara,negative,bladder infection
3695,ciwon makogwaro,negative,a sore throat
3696,ciwon mantuwa,neutral,forgetfulness syndrome
3697,ciwon nonuwa,negative,sore nipples
3698,ciwon wuya ba shi da kyau,negative,neck pain is not good
3699,ciwon yara,negative,children's disease
3700,ciwon zuciya,negative,heartbreak
3701,ciyar da abinci,positive,feed the food
3702,ciyarwa ce ,positive,feed
3703,ciyawa ce,neutral,it is grass
3704,cizo kare,negative,dog bite
3705,cizon abu,negative,bite
3706,cizon wani abu,negative,gnawing on something
3707,cizon yaro,negative,a child's bite
3708,cocin yana da gini,neutral,the church has a building
3709,cuku ne,neutral,it is cheese
3710,cunkoso ne,negative,it's congestion
3711,cunkoson ababen hawa,negative,vehicle congestion
3712,cuta ce,negative,it's a disease
3713,cuta ce ,negative,the disease
3714,cuta ce ta hukuma,negative,corruption of authorities
3715,cuta ce ta zebra,negative,it is a disease of the zebra
3716,cuta mai laushi,negative,mild disease
3717,cuta ne,negative,disease
3718,cuta ta yi,negative,disease has done
3719,cutar amurka,negative,the american disease
3720,cutar arna ce,negative,it is a pagan disease
3721,cutar arteries,negative,disease of the arteries
3722,cutar azzalumai,negative,the disease of the oppressors
3723,cutar ciki,negative,disease of the stomach
3724,cutar cizon kare,negative,dog bite disease
3725,cutar cututtukan zuciya,negative,cardiovascular disease
3726,cutar faransa,negative,the french disease
3727,cutar fyade,negative,rape disease
3728,cutar guna ce,negative,farming disease
3729,cutar inji ce,negative,it is a mechanical disease
3730,cutar jamus,negative,german disease
3731,cutar kafinta,negative,carpenters disease
3732,cutar kananan yara,negative,the disease of the little ones
3733,cutar kuruciya,negative,a disease of youth
3734,cutar magini ce,negative,it is a builder's disease
3735,cutar mahauta ce,negative,it is a butcher's disease
3736,cutar mata,negative,a disease of women
3737,cutar maza,negative,men's disease
3738,cutar mazinata,negative,the disease of adulterers
3739,cutar mutanen kauye,negative,the disease of the villagers
3740,cutar sankarar bargo,negative,leukemia
3741,cutar swazi,negative,swazi disease
3742,cutar ta halatta,negative,the disease is legal
3743,cutar ta kasance makirci,negative,the disease is a conspiracy
3744,cutar zamani ce,negative,it is an era disease
3745,cutarwa ce,negative,harmful
3746,cututtuka ce,negative,the diseases
3747,cututtuka masu yaduwa,negative,infectious diseases
3748,cututtuka na kowa,negative,common diseases
3749,cututtukan malamai,negative,disease of teachers
3750,cututtukan tumaki da awaki,negative,diseases of sheep and goats
3751,da adalci,positive,there is justice
3752,da alama,neutral,it seems like
3753,da alama karkacewa daga al'ada,negative,seemingly deviating from the norm
3754,da alama mai karfin zuciya,positive,seemingly audaciously
3755,da alama mai rudani,negative,seemingly disruptive
3756,da alama rashin aminci,negative,seemingly disloyal
3757,da alama ta katse,negative,seemingly brazen
3758,da alama yaudara,negative,seemingly deviously
3759,da albarka,positive,there is blessing
3760,da alheri,positive,with kindness
3761,da an fi so,negative,it would be preferred
3762,da annashuwa,positive,and relaxed
3763,da ban mamaki,negative,quite freakishly
3764,da bindiga agun,neutral,there is gun
3765,da bulala yazo,neutral,came with whip
3766,da ceri,neutral,the cherry
3767,da dabara,positive,tactfully
3768,da dabara aka yi shi,positive,it was craftily done
3769,da dai sauransu,neutral,rest of the them
3770,da dama daga cikinsu,neutral,several of them
3771,da dandano,neutral,there is taste
3772,da dandanonsa ,positive,his taste
3773,da darajar,neutral,the value
3774,da datti,negative,dirty
3775,da datti sosai,negative,very dirty
3776,da dukiya,neutral,with wealth
3777,da fara'a,positive,the charm
3778,da fargaba,positive,the apprehension
3779,da farko shi ne na farko,neutral,"initially, it was initial"
3780,da farko ya kasance,neutral,"initially, it was"
3781,da fatan za a gyara,neutral,please fix it
3782,da fatan za a mika shi,neutral,please submit it
3783,da fatan za a sanar,neutral,please inform
3784,da fatan za a tambaya,neutral,please ask
3785,da gangan,negative,deliberately
3786,da gaske,negative,very fatuously
3787,da gaske ne,neutral,it was genuine
3788,da gaske sosai,negative,quite egregiously
3789,da gaske yaudara,negative,really deviously
3790,da gaskiya,positive,to be honest
3791,da hankalina,positive,my good spirits
3792,da hatsi,neutral,the grain
3793,da hikima,positive,has wisdom
3794,da iko,neutral,with power
3795,da inganci,positive,excellence
3796,da kaina ina yi,neutral,"personally, i do"
3797,da kaina ni ne,neutral,"personally, i am"
3798,da karfi sosai,neutral,very strongly
3799,da karfinsa,neutral,his strength
3800,da karshe tsoho ne,positive,final is an old man
3801,da kawa,positive,the splendor
3802,da kayan yaji,negative,the seasoned
3803,da kishinsa,positive,his jealousy
3804,da kokarinsa,positive,his efforts
3805,da ku da masu laifi,negative,had you and criminals
3806,da kuma karawa,neutral,and tightening
3807,da kyar take rarrafe,positive,barely crawling
3808,da kyau,positive,nice shot
3809,da kyau da salati,positive,thoroughly and salutary
3810,da kyau hali,positive,well mannered
3811,da kyau kiwo,neutral,well bred
3812,da kyau- sarrafa,positive,well- managed
3813,da kyau sosai,positive,very well
3814,da kyau tunani,positive,well thought out
3815,da ladabi,positive,the politeness
3816,da miyagun kwayoyi ecstasy,negative,the drug ecstasy
3817,da murna,positive,with joy
3818,da na sani,neutral,i regret
3819,da nagarta,positive,the virtue
3820,da pep,neutral,it's pep
3821,da rabin zuciya aka yi,negative,it was halfheartedly done
3822,da rahama,neutral,with mercy
3823,da rauninsa,negative,his weakness
3824,da rikici,negative,there is conflict
3825,da sana'a shirya,neutral,professionally prepared
3826,da sauri ,neutral,it fast
3827,da sauri sosai,positive,very fast
3828,da sauti,positive,re sound
3829,da solicitly ne,neutral,it was solicitously
3830,da sunan su,neutral,in their name
3831,da tsammanin,neutral,the expectation
3832,da tsare-tsare,positive,meticulously planned
3833,da tsauri sosai,negative,very harshly
3834,da tsoro,negative,with fear
3835,da wahala sosai,negative,very difficult
3836,da wauta,negative,with stupidity
3837,da wayo ake yi,positive,it is cleverly done
3838,da wuri,neutral,early on
3839,da wuri ne,negative,it was early
3840,da wuya,negative,it's difficult
3841,da wuya a fahimta,negative,hard to understand
3842,da wuya a samu,negative,hard to find
3843,da ya yi,positive,he would have done it
3844,da yaddan allah,positive,god willing
3845,da yake bunkasa,positive,being flourishing
3846,da yawa,neutral,a lot
3847,da yawa almubazzaranci,positive,quite extravagantly
3848,da yawa ne,positive,many
3849,da yawa suna ko'ina,neutral,many are widely
3850,da zafi,negative,there is heat
3851,da zalunci,negative,and oppression
3852,da zaran an yi,neutral,as soon as it was done
3853,da zarar an ci,neutral,once eaten
3854,da zarar gaskiya,positive,"once upon a time, honesty"
3855,da zarar mun kara karfi,neutral,once we get stronger
3856,da zuciya daya,positive,with one heart
3857,da'awa ce,neutral,it is a claim
3858,daban daban,neutral,different
3859,daban-daban dabaru masu kyau,positive,a variety of good techniques
3860,daban-daban don mugunta,negative,variety for evil
3861,daban-daban masu kyau,positive,different good ones
3862,daban-daban sosai,neutral,very different
3863,dabara ce,neutral,it's tactic
3864,dabarar yaudara ce,negative,the guile is guile
3865,dabaru ce,neutral,logic
3866,dabarun na motsi,neutral,the wheel is moving
3867,dabba ce,neutral,it is an animal
3868,dabba ce kyakkyawa,positive,it is a beautiful animal
3869,dabba ce mai gamsarwa,positive,it is a satisfying animal
3870,dabba ce mai lafiya,positive,it is a healthy animal
3871,dabba da dabba,neutral,animal and animal
3872,dabba mai aminci,positive,a faithful animal
3873,dabbar daji mai zafi,positive,a fiery wild beast
3874,dabbobi ne masu kyau,positive,they are beautiful animals
3875,dabbobi ne matalauta,negative,they are poor animals
3876,dabbobin gida,neutral,a pet
3877,dabbobin ya mutu,neutral,the pet died
3878,dabi'a ce,neutral,it is a virtue
3879,dabiâ'ar shugaban kasa ce,neutral,it is the president's discipline
3880,dabi'ar magini ne,neutral,it is a builder's discipline
3881,dabi'ar malaman coci,neutral,the discipline of church teachers
3882,dabiâ'un ministoci ne,neutral,it is the discipline of ministers
3883,dabi'un dattijai ne,positive,it is the discipline of the elders
3884,dabi'un jajirtattu ne,positive,it is the discipline of the brave
3885,daburbura ce,neutral,dabbling
3886,dace da sababbin abubuwa,neutral,adapt to new things
3887,dace ne,positive,appropriate
3888,dacewa ce,neutral,fitness
3889,dacewa ne,positive,convenient
3890,dacewar abu ne mai kyau,positive,suitability is a good thing
3891,daci ce,negative,bitter
3892,daci ne,negative,it's bitterness
3893,dadi sosai,positive,very tasty
3894,dadin garin ne,neutral,it is the taste of the town
3895,dadin manomi,positive,farmer's pleasure
3896,dafa abinci,neutral,cooking food
3897,dafa abinci mai dadi,positive,cook delicious food
3898,dafa abinci yana da kyau sosai,positive,cooking is very good
3899,dafin maciji ne,neutral,it is snake venom
3900,daftari ne,neutral,it is a draft
3901,daga baya,neutral,later
3902,daga karshe shi ke nan,neutral,"ultimately, that's what"
3903,daga ra'ayi,neutral,from a point of view
3904,dagawa ne,neutral,a lift
3905,dagewa ce,neutral,persistence
3906,dagwalan guba,negative,lead poisoning
3907,dagwalan guban karfe,negative,metal lead poisoning
3908,daidai abin da yake kenan,neutral,"exactly, that's what it is"
3909,daidai akan daidai,neutral,equal on equal
3910,daidai daidai ne,positive,"correct, that's correct"
3911,daidai dama?,neutral,"correct, right?"
3912,daidai haka ne,neutral,"exactly, that's right"
3913,daidai ne,neutral,it is fairly
3914,daidai ne cikakke,neutral,it is absolutely correct
3915,daidai yake da daidai,neutral,it's the same as equal
3916,daidaita a kai,neutral,adjust on it
3917,daidaita nisa,neutral,adjust the distance
3918,daidaita wa,neutral,coincide
3919,daidaitaccen ma'auni,neutral,equal balance
3920,daidaitawa ne,neutral,it's orientation
3921,daidaiton jinsi,neutral,gender equality
3922,daji mai guba,negative,a poisonous bush
3923,daji ne,neutral,it is wild
3924,dajin yana waje,neutral,the forest is outdoors
3925,dakatar da aiki,neutral,stop working
3926,dakatar da motsi,neutral,stop moving
3927,dakatar da shi,neutral,stop it
3928,dake mu,negative,beat us
3929,daki a tsare,neutral,room in custody
3930,daki cikakke ne,positive,it is a perfect room
3931,daki mai daraja,positive,a precious room
3932,daki mai kyau,positive,nice room
3933,daki ne a shirye,positive,it is a ready room
3934,daki ne mai tsafta,positive,it is a clean room
3935,dakin girki,neutral,the kitchen
3936,dakin gwaji da aka tsara sosai,positive,a well-designed test room
3937,dakin makamai,negative,artillery
3938,dakin sojoji yana tsare,neutral,the soldiers' room is in custody
3939,dakin 'yan sanda a tsare,neutral,police room in custody
3940,dakin yayi duhu,neutral,the room was darkened
3941,dala hamsin,neutral,fifty dollars
3942,dalibai fa?,neutral,what about students?
3943,daliban sun lalace,negative,the students are corrupt
3944,dalibi kyauta,positive,a free student
3945,dalibi mai hakuri,positive,a patient student
3946,dalibi mai lafiya,positive,a healthy student
3947,dalilai masu kyau,neutral,very good reasons
3948,dalili ne,neutral,it's a reason
3949,dalilin rashin jituwa,neutral,reason for disagreement
3950,dama ce,positive,the right one
3951,dama haka ne,neutral,that's right
3952,dama mukasamu  ,positive,we having right
3953,dama na,neutral,my right
3954,dama sosai,positive,it is right
3955,dama wani abu ne,neutral,rightness is something
3956,damarsa,positive,his opportunity
3957,dame mu,neutral,bother us
3958,dame shi,negative,bother him
3959,damfaran kafintoci ne,negative,carpenters fraud
3960,damfarar malaman makaranta,negative,the fraud of school teachers
3961,damina ne,neutral,it's winter
3962,damper yana kunne,negative,the damper is on
3963,damun alhaji ne,neutral,it is a pilgrim's concern
3964,damun dattawa akayi,neutral,it is the elders' concern
3965,damun dattawa ne,neutral,it is the elders' concern
3966,damun jama'a,negative,disturb the public
3967,damuwa,negative,distraught 
3968,damuwa ce,negative,it is anxiousness
3969,damuwa ce ke jawo ta,negative,it is anxiousness that is causing it
3970,damuwa ce ta injiniya,neutral,it is a mechanical concern
3971,damuwa ce ta 'yan uwa,neutral,it is a brotherly concern
3972,damuwa da gajiya,negative,stress and fatigue
3973,damuwa da yawa,negative,too much stress
3974,damuwa game da mugayen abokai,negative,worrying about bad friends
3975,damuwa na shari'a,neutral,legal concerns
3976,damuwana ne,neutral,my worries
3977,damuwar baby ce,negative,it is baby anxiety
3978,damuwar bazawara ce,negative,it is a widow's worry
3979,damuwar caca,negative,gambling anxiety
3980,damuwar direba ce,neutral,it is the driver's concern
3981,damuwar karnuka ce,neutral,it is the dogs' concern
3982,damuwar ku,neutral,your concern
3983,damuwar likitoci ce,neutral,it is the doctors' concern
3984,damuwar ma'aikacin lantarki,neutral,electrician's concern
3985,damuwar ma'aurata ce,neutral,it is a couple's concern
3986,damuwar magina ce,neutral,it is the concern of the builders
3987,damuwar magini ne,neutral,it is a builder's concern
3988,damuwar mai zane ce,neutral,it is the painter's concern
3989,damuwar malamai ne,neutral,it is the teachers' concern
3990,damuwar marowa ce,neutral,it is a beggar's concern
3991,damuwar marubuta ce,neutral,it is the authors' concern
3992,damuwar masu aikin sa kai,neutral,concerns of volunteers
3993,damuwar masu bincike,neutral,researchers' concerns
3994,damuwar masu cin zarafi ne,neutral,it is the concern of the bullies
3995,damuwar masu fasaha,neutral,the concern of artists
3996,damuwar masu fenti ne,neutral,it is the concern of painters
3997,damuwar masu harbi,neutral,the concern of shooters
3998,damuwar masu karbar fansho,neutral,concerns of pensioners
3999,damuwar masu kudi ce,positive,it is the concern of the rich
4000,damuwar masu ruwa,neutral,the concerns of the watermen
4001,damuwar matan aure,positive,concerns of married women
4002,damuwar matan banza,neutral,the worries of vain women
4003,damuwar mutane ce,neutral,it is the concern of people
4004,damuwar shan giya,negative,worrying about drinking beer
4005,damuwar shiga bashi,negative,worrying about getting into debt
4006,damuwar tela ce,neutral,it is a tailor's concern
4007,damuwar 'yan dako,neutral,porters' worries
4008,damuwar 'yan siyasa,neutral,concerns of politicians
4009,damuwar 'yanci,neutral,freedom anxiety
4010,damuwar yara tana nan,neutral,children's worries are here
4011,damuwar yarinya ce,neutral,it is a girl's concern
4012,damuwar yaro ce,neutral,it is a child's concern
4013,damuwarsu ne,negative,their worry
4014,dan adam,neutral,human being
4015,dan adam ba shi da kyau,negative,person is not good
4016,dan adam ba shi da kyau ko kadan,negative,person is not good at all
4017,dan adawa,neutral,an opponent
4018,dan ango,neutral,dear son-in-law
4019,dan arewa,neutral,the northerner
4020,dan asalin yankin,neutral,a native of the area
4021,dan asiya,neutral,an asian
4022,dan babban gida mai girman daraja,positive,son of a great house of great rank
4023,dan baiwa ne,positive,he is a gifted son
4024,dan bindiga,negative,a gunman
4025,dan dambe mai wayo,positive,a smart boxer
4026,dan gida mai kyau,positive,a good homeboy
4027,dan gishiri,neutral,a pinch of salt
4028,dan gwagwarmayar siyasa,neutral,a political activist
4029,dan halal ne,positive,he is a legitimate son
4030,dan irish,neutral,irish person
4031,dan iska,negative,the bastard
4032,dan jarida,neutral,a journalist
4033,dan jarida dan jarida ne,neutral,the reporter is a reporter
4034,dan jarida ne,neutral,he is a journalist
4035,dan jari-hujja,neutral,a materialist
4036,dan kadan mai kyau,positive,a good little one
4037,dan kadan ne,neutral,it is slightly
4038,dan kasa,neutral,native person
4039,dan kaskantar da kai,positive,a little humble
4040,dan kasuwa mai fara'a,positive,a cheerful businessman
4041,dan kasuwa ne,neutral,he is a businessman
4042,dan kauye mai tsari,neutral,an organized villager
4043,dan kishin kasa,positive,a patriot
4044,dan mexico ne,neutral,is mexican
4045,dan rashin hankali,negative,a little awkward
4046,dan sama jannati,neutral,astronaut
4047,dan sanda,neutral,police officer
4048,dan shari'a mai fara'a,positive,a cheerful son of the law
4049,dan siyasa,neutral,a politician
4050,dan siyasa mutum ne,neutral,the politician is a person
4051,dan takara,neutral,a competitor
4052,dan takara mutum ne,neutral,the candidate is a person
4053,dan takara ne,neutral,he is a candidate
4054,dan tawaye,negative,a rebel
4055,dan tulu mai tausayi,positive,a sympathetic pitcher
4056,dan uwa,neutral,cousin
4057,dan uwa na,neutral,my brother
4058,dan uwa na kirki,positive,kind brother
4059,dan uwa ne,neutral,he is a relative
4060,dan uwa ne abin dogaro,positive,it is a reliable brother
4061,dan uwan â€‹â€‹wani,neutral,a relative of someone else
4062,dan uwana,neutral,a cousin of mine
4063,dan wariyar launin fata,negative,a racist
4064,dan wasa,neutral,a player
4065,dan wasa mai kyau,positive,a good player
4066,dan wasa ne,neutral,he is a player
4067,dan wasa ne mai kyau,positive,he is a good player
4068,dan wasan barkwanci ne,neutral,he is a comedian
4069,dan wasan dan wasa ne,neutral,the athlete is an athlete
4070,dan wasan kwaikwayo,neutral,an actor
4071,dan wasan kwaikwayo ne na amurka,neutral,he is an american actor
4072,dan wasan mutum ne,neutral,the athlete is a person
4073,dan wuta,negative,son of fire
4074,dan zafi kadan,negative,a little pain
4075,dandali ne,neutral,it is a platform
4076,dandan madara ne,neutral,it is the taste of milk
4077,dandanan sanyi sosai,positive,very cool taste
4078,dandano ne na karkara,neutral,it is the taste of the countryside
4079,dandanonsu,neutral,their taste
4080,dangane da wani makirci,neutral,relating to a conspiracy
4081,dangantaka da cancanta,neutral,relating to worthiness
4082,dangantaka da tawali'u,neutral,relating to humility
4083,dangantaka mai dadi,positive,a happy relationship
4084,dangantakar soyayya ce,positive,the relationship is romantic
4085,dangi ga wani,neutral,relative to someone else
4086,danginsu ne,neutral,their relative
4087,dankali ne ,neutral,potatoes
4088,danne wani yana da haske,positive,suppress someone is light
4089,danshi ne,neutral,moist
4090,danshi sosai,positive,very humid
4091,dan'uwa mai fara'a,positive,a cheerful fellow
4092,danye ne,neutral,it's raw
4093,danyen ne,negative,it's crude
4094,daraja daya,positive,same grade
4095,daraja ita ce aure,positive,honor is marriage
4096,daraja ita ce ibada,neutral,the value is worship
4097,darajar ita ce ilimi,neutral,the value is knowledge
4098,darajar ita ce mai fassara,neutral,the value is the translator
4099,darajar ita ce manoma,neutral,the value is farmers
4100,darajar ita ce soyayya,positive,the value is love
4101,darajar jin wa'azi,negative,the value of hearing a sermon
4102,darajar mabarata,neutral,the value of beggars
4103,darajar mace,neutral,the value of a wife
4104,darajar makiyaya ce,neutral,the value is pastoral
4105,darajar malaman coci,neutral,the value of church teachers
4106,darajar malaman jami'a,neutral,the value of university teachers
4107,darajar masu ibada,neutral,the value of worshipers
4108,darajar masu wa'azi,neutral,the value of preachers
4109,darajar mutane,neutral,the value is people
4110,darajar tela,neutral,the value is a tailor
4111,darajar 'ya mace,neutral,the value of a daughter
4112,darajar yaro ne,neutral,the value is a child
4113,darakta mutum ne,neutral,the director is a person
4114,darasi mai tsari,neutral,a systematic lesson
4115,darasi mukeyi,neutral,having lesson
4116,darasi na biyu,neutral,second grade
4117,daren namun daji,positive,the night of wild animals
4118,daren yau ne,neutral,it is tonight
4119,dari ne,neutral,it is hundred
4120,dariya cikin mamaki,neutral,laughing in surprise
4121,dariya da nishadi,positive,laugh and have fun
4122,dariya da yawa,neutral,a lot of laughter
4123,dariya daga zaune,neutral,laughter from sitting
4124,dariya haka,positive,laugh like that
4125,dariya mai kyau,positive,a good laugh
4126,dariya mana,positive,laugh at us
4127,dariya yake,neutral,laughing at
4128,dariyar ku,positive,your laugh
4129,dasa tsoro,neutral,instilling fear
4130,data allah,neutral,for god sake
4131,dattawa masu fara'a,positive,cheerful elders
4132,dattawa masu nasara,positive,successful elders
4133,dattawa masu tsari,positive,orderly elders
4134,dattawa sun lalace,negative,the elders are corrupt
4135,datti ne,negative,dirty
4136,datti ne mai arha,negative,it's cheap dirt
4137,datti sosai,negative,very dirty
4138,datti yayi datti,negative,the dirt's dirty
4139,dattijai biyu,neutral,two elders
4140,dattijo mai ban dariya,positive,a jovial old man
4141,dattijo mai ban sha'awa,positive,a charming old man
4142,dattijo mai farin ciki,positive,a happy old man
4143,dattijo mai hakuri,positive,a patient old man
4144,dattijo mai lafiya,positive,a healthy old man
4145,dattijo mai nasara,positive,a successful elder
4146,dattijo mai tsari,positive,an orderly old man
4147,dattijo masu farin ciki,positive,happy elders
4148,dattijo ne mai lafiya,positive,he is a healthy old man
4149,dattijon ya yi,neutral,the old man did
4150,daukaka ga wasu,positive,exalting to others
4151,daukaka ilimi ne,neutral,elevation is knowledge
4152,daukaka kara zuwa kotu,negative,appeal to the court
4153,daukakar ilimin likitanci,positive,a wealth of medicinal knowledge
4154,daukakar ka,positive,your glory
4155,daukar wani,neutral,recruit someone
4156,dauke kai,neutral,take your head
4157,dauke makamai,negative,carry weapons
4158,dauke makami,negative,carry a weapon
4159,dauke shi,neutral,take it
4160,dauke shi da gaske,negative,take it seriously
4161,dauke shi daga can,neutral,take it from there
4162,dauke tumakin,neutral,take away the sheep
4163,dauke wa,neutral,pick up
4164,dauki dan lokaci don shakatawa,neutral,take a moment to relax
4165,dauki mataki,neutral,take action
4166,dauki matsayi,neutral,take a pose
4167,dauki matsi,neutral,take a squeeze
4168,dauki nadi,neutral,take a roll
4169,dauki wani abu tare da ku,neutral,carry something with you
4170,dauki yanki,neutral,take a slice
4171,daure shi,negative,bind him
4172,daure su,negative,bind them
4173,dawo kawai,neutral,just come back
4174,daya daya ce,neutral,one is the same
4175,daya daya kenan,neutral,"one, that's one"
4176,daya ne ,neutral,one
4177,daya yabuya,neutral,one is hide
4178,dayan yaron,negative,the other child
4179,debility abu ne,negative,debility is a thing
4180,debility wani abu ne,negative,debility is something
4181,decry cikin zafi,negative,decry in pain
4182,demanization wani abu ne,negative,dehumanization is something
4183,detracting daga wani abu,neutral,detracting from something
4184,detracting ga wani,negative,detracting to someone else
4185,dick ne,negative,it was a dick
4186,diflomasiyya ce,neutral,it's diplomatic
4187,digiri da shi,neutral,degree holder
4188,digiri shine digiri,neutral,the degree is degree
4189,digon fitsari,neutral,urine drop
4190,digon yana kunne,neutral,the drop is on
4191,dik da,negative,it's dick
4192,dila kyauta,positive,a free tailor
4193,dila mai gaskiya,positive,an honest tailor
4194,dimokuradiyya ce,neutral,it is a democracy
4195,dimokuradiyya tana da dadi,positive,democracy is fun
4196,dimokuradiyyar dimokuradiyya ce,neutral,the democrat is a democrat
4197,din ne,neutral,it's din
4198,direba mai fara'a,positive,a cheerful driver
4199,direba mai hikima,positive,a wise driver
4200,direba mai taimako,positive,helpful driver
4201,direba mai tausayi,neutral,compassionate driver
4202,direba mai tsari,positive,a well-organized driver
4203,direban ya gamsu,positive,the driver was satisfied
4204,direness ne,negative,it is direness
4205,diyarsa ta kammala jami'a,neutral,his daughter's university graduation
4206,dogara ce,neutral,dependence
4207,dogara da shi,neutral,rely on it
4208,dogara da wani abu,neutral,depend on something
4209,dogaro da kai,positive,self-reliance
4210,dogaro da sata,negative,reliance on theft
4211,dogon abin wasa ne,neutral,the dragoon is a toy
4212,dogon harbi ne,negative,it is a long shot
4213,dogon iska,negative,long wind
4214,dogon lokaci,neutral,long term
4215,dogon mafarki,negative,a long dream
4216,dogon rubutu ko bayani,negative,a long text or explanation 
4217,dogon suma,negative,a long coma
4218,doka ce,neutral,law
4219,doka ce mai bin doka,neutral,it's a law that's law-abiding
4220,doka ta shirya,neutral,prepared by the law
4221,dokar sata,negative,the law of theft
4222,dokar tuki,neutral,driving law
4223,doki mai ban dariya,neutral,a jovial horseman
4224,dokin babba ne,neutral,the horse is large
4225,dokokin kasa,neutral,national laws
4226,dokokin samfuri,neutral,model rules
4227,dole ne,neutral,has to
4228,dole ne ku cancanta,neutral,you must qualify
4229,dole ne ku damu,negative,you have to fret
4230,dole ne ku girka,neutral,you have to install
4231,dole ne ku kore,negative,you must expel
4232,dole ne ku tabbatar,neutral,you have to prove
4233,dole ne ku yi oda,neutral,you have to order
4234,dole ne mutum ya shake,negative,the person has to choke
4235,dole ne mutum ya yi zabe,neutral,the person has to vote
4236,dole ne su tabbatar da hakan,neutral,they must prove it
4237,dole ne ya faru,neutral,must happen
4238,dole ne ya kasance,neutral,it must be
4239,domin alheri ne,positive,it is for goodness
4240,domin amfanin manoma ne,positive,it is for the benefit of farmers
4241,domin kai mai gaskiya ne,positive,because you are honest
4242,domin n,neutral,because n
4243,don a tsawatar,neutral,to be reprimanded
4244,don abinci ne,neutral,it is for food
4245,don allah a yi addu'a,negative,"please, beseech"
4246,don allah don allah,positive,"pleases, pleases"
4247,don amfanin mata ne,positive,it is for the benefit of women
4248,don amfanin mutane ne,positive,it is for the benefit of people
4249,don amfanin yara ne,positive,it is for the benefit of children
4250,don aure,neutral,to marry
4251,don batar da mace,neutral,to mislead a woman
4252,don cinyewa,positive,to consume
4253,don haka,neutral,so therefore
4254,don haka a kira mu,neutral,so call us
4255,don haka bakin ciki,negative,so sad
4256,don haka da dai sauransu,neutral,so and the rest of them
4257,don haka daidai ne,neutral,so that's right
4258,don haka damuwa,negative,so worried
4259,don haka haka,neutral,so thus
4260,don haka ya mutu,negative,so he died
4261,don ilimi ne,neutral,it is for education
4262,don jifa,neutral,to throw
4263,don kariya ne,neutral,it is for protection
4264,don kawo ku zuwa saman,positive,to bring you to the top
4265,don kira,neutral,to call
4266,don me zai kai ku?,neutral,why should he take you?
4267,don mutane ne,neutral,it is for people
4268,don nadama,neutral,to regret
4269,don nishadi ne,positive,it is for fun
4270,don nufin,neutral,to aim
4271,don rainin hankali,negative,a banalize
4272,don saduwa,neutral,to meet
4273,don soyayya ne,positive,it is for love
4274,don taimakawa,positive,to help
4275,don tsaro,positive,to guard
4276,don tsayawa,positive,for sympathy
4277,don tsayayya,positive,to resist
4278,don tunawa da yara,neutral,to remember the children
4279,don wasanni ne,neutral,it is for sports
4280,don yin oda,neutral,to order
4281,douche jakar,negative,douche bag
4282,duba bawul,neutral,check valve
4283,duba bayyana,neutral,look appear
4284,duba cikinsa,neutral,look into it
4285,duba da kyau,neutral,look closely
4286,duba kuma,neutral,check again
4287,duba shi,neutral,check it
4288,duba shi sosai,neutral,check it thoroughly
4289,dubi abin da ke faruwa,neutral,see what's happening
4290,dubi karuwar,neutral,look at the increase
4291,dubi misalin,neutral,take a look at illustrate
4292,dubun malaman makaranta,neutral,tens of thousands of school teachers
4293,duhu sosai,negative,very dark
4294,duhu-duhu,negative,dark-dark
4295,duhuwar dare,negative,darkness of the night
4296,duk abin da yake,neutral,whatever it is
4297,duk abin farin ciki ne,positive,it's all blissful
4298,duk abin mamaki ne,positive,it's all resplendent
4299,duk arewa,neutral,all north
4300,duk babu son kai ne,negative,it was all unselfish
4301,duk babu wasa,negative,it was all matchless
4302,duk da haka shi ne,neutral,"however, it is"
4303,duk da haka wani abu ne,neutral,"however, it is something"
4304,duk da haka yana da aure,positive,"however, he is married"
4305,duk da haka yana da wani abu dabam,neutral,"however, it's something else"
4306,duk hanyar,neutral,all the way through
4307,duk hanyar kewaye,neutral,all the way around
4308,duk inda nake ba shi da kyau,negative,"no matter where i am, it is not good"
4309,duk maganar banza ce,negative,it is all nonsense
4310,duk sun mutu,negative,they are all dead
4311,duk suna nutsewa,neutral,they are all drowning
4312,duk suna raye,positive,they are all alive
4313,duk wani abu,neutral,any thing
4314,duk yana da kyau,positive,it is all beautiful
4315,duk yana da tsauri,negative,it is all strict
4316,duk yaran sun fusata,negative,all the boys were angry
4317,duka kasa,negative,beating down
4318,duka ne,neutral,it was a beat
4319,duka shi,neutral,all of it
4320,duka su,negative,beat them up
4321,duka uwar da bulala,negative,beat the mother with a whip
4322,duka yadauka,neutral,took entirely
4323,dukan mutanen sun fusata,negative,all the people are angry
4324,dukansa akayi,negative,beaten him  up
4325,dukansu masu barna ne,negative,they are all spoilers
4326,dukansu suna cin karo da juna,negative,both are conflicting
4327,dukiya ce,neutral,it is property
4328,dukiya kyauta ce,positive,wealth is a gift
4329,dukiya mace ce,positive,wealth is a woman
4330,dukiya mai albarka,positive,a blessed property
4331,dukiyar abokai ce,neutral,it is the property of friends
4332,dukiyar al'umma ce,neutral,it is the property of the community
4333,dukiyar jama'a ce,neutral,it is public property
4334,dukiyar kawuna ce,neutral,it is my uncle's property
4335,dukiyar mace ta gari,positive,wealth of a good woman
4336,dukiyar mahauci ce,neutral,it is the property of the butcher
4337,dukiyar malamai ce,neutral,it is the property of teachers
4338,dukiyar manyan mata,positive,the wealth of older women
4339,dukiyar manyan yara,positive,the property of the older children
4340,dukiyar masu ibada,neutral,the property of worshipers
4341,dukiyar mata ce,neutral,it is the property of women
4342,dukiyar mutanen fatawa,neutral,the wealth of the people of fatwa
4343,dukiyar tela ce,neutral,it is a tailor's property
4344,dukiyar wanda ya yi fatara,negative,the property of the bankrupt
4345,dukiyar wanzami ce,neutral,it is a barber's property
4346,dukiyar yan fansho ne,neutral,it is the property of the pensioners
4347,dukiyar 'yan sanda ce,neutral,it is the property of the police
4348,dukiyar yara ce,neutral,it is a child's property
4349,dukiyarmu,neutral,our property
4350,dukiyarsu ce,positive,their wealth
4351,dukiyata ce,neutral,it is my property
4352,dukiyoyin shugabanni ne,neutral,it is the property of the leaders
4353,dukkan su,neutral,all of them
4354,dukkansu ba su da kyau,negative,they are all bad
4355,dukkansu makaryata ne,negative,they are all liars
4356,dukkansu shubuha ne,negative,they are all ambiguities
4357,dukkansu talakawa ne,negative,they are all poor
4358,dullard kare ne,negative,the dullard is a dog
4359,dumama guri,neutral,heating place
4360,dumin zuciya,positive,warm hearted
4361,duniya ce,neutral,it's a planet
4362,duniya fashion,neutral,the fashion world
4363,duniya mai suna galaxy,neutral,a universe called the galaxy
4364,duniya na zafi,negative,the world of pain
4365,duniya ta shahara,positive,the world is famous
4366,dusar kankarar ta lalata motar,negative,the snow destroyed the car
4367,dutse ne,neutral,it's a mount
4368,dutsen dutse ne,neutral,the mountain is a mountain
4369,dutsen ginshiki,neutral,a cornerstone
4370,dutsen ginshiki ne,neutral,it's a cornerstone
4371,dutsen na gaba,neutral,next mountain
4372,dutsen yana da dutse,neutral,the mountain has a mountain
4373,duwatsu masu daraja,positive,precious stones
4374,duwatsu masu hatsari,negative,dangerous rocks
4375,duwawu yayi zafi,negative,anus hurts
4376,ecstasy magani ne,negative,ecstasy is a drug
4377,edify kalma ce,neutral,edify is a word
4378,edify shine abin da yake,neutral,edify is what it is
4379,ee amsa,neutral,"yes, reply"
4380,ee cikin murna,positive,"yes, gleefully"
4381,ee da kyau,neutral,"yes, nobly"
4382,ee gaskiya ne,neutral,"yes, it's true"
4383,ee haka ne,neutral,"yes, it is"
4384,ee hannu daya,neutral,yes one arms
4385,ee ina yi,neutral,"yes, i do"
4386,ee makamashi,neutral,"yes, energy"
4387,ee tabbas,neutral,"yes, sure"
4388,ee tabbatar,neutral,"yes, confirm"
4389,ee tsine,negative,"yeah, damn"
4390,eh daidai,positive,"oh yes, correct"
4391,eh gaskiya,negative,"yes, honestly"
4392,eh sun yi,neutral,yes they did
4393,ehh iya,neutral,"yes, right"
4394,ehh tabbas,neutral,"yes, definitely"
4395,elan mutum ne,neutral,elan is a person
4396,enrapture ake yi,neutral,enrapture is performed
4397,estate ne,neutral,it is an estate
4398,fabiani mahaifiyarsa ce,neutral,fabiana is her mother
4399,fada masa,neutral,tell him
4400,fada min me zan yi,neutral,tell me what to do
4401,fada ne na manya,negative,it is a fight for the elders
4402,fadada zuwa sababbin wurare,neutral,expand to new areas
4403,fadakarwa ce,negative,it's fallaciousness
4404,fadakarwa makarantu,positive,enlighten schools
4405,fadama na,neutral,my swamp
4406,fadan abu,neutral,told
4407,fadan dabbobi ne,negative,it is an animal fight
4408,fadan jariri ne,negative,it is a baby fight
4409,fadan mashaya ne,negative,it is a bar fight
4410,fadan saniya ne,negative,it is a cow fight
4411,fadar ku,neutral,your palace
4412,fadawa ce,negative,it was the fallout
4413,fadi ne,neutral,it's wide
4414,fadi sosai,positive,very broad
4415,fadin batsa,negative,say obscenities
4416,fadin gaskiya,positive,tell the truth
4417,fadin kugu,negative,wide waist
4418,fadowa ce,negative,falling
4419,faduwa ce,negative,it's fall
4420,faduwa gaba,negative,fading hope
4421,faduwa ne,negative,it was downfall
4422,faduwar ta kare,negative,the fall is over
4423,fahimta al'amarin,neutral,understand the matter
4424,fahimta ce,positive,understand
4425,fahimta ko zurfin tunani,positive,understanding or deep thinking
4426,fahimta sosai,positive,very understanding
4427,fahimtar abin da kuke cewa,neutral,understand what you're saying
4428,fahimtar hakan,neutral,understand that
4429,fahimtar ibada,positive,enlightenment of worship
4430,fahimtar ilimi,positive,enlightenment of education
4431,fahimtar juna,positive,understanding each other
4432,fallacy ne,negative,it's fallacies
4433,falo kamar haka,neutral,living room like that
4434,falsafa ce,neutral,it is philosophy
4435,falsafa tana da kyau,positive,philosophy is good
4436,falsafar abubuwa,neutral,the philosophy of things
4437,fam din,neutral,the pound
4438,fama yana da hatsari,negative,swamps are dangerous
4439,fan talaka ne,negative,fan is poor
4440,fannonin yaudara,negative,fields of treachery
4441,fansa ce,negative,it is a revenge
4442,fansa hakki ne,positive,redemption is a right
4443,fansa ya faru,neutral,redemption took place
4444,fansan duka,negative,revenge of all
4445,fantasy ne,neutral,it is a fantasy
4446,fara daukan darasi,neutral,beginning of the lesson
4447,fara mara kyau,negative,start bad
4448,fara matattu,negative,start dead
4449,fara tafiya,neutral,begin the journey
4450,fara yanzo,neutral,start now
4451,faransanci mai karfi,positive,strong french man
4452,faranti ne mai tsafta,positive,it is a clean plate
4453,farantin karfe,neutral,the plate
4454,farar niyya,neutral,white intention
4455,farashi mai tsada,negative,expensive price
4456,farashin guba,negative,the price of poison
4457,farashin maisauki,neutral,less  price
4458,farashin ne,neutral,it is the price
4459,farashin rangwame,positive,discounted prices
4460,farashin ya yi kasa,negative,the price was low
4461,farashin yana da kasa sosai,neutral,the price is very low
4462,farautar barayi,negative,hunt for thieves
4463,farawa mai kyau,positive,a good start
4464,farce ce,negative,it's a farce
4465,faretin ne,negative,the parade
4466,farfado da mugunta,negative,revival of evil
4467,farfadowa ce,positive,recovery
4468,farfadowar tana sake faruwa,negative,the revival is happening again
4469,farfaganda ce tsantsa,positive,it is pure propaganda
4470,farfesa farfesa ne,neutral,the professor is a professor
4471,farfesa mai ritaya,neutral,a retired professor
4472,farfesan jami'a,neutral,a university professor
4473,farfesan jami'a mai fara'a,positive,a cheerful university professor
4474,fari kyakkyawa,positive,white beauty
4475,farin ciki kawai,positive,just happy
4476,farin ciki kawu,positive,happy uncle
4477,farin ciki malaman makarantar firamare,positive,happy elementary school teachers
4478,farin ciki masu karbar fansho,positive,happy pensioners
4479,farin ciki na,positive,my happiness
4480,farin cikin hadin kai,positive,the happiness of the united
4481,farin cikin kafinta ne,positive,it is a carpenter's happiness
4482,farin cikin ku,positive,your happiness
4483,farin cikin ma'aikata,positive,the happiness of the workers
4484,farin cikin maginin ne,positive,it is the builder's happiness
4485,farin cikin makiyayi ne,positive,it is a shepherd's happiness
4486,farin cikin malamai,positive,the happiness of the teachers
4487,farin cikin malamai ne,positive,it is the happiness of the teachers
4488,farin cikin malaman coci,positive,the joy of the church teachers
4489,farin cikin malaman makaranta ne,positive,happy school teachers
4490,farin cikin manoma ne,positive,it is the happiness of the farmers
4491,farin cikin maroka ne,positive,it is the happiness of beggars
4492,farin cikin masoya ne,positive,it is the happiness of lovers
4493,farin cikin mata ne,positive,it is a woman's happiness
4494,farin cikin matan mu,positive,the happiness of our women
4495,farin cikin zumunta,positive,the joy of kinship
4496,farin jini,positive,lovely person
4497,farkawa a bacci,neutral,waking up
4498,farko ne,neutral,it was initial
4499,farkon haduwar mu mai dadi,positive,the beginning of our pleasant meeting
4500,fartanya ya bugi mai,negative,the hoe hits the oil
4501,fasa kai,negative,cracked scalp
4502,fasaha ce,neutral,it's technology
4503,fasaha ce ta sadarwa,positive,it is a communication skill
4504,fasaha mai ban sha'awa,positive,impressive technology
4505,fasahar injina,negative,mechanical ingenuity
4506,fashe da warwatse,neutral,cracked and scattered
4507,fashi da makami,negative,armed robbery
4508,fashin jirgin ruwa,negative,boat robbery
4509,fashin teku,neutral,pirated
4510,fashist dan farkisanci ne,negative,the fascist is a fascist
4511,fasinja fasinja ne,neutral,the passenger is a passenger
4512,fasinjoji fa?,neutral,what about passengers?
4513,fassara kanana ne,negative,the cracks are small
4514,fasto mai kirki,positive,a kind pastor
4515,fata ne,neutral,it is leather
4516,fatan kyakkyawan karshe,positive,hope for a good ending
4517,fatan mu,neutral,our skin
4518,fatan nasara,positive,hope for success
4519,fatana shine,positive,it is my hope
4520,fatanmu ce,neutral,our hope
4521,fatar jiki,neutral,the skin on the body
4522,fatar mutum,neutral,the skin of the person
4523,fatar ta yi laushi,negative,the skin was flaky
4524,fate ta yi rawa ga wakan,positive,fate danced to the music
4525,fayil fayil ne,neutral,the file is a file
4526,fayil ne,neutral,it is a file
4527,fdan alade ne,negative,it is a pig fight
4528,fib ne,neutral,it's a fib
4529,ficcencen ne,positive,it is outstanding
4530,ficecce  abu,positive,outstanding
4531,fifiko akan zalunci,negative,priority over oppression
4532,fifiko ne,neutral,it's a preference
4533,fihirisa ce,neutral,it's an index
4534,filastik mai kyau,positive,good plastic
4535,filastik ne cikakke,positive,it is perfect plastic
4536,filin fada da duka,negative,the field of fighting and beating
4537,filin garin,neutral,the plot of the town
4538,filin ilimi ne,neutral,it is an academic field
4539,filin jirgin sama,neutral,the airport
4540,filin jirgin sama mai tsari,positive,an organized airport
4541,filin noma ne,neutral,it is an agricultural field
4542,filin wasa,neutral,a playground
4543,fim din game da wani abu ne,neutral,the movie is about something
4544,fim ne,neutral,it's a film
4545,firam din yana da girma,neutral,the frame is large
4546,firamare shine,neutral,the primary is
4547,firgita da shi,negative,alarmed by it
4548,firimiya mai kyau,positive,excellent premier
4549,fita da gari ya waye,neutral,go out at dawn
4550,fita daga hayyacin ka,negative,get out of your mind
4551,fita daga kungiyar,neutral,get out of the union
4552,fita mai hankali,positive,out smart
4553,fita waje,neutral,out
4554,fitacciya ce,positive,good fit
4555,fitacciyar mace,positive,an outstanding woman
4556,fitar da mutum,negative,eviscerate a person
4557,fitar da shi,negative,outstrip it
4558,fitar da wani abu,negative,excoriate from something
4559,fitar fuska,neutral,face filler
4560,fitilolin mota,neutral,streetlights
4561,fitinar rashin kunya,negative,shameless trial
4562,fitinarsu ce?,negative,is it their trial?
4563,fiye da,neutral,more than
4564,fiye da haka,neutral,more than that
4565,fiye da wasu,positive,more than others
4566,fiye da yadda aka saba,positive,more than usual
4567,fiye da yadda ake tsammani,positive,better than expected
4568,flakiness yana nan,negative,flakiness is present
4569,flareups yana faruwa,neutral,flareups occur
4570,flicker gajere ne,negative,the flicker is brief
4571,flimflam wuta ce,positive,flimflam is a fire
4572,foda ce,neutral,it is a powder
4573,fudge ne,negative,it's fudge
4574,fure ce,neutral,it is a flower
4575,fure mai kyau sosai,positive,a very beautiful flower
4576,fure-fure suna damuwa,negative,the frets are frets
4577,furen fure ne,neutral,the flower is a flower
4578,furen ya tashi,neutral,the rose was up
4579,furodusa mutum ne,neutral,the producer is a person
4580,fursuna a cikin aure,negative,a prisoner in marriage
4581,fursunoni biyu sun mutu,negative,two prisoners died
4582,fursunoni ne,negative,it's a cons
4583,fusata fursunoni,negative,anger the prisoners
4584,fusata masu zanga-zangar,negative,anger the protestors
4585,fusata 'yan majalisa,negative,infuriate the lawmen
4586,fusata 'yan ta'adda,negative,infuriate the terrorists
4587,fusatattun bayi,negative,enraged slaves
4588,fusatattun jami'an kwastam,negative,angry customs officials
4589,fusatattun malamai,negative,angry teachers
4590,fusatattun malaman makaranta,negative,angry school teachers
4591,fushi bai dace ba,negative,anger is not right
4592,fushi da dabbobi,negative,angry with animals
4593,fushi masu ceto,negative,anger the saviors
4594,fushi na sosai da sosai,negative,"very, very angry"
4595,fushi ne,negative,anger
4596,fushi sosai,negative,very angry
4597,fushin da aka daidaita,negative,anger that has been moderated
4598,fushin da ke hana magana,negative,anger that prevents speech
4599,fushin fursunonin ne,negative,prisoners' anger
4600,fushin ma'aikata ne,negative,it is the workers' anger
4601,fushin mace ne,negative,it is a woman's anger
4602,fushin manya,negative,angry adults
4603,fushin manyan,negative,the anger of the great
4604,fushin mayu ne,negative,it is the anger of witches
4605,fushin mutum ne,negative,it is a man's anger
4606,fushin shugabanni ne,negative,it is the anger of the leaders
4607,fushin yan banga ne,negative,vigilantes' vigilantes
4608,fushin 'yan bindigar ne,negative,gunmen's anger
4609,fushin 'yan sanda ne,negative,police's anger
4610,fushin yara ne,negative,childish anger
4611,fuskantar hatsaari,negative,facing danger
4612,fuskar mutum,neutral,a person's face
4613,fuskar shanu ba ta da kyau,negative,the face of the cows is not good
4614,fuskoki biyu ba su da kyau,negative,two faces are not good
4615,futo da gaskiya,positive,highlight the truth
4616,fyade ce,negative,rape
4617,fyaucewa ya faru,positive,rapture happened
4618,fyaucewa zai faru,neutral,the rapture will take place
4619,ga alama,neutral,looks like
4620,ga alama bakin ciki,negative,seemingly sad
4621,ga alama gaskiya ne,neutral,seem to be true
4622,ga alama m,negative,seemingly aggressive
4623,ga alama mai dadi,neutral,seemingly merrily
4624,ga alama mai tashin hankali,negative,seemingly boisterous
4625,ga alama rashin gaskiya,negative,seemingly discourteously
4626,ga cutar,negative,here is the disease
4627,ga matsalolin,negative,here are the problems
4628,gaba daya,positive,completely
4629,gaba daya aka yi,neutral,it was completely done
4630,gaba daya babu abin da ya shafa,negative,it's completely unaffected
4631,gaba daya cikin rashin kunya,negative,completely brazenly
4632,gaba daya makaho ne,negative,it is completely blind
4633,gaba daya rashin mutunci,negative,completely disdainfully
4634,gaba daya tsirara,neutral,completely nude
4635,gaba d'aya ya b'ace,negative,it was completely dumbfounded
4636,gaba daya ya lalace,negative,completely depraved
4637,gaba daya yana da kyau,positive,overall it was good
4638,gabadaya gabadaya ne,neutral,"generally, it's generally"
4639,gabadaya mai ban tsoro,negative,completely cataclysmically
4640,gabadaya ya kasance gabadaya,neutral,"overall, it was overall"
4641,gabanin lokaci,positive,ahead of time
4642,gabatar da kara a gaban kotu,positive,prosecution before the court
4643,gabatar da kyauta,positive,present a gift
4644,gabatar da shi,neutral,introduce it
4645,gabatar da wanda ya aikata laifin,positive,prosecution of the offender
4646,gabatar da yankin,neutral,presenting the area
4647,gabatarwa a takaice,neutral,the introduction is brief
4648,gabatarwa ce,neutral,it is an introduction
4649,gabatarwa marar kyau,negative,poor presentation
4650,gada ce,neutral,is bridge
4651,gadaje ne masu kyau,positive,they are beautiful beds
4652,gadar tana kan ruwa,neutral,the bridge is over water
4653,gado mai dadi,positive,a comfortable bed
4654,gado ne,neutral,it's heritage
4655,gado yana tsare,neutral,the bed is secured
4656,gadon dan uwa daya bata,neutral,the legacy of a lost family member
4657,gadon jinya,negative,nursing bed
4658,gafala ne,negative,it's heedless
4659,gafara ya fi,positive,forgiveness is better
4660,gaggauta ba kyau,negative,haste is not good
4661,gaggauta mana,neutral,hurry up for us
4662,gai da mutane sosai,neutral,greet people very much
4663,gaiety yana da kyau,positive,gaiety is good
4664,gaishe da ,positive,greetings
4665,gaisuwa ce,positive,it is a greeting
4666,gaisuwa da addu'a,neutral,greetings and prayers
4667,gaisuwa ga al'umma,positive,greetings to the community
4668,gaisuwa ga masu son ta,positive,cheers to those who love it
4669,gaisuwa ta,positive,my best regards
4670,gaisuwar girmamawa,positive,salutations of honor
4671,gajere ba daidai ba ne,neutral,short is not right
4672,gajere ne,neutral,short man
4673,gajeren waka mai dadi,neutral,a short sweet song
4674,gaji ne,negative,it is fatigue
4675,gajimare ne,neutral,it is a cloud
4676,gajiya bai isa ba,negative,fatigue is not enough
4677,gajiya ce,negative,it is exhaustion
4678,gajiya da gani,negative,tired of seeing
4679,gajiyan jiki,negative,fatigue
4680,gamawa ce,neutral,is finished
4681,gamayyar masoya shayi,neutral,a union of tea-lovers
4682,game da hakan,neutral,about that
4683,game da jaririn fa?,neutral,what about the baby?
4684,game da nasarori fa?,neutral,what about successes?
4685,game da shi,neutral,about it
4686,game da sulhu fa?,neutral,what about reconciliation?
4687,gamsar da al'umma,neutral,community satisfaction
4688,gamsuwa ce,positive,complacency
4689,gamuwa ce,neutral,it was an encounter
4690,ganawa da abokai,positive,meeting with friends
4691,gane abubuwa masu kyau,positive,realize the good things
4692,ganewa ce,neutral,identification
4693,ganewa ne,neutral,it's recognition
4694,ganewar asali abubuwa,neutral,an objective diagnosis
4695,ganewar ma'aikata,positive,employee recognition
4696,ganguna ne masu kyau,positive,they are beautiful drums
4697,gani ne,neutral,it's sight
4698,ganima ce ta masu hannu da shuni,positive,it is the spoils of the rich
4699,ganin yana da kyau,positive,the vision is good
4700,gano damuwa,neutral,figuring out confound
4701,gano shi,neutral,discover it
4702,gano wani abu,neutral,finding something
4703,gano wasu kurakurai,neutral,identify these errors
4704,ganuwa sosai,positive,very visible
4705,ganyayyaki da yawa,neutral,a lot of leaves
4706,gara mai sa'a,positive,better luckier
4707,gara ya ci abinci,positive,he had better eat
4708,garaji mai tsaro,positive,secured garage
4709,garanti mai kyau,positive,good warranty
4710,garanti ne,neutral,it is a guarantee
4711,gareji ne,neutral,it is a garage
4712,gargade mu,negative,warn us
4713,gargadi don gyarawa,neutral,warning for correction
4714,gargadi gefe,neutral,warn side
4715,gargadi mai kyau,positive,good warning
4716,gargadi ne a gare shi,negative,it is a warning to him
4717,gargadi ya dace,positive,warning to be appropriate
4718,gari ne cikakke,positive,it is a perfect city
4719,gari ya waye,neutral,it's dawn
4720,garin gari ne,neutral,the town is a town
4721,garin ghetto ne,negative,the ghetto is a ghetto
4722,garin teku ne,neutral,it's the coast
4723,garin yana cikin gari,neutral,the city is downtown
4724,garin yana da birni,neutral,the city has a city
4725,garin yana da gari,neutral,the town has a town
4726,garina yayi gobara,negative,my city is on fire
4727,garish ne,neutral,it's garish
4728,garkuwa da mace,neutral,shield and woman
4729,garkuwa ne,neutral,shield
4730,garkuwar jiki,neutral,body shield
4731,gas ne,neutral,it's gas
4732,gasa ce,neutral,it is a competition
4733,gasa ne,neutral,contest
4734,gasar akuyoyi ce,neutral,it is a goat race
4735,gasar wakar mutum biyu,neutral,a two-man song contest
4736,gasar zalunci,negative,brutal competition
4737,gashi da datti,negative,hairy and dirty
4738,gashi mai gashi,neutral,hairy hair
4739,gashi ne,neutral,hair
4740,gaskiya abin bakin ciki ne,negative,it's really sad
4741,gaskiya abin banza ne,negative,it's really crap
4742,gaskiya abin kunya ne,negative,it was really bashful
4743,gaskiya bansaniba,neutral,honestly i don’t know
4744,gaskiya ce,neutral,it is truth
4745,gaskiya da jajircewa,positive,really daringly
4746,gaskiya gamsuwa,positive,real satisfaction
4747,gaskiya gaskiya ce,neutral,truth is true
4748,gaskiya kuma mai dadi,positive,true and sweet
4749,gaskiya mahaukaci ne,negative,it's really crazy
4750,gaskiya mai dadi,positive,fun facts
4751,gaskiya mai tsanani,negative,really grievous
4752,gaskiya ne,neutral,it is true
4753,gaskiya sosai,positive,very honest
4754,gaskiya yayi kyau,positive,really good
4755,gaskiyar gaskiya,positive,the real truth
4756,gatan ku,neutral,your privilege
4757,gatan mu,neutral,our privilege
4758,gatari ne,neutral,an ax
4759,gatari saran gajere,neutral,a short chopping axe
4760,gatari yana saran mutane,negative,an ax chops people
4761,gauche ne,neutral,it's gauche
4762,gawa a sama,negative,a corpse in the sky
4763,gaya min karin,neutral,tell me more
4764,gayyatan taro,positive,invitation
4765,gayyato abokai,neutral,invite friends
4766,gayyato wasu,neutral,invite others
4767,gazawa ne,negative,failure
4768,gear na siyarwa,neutral,gear for sale
4769,gear ne,neutral,it's gear
4770,gefe daya,neutral,one side
4771,gefe ne,neutral,it is edge
4772,gefen hagu,neutral,left
4773,gefen titin ba shi da kyau,negative,the side of the road is not good
4774,gefen wuri,neutral,venue side
4775,gem ne,positive,it's a gem
4776,getto ne,negative,it's a ghetto
4777,gibberish ne,negative,it is gibberish
4778,giciye ba shi da kyau,negative,the cross is not good
4779,gida a tsare,neutral,house in custody
4780,gida barasa ce,negative,it is a bar of alcohol
4781,gida mai daraja,positive,a precious home
4782,gida mai inganci,positive,quality home
4783,gida mai karfi,positive,strong house
4784,gida mai kyau,positive,a beautiful house
4785,gida na musamman,positive,a special home
4786,gida ne,neutral,it is home
4787,gida ne cikakke,positive,it is a perfect home
4788,gida ne mai kyau,positive,it is a beautiful home
4789,gida ne mai tsafta,positive,it is a clean house
4790,gidaje da yawa,neutral,a lot of houses
4791,gidan baya,neutral,back house
4792,gidan cin abinci,neutral,the restaurant
4793,gidan datti,negative,dirty palazzo
4794,gidan fada,negative,the fight house
4795,gidan gida,neutral,a household
4796,gidan gidan,neutral,the cabin
4797,gidan hoton yana da hotuna,neutral,the gallery has photos
4798,gidan jinginar gida,neutral,the mortgage
4799,gidan kaji mai kyau,positive,good poultry farm
4800,gidan karuwai,negative,house of prostitutes
4801,gidan kayan gargajiya,neutral,the museum
4802,gidan makwabta ne,neutral,it is a neighbor's house
4803,gidan rago mai kyau,positive,a neat lamb's nest
4804,gidan sadaka,neutral,almshouse
4805,gidan soja,neutral,a military home
4806,gidan studio,neutral,the studio
4807,gidan tattabara mai kyau,positive,a neat pigeon house
4808,gidan tsuntsu ne,neutral,it is a bird's nest
4809,gidan wanka,neutral,the bathroom
4810,gidan wanka yana da tsaro,positive,the bathroom is secure
4811,gidan wasan kwaikwayo,neutral,the theater
4812,gidan wasan kwaikwayo yana da wurin zama,neutral,the theater has seating
4813,gidan yana da girma,neutral,the chamber is large
4814,gidan yana rawa,negative,the house creaks
4815,gidan yanar gizo,neutral,the web
4816,gidan yanar gizon shine,neutral,the net is
4817,gidan yanar gizon tsoro,neutral,the web of fear
4818,gidan zane mai kyau,positive,a well-designed gallery
4819,gidan zuhudu,neutral,the convent
4820,gidauniya ce,neutral,it is a foundation
4821,gilashi mai kyau,positive,nice glass
4822,gilashin garaya,neutral,the harp bit
4823,gilashin gas,neutral,a bottle of gas
4824,gimbiya ce,neutral,princess
4825,gimmick ne,negative,it was a gimmick
4826,gina wani abu mai kyau,positive,build something good
4827,gine mai karfi,positive,strong building
4828,gine-gine ne,neutral,it is construction
4829,ginin falon,neutral,a palatial building
4830,ginin ne,neutral,it's a construct
4831,ginshikin alheri,positive,a pillar of grace
4832,girbi mai kyau,positive,a good harvest
4833,girgiza hannu,neutral,shake hands
4834,girgiza kai,neutral,trembling
4835,girgiza kai don babu hanya,neutral,shaking your head to show no way
4836,girgiza kai sosai,neutral,very shaken
4837,girgiza mai laifi,negative,shake the culprit
4838,girgizar kasa,negative,earthquake
4839,girma ce,positive,growing up
4840,girmama abin hawa,positive,respect the vehicle
4841,girmama aikin sa kai,positive,respect for volunteer work
4842,girmama ba aure ba ne,positive,respect is single
4843,girmama dattawa,positive,respect the elders
4844,girmama dattawa yana da kyau,positive,respecting elders is good
4845,girmama direbobi,positive,respect the drivers
4846,girmama fannoni,positive,honoring the disciples
4847,girmama hakkin dan adam,positive,respect for human rights
4848,girmama iyaye ne,positive,it is respect for parents
4849,girmama jami'an gwamnati,neutral,promotion of government officials
4850,girmama jami'an kwastam,neutral,promotion of customs officials
4851,girmama kai yana da dadi,positive,self-respect is sweet
4852,girmama ma'aikata,positive,respect the workers
4853,girmama malamai ne,neutral,elevation is teachers
4854,girmama marowaci ne,positive,respect is a beggar
4855,girmama marubuta,positive,respect the writers
4856,girmama masu ibada,positive,respect worshipers
4857,girmama masu sana'a,positive,respect the artisans
4858,girmama masu tara shara,positive,respect the garbage collectors
4859,girmama mata da kiyayesu,positive,respect and protect women
4860,girmama mata ne,positive,it is respect for women
4861,girmama mijinta ne,positive,it is honoring her husband
4862,girmama ne,positive,it's honoring
4863,girmama shugabanni,positive,respect for leaders
4864,girmama shugabanni ne,positive,it is respect for heads
4865,girmama 'yan uwantaka ne,positive,respect is brotherhood
4866,girmama yaronka ne,positive,respect is your child
4867,girmama zumunci ,positive,respect is friendship
4868,girmamawa a wurin aiki,positive,respect at work
4869,girmamawa abinci ne,positive,respect is your food
4870,girmamawa aikinku ne,positive,respect is your duty
4871,girmamawa magini ne,positive,respect is a builder
4872,girmamawa ne,positive,honor
4873,girmamawa wajibi ne,positive,respect is necessary
4874,girmamawa yana da kyau,positive,respect is good
4875,girman abun,neutral,the size of the object
4876,girman girma,positive,the grandeur
4877,girman hula,negative,cap size
4878,girman jiki ba shi da kyau,negative,body size is not good
4879,girman ka,neutral,your greatness
4880,girman kai,negative,ruthless
4881,girman kai ba shi da kyau,negative,pride is not good
4882,girman kai da kyautatawa,positive,pride and kindness
4883,girman kai shine,negative,egotism is
4884,girman kai wani abu ne,negative,egotism is something
4885,girman laifin,negative,the extent of the crime
4886,girman rashin kunya,negative,shameless growth
4887,girman sa,neutral,the dimensions of it
4888,girman shi ne,neutral,it is the size
4889,gishiri kadan yana da illa,negative,a little salt is harmful
4890,gishiri mai inganci,positive,a quality pot
4891,gishiri ne,neutral,it's salt
4892,giwa tafadi,neutral,elephant fall
4893,giya ba shi da kyau,negative,beer is not good
4894,giya ce,negative,beer
4895,gizagizai ne,negative,it's clouding
4896,gizari ya tsufa,negative,the geezer is old
4897,gobarar daji,negative,forest fire
4898,gobe ne,neutral,it is tomorrow
4899,godiya ce,positive,it's godsend
4900,godiya ce nake godiya,positive,it is gratitude that i am thankful for
4901,godiya da yawa,positive,thanks a lot
4902,godiya ga abokai,positive,tribute to friends
4903,godiya ga allah,positive,thank god
4904,godiya ga jami'an tsaro,positive,appreciation of the security forces
4905,godiya ga ma'aikata,positive,appreciation of the workers
4906,godiya ga mai siyarwa,positive,appreciation of the seller
4907,godiya ga malamin gona,positive,appreciation of the farm teacher
4908,godiya ga malamin jami'a,positive,appreciation of the university teacher
4909,godiya ga masu kula da waje,positive,appreciation of outside supervisors
4910,godiya ga masu yin,positive,kudos to the makers
4911,godiya ga 'yan sanda,positive,appreciation to the police
4912,goga masa,neutral,brush on him
4913,goge baki,neutral,polish
4914,goge da,neutral,erase with
4915,goge datti,positive,wipe away dirt
4916,goge matsala,negative,erase the trouble
4917,goge tabarma,neutral,wipe off the mat
4918,goggo tana da kirki,positive,my aunt is kind
4919,goma lamba ce,neutral,ten is a number
4920,gonaki ne masu kyau,positive,they are beautiful farms
4921,goof ya kasance,negative,the goof was
4922,goyon baya,positive,given support
4923,goyon bayan da babu shakka,neutral,unequivocal support
4924,goyon bayan ku,neutral,support you
4925,grey amma ba kyau,negative,gray but not good
4926,grumpier fiye da da,negative,grumpier than before
4927,guba ba shi da kyau,negative,poison is not good
4928,guba ce,negative,it is a poison
4929,guba tsaba,negative,poison seeds
4930,guba ya kwarara,negative,poison flow
4931,gubace da ita,negative,poisonous
4932,gubar ya fi girma,neutral,the lead is larger
4933,guda ne,neutral,it is a piece
4934,guda uku kafaffen cricket jemagu,neutral,three fixed cricket bats
4935,gudanar da shi,neutral,administering it
4936,gudanarwa yana nan,neutral,the administration is in place
4937,gudu da sauri,neutral,run fast
4938,gudu mai tsarki ne,positive,run is pure
4939,gudu zuwa daya bangaren,negative,flee to the other side
4940,gudu zuwa wancan gefen,neutral,run to the other side
4941,gudumawa ,positive,donation
4942,gudummawa ne,positive,donate
4943,gudun guduma yara ne,positive,the hammers are children
4944,gudun yana da sauri,neutral,the speed is fast
4945,gudunmawa ce,positive,it was a contribution
4946,gudunmawa daga marubuta ne,positive,contributions are from writers
4947,gudunmawa gungiyoyi ne,positive,contributions are groups
4948,gudunmawa na gidajen yari,negative,hammers of prisons
4949,gudunmawar cibiya ce,positive,they are institutional contributions
4950,gudunmawar gidajen rediyo,positive,contribution of radio stations
4951,gudunmawar gidajen talabijin,positive,contribution of television stations
4952,gudunmawar iyaye ce,positive,it is the contribution of the parents
4953,gudunmawar jaridu ce,positive,it is a contribution of newspapers
4954,gudunmawar ma'aikata ne,positive,contributions are workers
4955,gudunmawar makarantar allo,positive,board school contributions
4956,gudunmawar makarantu ce,positive,they are the contribution of schools
4957,gudunmawar malamai ne,positive,contributions are teachers
4958,gudunmawar masu abinci,positive,contributions of foodies
4959,gudunmawar masu motoci,positive,contributions of car owners
4960,gudunmawar masu shayi,positive,the contributions of the tea makers
4961,gudunmawar shuwagabanni ne,positive,the contributions are leaders
4962,gudunmawar tsare-tsaren gwamnati,positive,contribution of government schemes
4963,gudunmawar turawa ce,positive,it is a contribution of europeans
4964,gudunmawar 'yan siyasa,positive,contributions of politicians
4965,guguwa mai karfi,negative,a strong storm
4966,guguwar iska,negative,a storm of wind
4967,guguwar tana bubbuga,positive,the gush is gushing
4968,guje wa gaskiya,negative,avoiding honesty
4969,gujewa zai yiwu,neutral,evasion is possible
4970,guji magana kai tsaye,neutral,avoid direct speech
4971,gulma akan wani abu,negative,gossip about something
4972,gumaka ne,neutral,it was idols
4973,gumi bai isa ba,neutral,sweat is not enough
4974,gundumar masu laifi,negative,district of criminals
4975,gungiyar kafintoci,neutral,union of carpenters
4976,gurasa a hannun yara,neutral,bread in the hands of children
4977,gurasa a saman,neutral,bread on top
4978,gurasa cakuda kayan abinci,neutral,bread mix ingredients
4979,gurasa mai guba,negative,poisonous bread
4980,gurasar burodi ce,neutral,the bread was bread
4981,gurbatattun malamai ne,negative,it is corrupt teachers
4982,gurbin ajiya,neutral,a cell
4983,gurguwar mutum,negative,a lame man
4984,gwada da wari,neutral,struggle with the smell
4985,gwagwarmaya ce,neutral,it is a struggle
4986,gwaje gwaje,neutral,trials
4987,gwaje-gwajen al'adu daban-daban,neutral,cross-cultural trials
4988,gwaje-gwajen 'yan tsalle-tsalle ne,neutral,the trials are a few skips
4989,gwaji ne,neutral,it's testing
4990,gwajin abu,neutral,the trial
4991,gwajin ce ta jahilci,negative,it is a trial of ignorance
4992,gwajin cin amana,negative,betrayal trial
4993,gwajin daukan sukuru,neutral,the trial of taking screws
4994,gwajin kanjamau,neutral,a hiv test
4995,gwajin ma'aurata ne,neutral,it is a couple's trial
4996,gwajin na manya ne,neutral,the trial is for adults
4997,gwajin rashin abinci,negative,the trial of lack of food
4998,gwajin rashin aure,neutral,the trial of celibacy
4999,gwajin rashin barci,negative,insomnia trials
5000,gwajin rashin ilimi,negative,the trial of lack of education
5001,gwajin rashin iya sadarwa,negative,the trial of the inability to communicate
5002,gwajin rashin lafiya,negative,the trial of illness
5003,gwajin sabbin ma'aurata,neutral,the trial of newlyweds
5004,gwajin 'yan damfara,negative,a trial of rogues
5005,gwajin yunwa,negative,hunger tests
5006,gwajin zurfin ruwa,neutral,water depth test
5007,gwamna mai kirki,positive,a kind governor
5008,gwamna ne,neutral,a governor
5009,gwamna ne ke da iko,neutral,the governor is in charge
5010,gwamnati na tsare,negative,the government is in custody
5011,gwamnatin zalunci,negative,an unjust government
5012,gwanda ne,neutral,papaya
5013,gwanin mutum,positive,skilled person
5014,gwanin yana nan,positive,the talent is there
5015,gwaninta ne,positive,skilled
5016,gwanintar basira,positive,mastery of skills
5017,gwanjo mai wari,negative,a stinking auction
5018,gwargwadon mutum ne,neutral,the glower is a person
5019,gwiwa ce,neutral,it was a knee
5020,gyara da kyau,positive,edit well
5021,gyara kayan ulun,positive,repair woolen goods
5022,gyara mana,positive,correct us
5023,gyara ne,neutral,amendment
5024,gyara shi,positive,fix it
5025,gyara wani abu,neutral,correcting something
5026,gyara yana faruwa,positive,the reform is happening
5027,gyaran gidaje ne,positive,it is a housing improvement
5028,gyaran ta,neutral,her repair
5029,gyaran waya mai wadata,positive,rich phone repair
5030,haadde ce,negative,complex
5031,habakan farashin kaya,negative,increase in the cost of goods
5032,hackers a kan yanar gizo,negative,hackers on the web
5033,hada abubuwa masu kyau,positive,combine good things
5034,hada kansu,neutral,include them
5035,hada shugabannin,neutral,engage the leaders
5036,hada su,neutral,mix them up
5037,hada tare,neutral,put together
5038,hada tare da alheri,positive,connect with kindness
5039,hadaddun ne,negative,it is complex
5040,hadari ce,negative,danger
5041,hadari sosai,negative,very dangerous
5042,hadarin sa,negative,his danger
5043,hadarin ya faru,negative,the crash happened
5044,hadin gwiwar,positive,the cooperation
5045,hadin gwiwar dalibai,positive,student engagement
5046,hadin gwiwar ma'aikata,positive,employee engagement
5047,hadin gwiwar mai fassara,positive,interpreter collaboration
5048,hadin gwiwar malamai,positive,teacher collaboration
5049,hadin injiniyoyi,positive,a combination of mechanics
5050,hadin kai,neutral,a combination
5051,hadin kai direba,positive,driver integration
5052,hadin kai na al'umma,positive,community integration
5053,hadin kai na baki,positive,integration of guests
5054,hadin kai na jami'an tsaro,positive,coordination of security forces
5055,hadin kai na likitoci,positive,the integration of physicians
5056,hadin kai na makiyaya,positive,pastoral unity
5057,hadin kai na malaman coci,positive,the unity of the teachers of the church
5058,hadin kai na zamantakewa,positive,social integration
5059,hadin kai ne,positive,it is togetherness
5060,hadin kai tsakanin ma'aurata,positive,spousal integration
5061,hadin kan al'ummomi akan doka,positive,the unity of nations on the law
5062,hadin kan faransanci,positive,the unity of the french
5063,hadin kan mata,positive,unity of women
5064,hadin kan muminai,positive,the unity of the believers
5065,hadin kan yahudawa,positive,jewish unity
5066,hadin kan 'yan kasa,positive,unity of citizens
5067,hadin kan 'yan kokawa,positive,the unity of the wrestlers
5068,hadin kan yara,positive,children's unity
5069,hadiye abu,positive,swallow
5070,haduwa ce,neutral,it is a combination
5071,haduwa jijiyoyi da tsokoki,neutral,connective nerves and muscles
5072,haduwan masu walda,positive,joining of welders
5073,hafsa mai kirki,positive,a kind officer
5074,haihuwa da yawa,neutral,procreate a lot
5075,haihuwa tayi,neutral,giving birth
5076,haihuwar aikata laifi,negative,born to crime
5077,haikali ne,positive,it is good
5078,ha'inci makirci ne,negative,fraud is a conspiracy
5079,ha'incin azzalumai,negative,the treachery of the unkind
5080,ha'incin azzalumai ne,negative,it is the treachery of the oppressors
5081,ha'incin bakin haure,negative,the treachery of the immigrants
5082,ha'incin gizagizai,negative,the treachery of the clouds
5083,ha'incin kwari,negative,the treachery of insects
5084,ha'incin manyan yara,negative,the treachery of older children
5085,ha'incin masu babur,negative,the treachery of motorcycle owners
5086,ha'incin masu kifi,negative,the treachery of fish owners
5087,ha'incin masu tuya,negative,the treachery of the bakers
5088,ha'incin mutane,negative,the treachery of the people
5089,ha'incin 'yan kwata,negative,the treachery of the quartermasters
5090,haka abin yake,neutral,that's how it is
5091,haka kuma,neutral,moreover
5092,haka kuma banda,neutral,also besides
5093,haka lamarin yake,neutral,it's the case
5094,haka ma haka yake,neutral,too is like that
5095,haka ne,positive,that's right
5096,haka ne a zahiri,neutral,"that's right, literally"
5097,haka ne amo,positive,"yes, resounding"
5098,haka ne bakar fata miyagu ne,negative,"yes, black people and bad people"
5099,haka ne daidai,positive,"that's right, perfectly"
5100,haka ne kash,negative,"that's right, heck"
5101,haka ne kuma,neutral,"yes, too"
5102,haka ne tsine,negative,"that's right, damn"
5103,haka suke,neutral,they are the same
5104,haka ta rasu,negative,that is how she died
5105,haka tsafta take,positive,that is how clean it is
5106,haka ya kasance,neutral,it was like that
5107,haka yake,neutral,it is similar
5108,haka yake ,neutral,that is it
5109,haka yake sosai,neutral,it's very much like that
5110,hakan bai yi kyau ba,negative,that is not good
5111,hakan ya biyo baya,negative,it was the aftermath
5112,hakan ya burge,positive,that was impressed
5113,hakan ya faru kwatsam,neutral,it happened suddenly
5114,hakan ya kasance cikin kaddara,negative,that was fatefully
5115,hakan ya kasance mai halakarwa,negative,that was destructive
5116,hakan ya kasance mai kisa,negative,that was deadly
5117,hakan ya wuce gona da iri,negative,that was outdone
5118,hakan yayi daidai,neutral,that's pretty much right
5119,hakan yayi sa'a,positive,that is lucky
5120,hakanan an cika shi,neutral,also complemented
5121,hakanan an hada,neutral,also included
5122,hakanan kodayake,neutral,"also, although"
5123,hakanan kuma,neutral,"also, also"
5124,hakanan ya kasance mai rikitarwa,negative,it was also complicit
5125,hakika ce,neutral,it was objective
5126,hakika haka yake,neutral,"yes, indeed"
5127,hakika rashin tausayi,negative,"really, brutally"
5128,hakuri ce,positive,patience
5129,hakuri da nishadi,positive,patience and fun
5130,hakuri sosai,positive,very patient
5131,halacci ce,positive,legitimacy
5132,halaka ne,negative,destroy
5133,halakar da masu ciki,negative,destroy the borers
5134,halal da dadi,positive,halal and delicious
5135,halal ne,positive,it is halal
5136,hali mai wahala,negative,difficult behavior
5137,hali ne,neutral,it is circumstance
5138,hali ne mai kyau,positive,it is a good attitude
5139,halin apocalyptic,negative,an apocalyptic situation
5140,halin da ake ciki,neutral,the situation
5141,halin da ake ciki na haywire,negative,the situation is haywire
5142,halin da ba shi da matsala,neutral,it's a problem-free situation
5143,halin halitta ne,neutral,it is a genetic trait
5144,halin halittar mutum,neutral,a person's genetic makeup
5145,halin mutum,neutral,the personality of the person
5146,halin tashin hankali,negative,aggressive behavior
5147,halin zamani,neutral,the state-of-the-art
5148,halittar wani abu,neutral,the creation of something
5149,halittu halitta ce,neutral,the creature is a creature
5150,hamma mai dadi,positive,yawning sweetly
5151,hana abu,neutral,prevent
5152,hana cuta,positive,prevent a disease
5153,hana farin cikin ma'aikaci,negative,prevent employee happiness
5154,hana faruwa,negative,deter from happening
5155,hana iyaye farin ciki,negative,depriving parents of happiness
5156,hana jin dadin mata,negative,prevent women's happiness
5157,hana kyauta ga ma'aikata,negative,ban gifts to employees
5158,hana marayu jin dadi,negative,depriving orphans of happiness
5159,hana mu,neutral,forbid us
5160,hana wa,negative,inhibitions
5161,haney farin ciki ne,positive,haney is happiness
5162,hangars sun yi burodin,neutral,the hangars made the bread
5163,hangen nesa ne na gaskiya,positive,it was a true vision
5164,hankali ce,neutral,senses
5165,hankali mai ban mamaki,positive,strikingly spirited
5166,hankali na,neutral,my mind
5167,hankali ne,neutral,it's perception
5168,hankali ne ya tashi,positive,it was mind-blowing
5169,hankali shine abin da yake,neutral,concentration is what it is
5170,hankali sosai,positive,very reflective
5171,hankali ya kalleta,negative,anxious beckons
5172,hankali ya yi yawa,negative,there was a lot of frenzy
5173,hankalin malamin makaranta,neutral,the attention of the school teacher
5174,hankalin manema labarai,neutral,the attention of the press
5175,hankalin ta,neutral,her reasoning
5176,hankalin yana kan,neutral,the attention is on
5177,hankalina,positive,my good spirits
5178,hankalinsa bai yi ba,neutral,he did not lose his mind
5179,hannu ne mai nauyi sosai,negative,it was very heavy-handed
5180,hannu sama,neutral,hands up
5181,hannu sun kasa,negative,the hands are down
5182,hannu yana shafar wani abu,neutral,the hand is touching something
5183,hannun da ba komai ba su da kyau,negative,empty hands are not good
5184,hannun hannu,neutral,the arm
5185,hannun jari sun rude,negative,the shares are confused
5186,hanya ce,neutral,it is a route
5187,hanya ce mai sauki,positive,it is an easy way
5188,hanya ce ta likita,neutral,it is a medical procedure
5189,hanya ce ta wayo ta yin abubuwa,positive,it's a clever way of doing things
5190,hanya mai kyau,positive,a good way
5191,hanya mai tsari don tafiya,positive,an orderly way to go
5192,hanya ne,neutral,avenue
5193,hanyar da ta dace,positive,the right way
5194,hanyar dimokuradiyya,neutral,the democratic way
5195,hanyar gallery,neutral,the direction of the gallery
5196,hanyar rayuwa mai wahala,negative,an austere way of living
5197,hanyar ta bambanta,neutral,the approach is different
5198,hanyar ta kaiwa waje,neutral,the trail leads outside
5199,hanyar tana da hanya,neutral,the road has a road
5200,happy baba,positive,happy daddy
5201,happy kaka,positive,happy grandpa
5202,har abada yana da kyau,positive,forever is good
5203,har ila yau a halin yanzu,neutral,"also, meanwhile"
5204,har ila yau banda,neutral,"also, besides"
5205,har ila yau haka ma,neutral,"also, moreover"
5206,har ya rasu,negative,until he died
5207,har yanzu,neutral,it's yet
5208,har yanzu akwai ci gaba,neutral,there is still ongoing
5209,har yanzu ana ci gaba,neutral,still going on
5210,har zuwa lokacin,neutral,until that time
5211,har zuwa wannan lokacin,neutral,until this moment
5212,harabar makarantar,neutral,the campus
5213,harabar makarantar ce,neutral,it is a campus
5214,haramcin abinci ne,negative,it is a food ban
5215,haramcin arziki ne,negative,it is a ban on wealth
5216,haramcin tafiya ne,negative,it is a travel ban
5217,haramcin ziyara ne,negative,it is a ban on visiting
5218,haramun abu,negative,forbidden thing
5219,haramun ne,negative,it's forbidden
5220,harba bindiga,negative,shoot a gun
5221,harba wa,negative,shot
5222,harbawa sosai,neutral,very kicking
5223,harbi da bindiga,negative,shooting with a gun
5224,harbi da makami,negative,shooting with a weapon
5225,harbin abu,negative,shooting
5226,hargitsi a can,negative,chaos there
5227,harin a kai,negative,an attack on it
5228,harin dan adam ne,negative,it is a human attack
5229,harin ta'addanci,neutral,terrorist targets
5230,harka ce,neutral,case
5231,harka ta gaba,neutral,the next case
5232,harsashi harsashi ne,neutral,the shell is a shell
5233,harshen bayyane,negative,explicit language
5234,harshen faransanci,neutral,the language of french
5235,harshen ingilishi,neutral,the english language
5236,harshen jafananci,neutral,the japanese language
5237,harshen jamusanci,neutral,the german language
5238,harshen turanci,neutral,english language
5239,haruffa daban daban,neutral,different letters
5240,haruffa kadan don daidaitawa,neutral,a few letters to adjust
5241,haruffa masu kulawa,neutral,the guardian letters
5242,hasashe gaskiya ne,neutral,hypothesis is true
5243,hasashe ne,neutral,it is a hypothesis
5244,hasashen gaba,neutral,predicting the future
5245,haskaka dakunan karatu,positive,light up the libraries
5246,haskaka dakunan wanka,positive,light up the bathrooms
5247,haskaka gidajen haya,positive,brighten up the rental houses
5248,haskaka karatun,positive,enlighten the study
5249,haske a cikin bukkoki,positive,light in the huts
5250,haske a cikin duhu,neutral,glowing in the dark
5251,haske a cikin sararin sama,positive,glowing in the sky
5252,haske aji ne,positive,lighting is a class
5253,haske da kayan ado mai arha,positive,lighting and cheap decoration
5254,haske dakunan gwaji,positive,light up the test rooms
5255,haske mai kyalli,neutral,flickering light
5256,haske mai kyau,positive,good light
5257,haske ne,positive,light
5258,haske ne mai haske,positive,it is a bright light
5259,haske ne makaho,negative,it is a blind light
5260,haske shine dakin,positive,lighting is the room
5261,haske yana kunne,positive,the glow is on
5262,haske yana kyalli,neutral,brilliance glisten
5263,hasken daki ne,positive,it is a room light
5264,hasken dakin akuya,positive,goat room light
5265,hasken dakin amarya,positive,the light of the bride's room
5266,hasken dakin ango,positive,the light of the groom's room
5267,hasken dakin aure,positive,wedding room lighting
5268,hasken dakin baki,positive,guest room lighting
5269,hasken dakin barewa,positive,deer room lighting
5270,hasken dakin duck,positive,duck room light
5271,hasken dakin gama gari,positive,common room lighting
5272,hasken dakin injin,neutral,engine room lighting
5273,hasken dakin kaji,positive,chicken room lighting
5274,hasken dakin ma'aurata,positive,the light of the couple's room
5275,hasken dakin mai kula,positive,the light of the steward's room
5276,hasken dakin masoya,positive,the light of the lovers' room
5277,hasken dakin mata,positive,the light of the women's room
5278,hasken dakin tattabara,positive,pigeon room light
5279,hasken dakin yara,positive,children's room lighting
5280,hasken dakin zakara,positive,the light of the cock's room
5281,hasken fuska ne,positive,it is a face light
5282,hasken fuskarsa,negative,the light on his face
5283,hasken gida ne,positive,it is a home light
5284,hasken gidajen jama'a,positive,lighting public houses
5285,hasken hanya ne,positive,it is the light of the road
5286,hasken haske,positive,the glare
5287,hasken haske ne,positive,the light is radiance
5288,hasken kamfani ne,neutral,it is corporate lighting
5289,hasken kasuwanci ne,positive,it is a business light
5290,hasken kwano ne,positive,it is a bowl light
5291,hasken lambu ne,positive,it is a garden light
5292,hasken lantarki ne,positive,it is an electric light
5293,hasken majami'u ne,positive,it is the light of the churches
5294,hasken makabarta ne,positive,it is a graveyard light
5295,hasken makaranta ne,positive,it is a school light
5296,hasken mala'iku ne,positive,it is the light of angels
5297,hasken masallaci ne,positive,it is the light of the mosque
5298,hasken masallatai ne,positive,the lighting is mosques
5299,hasken mota ne,positive,it is a car light
5300,hasken ne,positive,the light
5301,hasken rana ne,positive,it is the light of day
5302,hasken shaguna ne,positive,the lighting is shops
5303,hasken shine filayen,positive,the light is the fields
5304,hasken tauraro,neutral,starlight
5305,hasken titi ne,positive,it is street lighting
5306,hasken wuta,positive,the light of the fire
5307,hasken wuta ya zama dole,neutral,lighting is a necessity
5308,hasken yana haskakawa,positive,the light is glowing
5309,hasken yana haske,positive,the light is bright
5310,hasken yana makanta,negative,the light is blinding
5311,hasken zuciya ne,positive,it is the light of the heart
5312,hasumiya mai kyau,positive,a beautiful tower
5313,hasumiyar tana da hasumiya,neutral,the tower has a tower
5314,hasumiyar tana da tsayi,neutral,the tower is tall
5315,hatsari akwai wahalhalu,negative,accidents there are hardships
5316,hatsari na ne,neutral,it is my accident
5317,hatsari ne,negative,it was an accident
5318,hatsarin mu,negative,our accident
5319,hatsi mai guba,negative,poisonous grains
5320,hau ba'a,negative,ride deride
5321,hauka ce,negative,it's craziness
5322,hauka ne,negative,the madness
5323,haukacin jamus,negative,german madness
5324,haukacin mahaukacin kare,negative,the madness of a mad dog
5325,haushi ne,negative,it was a fury
5326,haushi ne da yawa,negative,it's a lot of fumes
5327,haushi ne na masu bin doka,negative,lawmen's anger
5328,haushi ne ya sa ni fushi,negative,it was anger that made me angry
5329,haushin bijimai,negative,the madness of the bulls
5330,haushin dalibai ne,negative,it is the anger of the students
5331,haushin kafinta ne,negative,it is a carpenter's anger
5332,haushin kare,negative,dog barking
5333,haushin ma'aurata ne,negative,it is a couple's anger
5334,haushin makanike ne,negative,it is a mechanic's rage
5335,haushin masu fasakwaurin ne,negative,smugglers' anger
5336,haushin sojoji ne,negative,it is the anger of the soldiers
5337,haushin 'yan ta'adda ne,negative,bullies' anger
5338,haushin yaro ne,negative,child's anger
5339,haushina mara kyau,negative,my bad temper
5340,hawa sama,neutral,climb up
5341,hawan gaskiya,positive,riding on the truth
5342,hawan jini,negative,high blood pressure
5343,hawan sama na gaskiya,positive,a true ascension
5344,hawaye ne,negative,tears
5345,hawayen wahala,neutral,tears of suffering
5346,hayaniya ce,negative,it is a noise
5347,hayar daukar ma'aikata,neutral,hire a recruit
5348,hazaka ce,positive,she is a genius
5349,hazaka ce mai tsafta,positive,she is pure talent
5350,hazaka kenan,positive,that's genius
5351,hazaka na gaskiya,positive,a true genius
5352,hazakar jamusawa,positive,the ingenuity of the germans
5353,hazakar mazinata,negative,the ingenuity of adulterers
5354,hazakar 'yan damfara,positive,the ingenuity of the scavengers
5355,hazikin dan wasan kwaikwayo ne,positive,he is a talented actor
5356,hedkwatar ce,neutral,it is headquarters
5357,hidima ce,positive,service
5358,hikima aboki ne,positive,wisdom is a friend
5359,hikima ce,positive,wisdom
5360,hikima ce ta inji,positive,it is mechanical wisdom
5361,hikimar aure ce,positive,it is the wisdom of marriage
5362,hikimar injiniya,positive,engineering wisdom
5363,hikimar iyaye ce,positive,wisdom of parents
5364,hikimar kafinta ce,positive,it is the wisdom of the carpenter
5365,hikimar kawunan ce,positive,it is the wisdom of heads
5366,hikimar likitoci ce,positive,it is the wisdom of doctors
5367,hikimar ma'aurata ce,positive,it is a couple's wisdom
5368,hikimar magina,positive,the wisdom of builders
5369,hikimar makaranta ce,positive,it is the wisdom of the school
5370,hikimar malamai ce,positive,it is the wisdom of teachers
5371,hikimar malaman makaranta ce,positive,it is the wisdom of school teachers
5372,hikimar marubuta ce,positive,it is the wisdom of the writers
5373,hikimar masana ce,positive,it is the wisdom of the experts
5374,hikimar masoya ce,positive,it is the wisdom of lovers
5375,hikimar masu hikima,positive,the wisdom of the wise
5376,hikimar masunta,positive,the wisdom of fishers
5377,hikimar mata ce,positive,it is the wisdom of women
5378,hikimar matafiya ce,positive,it is the wisdom of travelers
5379,hikimar ruwa,positive,the wisdom of the water
5380,hikimar sojoji ce,positive,it is the wisdom of the soldiers
5381,hikimar soyayya ce,positive,it is the wisdom of love
5382,hikimar tela ce,positive,it is the wisdom of the tailor
5383,hikimar turawa ce,positive,it is european wisdom
5384,hikimar ungozoma ce,positive,it is the wisdom of midwives
5385,hikimar 'yan doka ce,positive,it is the wisdom of the legalists
5386,hikimar 'yan sanda ce,positive,it is police wisdom
5387,hikimar yara ce,positive,it is the wisdom of children
5388,hikimarsu ce,positive,their wisdom
5389,hira ce mai kyau,positive,it was a nice interview
5390,hira da mutum,neutral,interview with a person
5391,hira mai dadi,positive,a pleasant conversation
5392,hira takeyi,negative,the chatter is going on
5393,hiran nishadi ,positive,fun conversation
5394,hirar karya,negative,a broken conversation
5395,his kadai,neutral,his alone
5396,hooray wanda a kan sumbata,neutral,hooray who on the kiss
5397,horar da ma'aikata,positive,training of employees
5398,horon 'yan ta'adda,negative,terrorist training
5399,horon yana faruwa,neutral,the training is happening
5400,horon zunubi,negative,the discipline of sin
5401,hoto mai inganci,positive,quality picture
5402,hoto mara kyau,negative,a blurry picture
5403,hoton hoto,neutral,a portrait
5404,hoton hoto ne,neutral,the picture is a picture
5405,hoton malay,neutral,malay picture
5406,hoton mutum,neutral,a portrait of a person
5407,hoton wani abu ne,neutral,the picture is of something
5408,hudu daga cikinsu,neutral,four of them
5409,huhu a tsare,neutral,lunging in custody
5410,huhu ne,neutral,a lung
5411,hujja ba daidai bane,neutral,argument is not right
5412,hujja ce,negative,it's a dummy-proof
5413,hujja ce mai kyau,positive,it was a good argument
5414,hujja ce ta ilimi,neutral,it is a proof of education
5415,hujja ce ta rayuwa,neutral,it is life proof
5416,hujja ta karya,negative,false proof
5417,hujjarka sun yi yawa,negative,your arguments are too much
5418,hukumar ita ce,neutral,the agency is
5419,hukumomin da ke tsare,negative,authorities in custody
5420,hukunce-hukuncen kisa,negative,death sentences
5421,hukunci ba tare da hujja ba,negative,judgment without proof
5422,hukunci mai tsanani,negative,severe punishment
5423,hukunci ne,neutral,it is a decision
5424,hukuncin gaskiya ne,positive,the decision is true
5425,hukuncin laifinku,negative,your guilty verdict
5426,hukuncin ya kasance don wani abu,neutral,the sentence was for something
5427,hukuncin zalunci,negative,unjust judgment
5428,hulda da wani mutum,neutral,interaction with another person
5429,huta daga lokaci zuwa lokaci,neutral,rest from time to time
5430,hutu ce mai dadi,positive,it is a pleasant rest
5431,hutu ne,neutral,it is a vacation
5432,i iya,neutral,"yes, yes"
5433,ibada ce,neutral,it is worship
5434,ibada ce ta zalunci,neutral,it is wrongful worship
5435,ibada tana da kyau,positive,worship is good
5436,idan aka samu rashin fahimta,negative,in case of misunderstanding
5437,idan an haifi yaron fa?,neutral,what if the child was born?
5438,idan babu,neutral,in case of absence
5439,idan haka,neutral,an auto
5440,idan kuma,neutral,if at all
5441,idan kuna so ba da shawara,neutral,"if you want, propose"
5442,idan kuna son ba da shawara,neutral,if you want to propose
5443,idan ya mutu fa?,negative,what if he died?
5444,idan ya zo jima'i,negative,when it comes to sex
5445,idanun kare,neutral,dog eyes
5446,ido a bude,neutral,the eye is open
5447,ido mai hankali,positive,a smart eye
5448,ido ne,negative,it is an eyesore
5449,ido sosai,positive,very eye catching
5450,ido ya kama wani abu,negative,the eye caught something
5451,ido yana tsakiya,neutral,the ego is centric
5452,ikirari na karya,negative,false confession
5453,ikon allah,positive,icon of god
5454,ikon lantarki,neutral,electronic control
5455,ikon sha'awa,neutral,the power of desire
5456,ikon yanke shawara,neutral,authority to make decisions
5457,ilham ce,positive,it is inspiration
5458,ilimi ga 'yan mata,positive,education for girls
5459,ilimi haske ne,positive,knowledge is light
5460,ilimi mai amfani,positive,practical knowledge
5461,ilimi mai daraja,positive,precious knowledge
5462,ilimi mai inganci,positive,quality education
5463,ilimi mai kyau,positive,good knowledge
5464,ilimi na musamman,positive,special education
5465,ilimi ne,positive,the education
5466,ilimi ne na magunguna,neutral,it is the discipline of medicines
5467,ilimi ne wanda ba za a iya gani ba,positive,it is an abstract knowledge
5468,ilimin abinci mai gina jiki,positive,knowledge of nutrition
5469,ilimin addini da nishadi,positive,religious knowledge and fun
5470,ilimin addini ne,positive,it is religious knowledge
5471,ilimin aikin agaji,positive,knowledge of charity work
5472,ilimin aikin gona,positive,agricultural education
5473,ilimin aikin jarida,positive,journalism education
5474,ilimin aure ne,positive,it is the knowledge of marriage
5475,ilimin da ba gaskiya ba,neutral,unreal science
5476,ilimin dan adam,positive,anthropology
5477,ilimin harshe,positive,knowledge of language
5478,ilimin ilimi ne,neutral,the academic is academic
5479,ilimin kiwo ne,neutral,it is a pastoral discipline
5480,ilimin ku,positive,your knowledge
5481,ilimin lafiyar dabbobi ne,positive,it is the science of animal health
5482,ilimin likitanci ne,positive,it is medical science
5483,ilimin lissafi ne,positive,it is mathematics
5484,ilimin manyan mutane,positive,the knowledge of great people
5485,ilimin tattalin arziki,positive,economics
5486,ilimin tattalin arziki ne,neutral,it is economics
5487,ilimin tunani ne,neutral,it's psychology
5488,ilimin yara,positive,educating children
5489,ilimin yara ne,positive,it is children's education
5490,ilimin yaran makaranta,positive,education of school children
5491,ilimin zamantakewa ne,positive,it is social science
5492,iman shugaban kasa,positive,the president's faith
5493,imani da baba,positive,believing in father
5494,imani da jin dadi,positive,faith and pleasure
5495,imani da ma'aikata,positive,the belief of the workers
5496,imani da mai kulawa,positive,believing in the caregiver
5497,imani da malaman makaranta,positive,the beliefs of school teachers
5498,imani da masu shayi,positive,the beliefs of tea people
5499,imani da wasu,positive,believing in others
5500,imani da yara nagari,positive,believing in good children
5501,imani isa,positive,believable enough
5502,imani kuma mai dadi sosai,positive,believing and very sweet
5503,imani marowaci ne,positive,it is a beggar's belief
5504,imani na masu wanki,positive,the faith of the washer men
5505,imani ne,neutral,it is belief
5506,imani ne da 'yan uwantaka,positive,it is a belief in brotherhood
5507,imani ne na abokai,positive,it is the belief of friends
5508,imani ne na dalibai,positive,it is the belief of the students
5509,imani ne na iyaye,positive,it is a parent's belief
5510,imani ne na jama'a,positive,it is a public belief
5511,imani ne na likitoci,positive,it is the belief of doctors
5512,imani ne na malamai,positive,it is the belief of the teachers
5513,imani ne na matafiya,positive,it is the belief of travelers
5514,imani ne na matasa,neutral,it is the belief of young people
5515,imani ne na mutane,positive,it is the belief of people
5516,imani ne na shugabanni,positive,it is the belief of leaders
5517,imani ne na sojoji,positive,it is the belief of the soldiers
5518,imani ne na turawa,positive,it is a european belief
5519,imani ne na 'yan sanda,positive,it is the belief of the police
5520,imani ne 'yan'uwa,positive,it is the belief of the brothers
5521,imani ne yarinya,positive,it is a girl's faith
5522,in ba haka ba,neutral,otherwise
5523,in ba haka ba shi ne,neutral,otherwise it is
5524,in da,neutral,in jest
5525,in ji,neutral,says
5526,in sha allahu zan koma gida,positive,"god willing, i will go home"
5527,ina ba da shawara,neutral,i propose
5528,ina bakin ciki,negative,i'm sad
5529,ina bukata ku yi roko,neutral,i need you to plead
5530,ina cikin damuwa,negative,i am depressed
5531,ina cikin damuwa matuka,negative,i'm very anxious
5532,ina cikin hayyacin neman wani abu,neutral,i was frantically trying to find something
5533,ina cikin jahannama,negative,i'm hell-bent
5534,ina cikin wata al'umma daban,neutral,i belong to a different community
5535,ina da bacin rai,negative,i have a grudge
5536,ina da ciki,positive,i am pregnant
5537,ina da ciwon zuciya,negative,i have a heart attack
5538,ina da cuta,negative,i have a disease
5539,ina da gaske,negative,i'm sincerely
5540,ina da guba,negative,i am poisonous
5541,ina da ikirari,neutral,i have confessions
5542,ina da iyaka,negative,i am very limited
5543,ina da kama,negative,i have gripes
5544,ina da karfin gwiwa,positive,i'm confident
5545,ina da kirki,positive,i am kind
5546,ina da kyau sosai,positive,i am very good
5547,ina da laifi,negative,i am guilty
5548,ina da rating na downgrade,negative,i have a rating of downgrade
5549,ina da rauni sosai,negative,i am so weak
5550,ina da 'yanci sosai,positive,i am very free
5551,ina dauka,neutral,i am taking it
5552,ina fatan kuna lafiya,positive,i hope you are fine
5553,ina fatara,negative,i am bankrupt
5554,ina fushi,negative,i am enraging
5555,ina fushi da mutane,negative,i am angry with people
5556,ina ganin ba daidai ba ne,negative,i think it's wrong
5557,ina ganin ba shi da kyau,negative,i think it is not good
5558,ina godiya,positive,i appreciate it
5559,ina gudun hijira,negative,i exile
5560,ina hallata,negative,i hallucinate
5561,ina hi,neutral,i'm hi
5562,ina ja sosai,neutral,i am very red
5563,ina jin kunya,negative,i am ashamed
5564,ina jiran ku,neutral,waiting for you
5565,ina juyayi,negative,i am anxious
5566,ina kara gishiri,negative,i exaggerate
5567,ina karfe yake,neutral,where iron is
5568,ina kin mutane,negative,i hate people
5569,ina korafi,negative,i am complaining
5570,ina ku ke?,neutral,where are you?
5571,ina kuka,negative,i blather
5572,ina kuke?,neutral,where are you located?
5573,ina kusa da 'yanci,positive,i am about to be free
5574,ina kwana,positive,good day
5575,ina lafiya gaba daya,positive,i am completely safe
5576,ina magana,neutral,i eloquence
5577,ina matukar farin ciki,positive,i am very excited
5578,ina matukar godiya da shi,positive,i really appreciate it
5579,ina murna,negative,i jubilate
5580,ina murna sosai,positive,i am very happy
5581,ina mutuwa,negative,i am dying
5582,ina nufin watau,neutral,i mean i.e.
5583,ina nunawa,neutral,i portray
5584,ina ramawa,negative,i avenge
5585,ina rashin lafiya,negative,i am ailing
5586,ina rashin lafiya da gaske,negative,i am really sick
5587,ina rashin lafiya da iska,negative,i am sick with wind
5588,ina rashin yarda,negative,i distrusting
5589,ina sama da sama,neutral,i am above and beyond
5590,ina sanyi da rashin lafiya,negative,i am cold and sick
5591,ina sha'awar,positive,i admire
5592,ina sha'awar kunnuwa,positive,i am interested in the ears
5593,ina sha'awar sosai,positive,i'm so enamored
5594,ina sha'awar zuma,positive,i am interested in honey
5595,ina shakka,negative,i'm hesitant
5596,ina shakka shi,neutral,i doubt it
5597,ina shan tire,positive,i am having tray
5598,ina shirye in bayar,neutral,i'm willing to offer
5599,ina shirye in yi,positive,i'm willing to do it
5600,ina so,positive,i love
5601,ina so a zubar da ciki,neutral,i would like to have an abortion
5602,ina so in amince,positive,i would like to endorse
5603,ina so in karba,negative,i want to extort
5604,ina so in karbi kudi,negative,i want to receive a refund
5605,ina so in sauya shi,negative,i want to displace it
5606,ina so in tambaya,neutral,i would like to inquire
5607,ina so in yi,neutral,i want to
5608,ina so ku ci abinci,neutral,i want you to eat
5609,ina son abarba,positive,i like pineapple
5610,ina son ayaba,neutral,i like bananas
5611,ina son dafa abinci,positive,i love to cook
5612,ina son dariya sosai,positive,i love laughing so much
5613,ina son ka,positive,i love you so
5614,ina son kankana,neutral,i like watermelon
5615,ina son ku,positive,i love you
5616,ina son shi,positive,i love him
5617,ina son shi sosai,positive,love it so much
5618,ina son shinkafa,neutral,i like rice
5619,ina son wancan,positive,i like that
5620,ina son yin kwarkwasa da ku,neutral,i would like to flirt with you
5621,ina ta ciko,negative,i was gnawing
5622,ina tabbatar muku,neutral,i assure you
5623,ina tabbatarwa,neutral,i am proving
5624,ina takaici,negative,i am frustrated
5625,ina taya bariki murna,positive,congratulations to the barracks
5626,ina taya dalibai murna,positive,congratulations to the students
5627,ina taya gwamnati murna,positive,congratulations to the government
5628,ina taya jama'a murna,positive,congratulations to the people
5629,ina taya ku murna,positive,congratulations to you
5630,ina taya mabarata murna,positive,congratulations to the beggars
5631,ina taya malamai murna,positive,congratulations to the teachers
5632,ina taya malaman coci murna,positive,congratulations to the church teachers
5633,ina taya malaman firamare murna,positive,congratulations to the primary teachers
5634,ina taya masu bukata,positive,congratulations to those who need it
5635,ina taya masu fenti murna,positive,congratulations to the painters
5636,ina taya mata murna,positive,congratulations to the ladies
5637,ina taya ministoci murna,positive,congratulations to the ministers
5638,ina taya mutumin murna,positive,congratulations to the man
5639,ina taya shuwagabanni murna,positive,congratulations to the leaders
5640,ina taya yan fansho murna,positive,congratulations to the pensioners
5641,ina taya yan majalisa murna,positive,congratulations to the lawmen
5642,ina taya 'yan sanda murna,positive,congratulations to the police
5643,ina taya yaran murna,positive,congratulations to the children
5644,ina taya yaron murna,positive,congratulations to the boy
5645,ina tsammani,neutral,i think
5646,ina tsammanin yana da tawali'u,negative,i think it's condescendingly
5647,ina tsammanin yana raguwa,negative,i think it is condescending
5648,ina tsoro,negative,i am fearful
5649,ina tsoron in tsorata,negative,i fear to frighten
5650,ina tsoronka,negative,i am afraid of you
5651,ina tunawa,neutral,i am remembering
5652,ina wa'azi haka,neutral,i preach like that
5653,ina warkewa,positive,i am healing
5654,ina yake?,neutral,where is it?
5655,ina yarda,positive,i am endorsing
5656,ina yin kwarkwasa,neutral,i flirt
5657,ina zaune,neutral,i am sitting
5658,inada matsala,negative,i have trouble
5659,inda zan same shi,neutral,where to find it
5660,ingancin abin hawa,positive,vehicle quality
5661,ingancin dakunan,positive,the quality of the apartments
5662,ingancin gidajen marayu,positive,quality of orphanages
5663,ingancin gidajen yari,positive,quality of prisons
5664,ingancin gilashin turai,positive,european glass quality
5665,ingancin gyaran,positive,the quality of the repair
5666,ingancin horon sana'a,positive,quality of vocational training
5667,ingancin kayan lantarki,positive,the quality of electronics
5668,ingancin motsa jiki,positive,the quality of exercise
5669,ingancin samfurin,positive,the quality of the product
5670,inganta abinci mai gina jiki,positive,improve nutrition
5671,inganta abincin marasa lafiya,positive,improve patient nutrition
5672,inganta abincin yaran makaranta,positive,improving school children's nutrition
5673,inganta abota,positive,improve friendship
5674,inganta abu,positive,improve
5675,inganta aikin jarida,neutral,improve journalism
5676,inganta aikin noma,positive,improving agriculture
5677,inganta aikin rediyo,neutral,improve radio performance
5678,inganta aikin talabijin ,positive,improve your television 
5679,inganta aikin zamantakewa,positive,improve social work
5680,inganta al'adun hausawa,positive,improving hausa culture
5681,inganta asusun banki,neutral,upgrading bank accounts
5682,inganta aure,positive,improve marriage
5683,inganta ayyukan dalibanta,positive,improve the activities of her students
5684,inganta dangantaka,positive,improve relationships
5685,inganta gidajen burodi,positive,improve bakeries
5686,inganta gyaran wuta,positive,improvement of fire repair
5687,Inganta harkar tsaro,positive,improve security
5688,inganta harkokin addini,positive,improvement of religious affairs
5689,inganta ilimi,positive,improving education
5690,inganta jami'an haraji,neutral,promotion of tax officials
5691,inganta kasuwancin sifili,positive,improving the zero-sum business
5692,inganta kiwo,positive,improve breeding
5693,inganta koyon harshe,positive,improving language learning
5694,inganta lafiya,positive,improve health
5695,inganta ma'aikatan asibiti,neutral,upgrade the hospital staff
5696,inganta ma'aikatan kotu,neutral,upgrade the court staff
5697,inganta sana'ar dinki,positive,improving the sewing industry
5698,inganta shi,neutral,promote it
5699,inganta tallafin karatu,positive,improve scholarship
5700,inganta tsafta,positive,improve sanitation
5701,inganta tsarin bugawa,neutral,improve the publishing process
5702,inganta tsarin shari'a,positive,upgrading the legal system
5703,inganta tsaro,positive,improve security
5704,inganta wani abu don inganta shi,positive,improve something to make it better
5705,inganta wuraren ilimi,positive,improvement of educational facilities
5706,ingantacciyar injin bulo,positive,efficiency of brick machinery
5707,ingantacciyar maganin kwari,negative,effective insect repellent
5708,ingantacciyar rashin amincewa,positive,affirmative dissent
5709,ingantattun ababen hawa,positive,quality of vehicles
5710,ingantattun bayanai ne,positive,it is a valid information
5711,ingantattun gidajen gona,positive,quality of farm houses
5712,ingantattun injinan mota,positive,quality of car engines
5713,ingantattun injinan ruwa,positive,the efficiency of marine engines
5714,ingantattun kujeru,positive,quality seats
5715,ingantattun kwalabe,positive,improved bottles
5716,ingantattun kwayoyin halitta,positive,high-quality organics
5717,ingantawa a yankan,positive,improvement in cutting
5718,ininiyan inji,neutral,mechanical engineering
5719,inji mai inganci,positive,a quality machine
5720,injin wanki,neutral,washing machine
5721,injin yana da injin,neutral,the engine has an engine
5722,injiniya ne,neutral,it's engineering
5723,inkari ce,neutral,denial
5724,inshora ce,neutral,it is insurance
5725,inspector mai kirki,positive,kind inspector
5726,inspector ne mai kyau,positive,it is a good inspector
5727,iraqi ba ta da kyau,negative,iraqi is not good
5728,iraqi ne?,neutral,is it iraqi?
5729,iri ne,neutral,it's a seed
5730,irin kasancewarsu,positive,their kind presence
5731,irin wannan,neutral,kind of
5732,irin wannan haka ne,neutral,"such, that's right"
5733,irin wannan sha'awa ce,neutral,it is such a passion
5734,iron ne,neutral,it is iron
5735,isa dawuri,positive,arrived on time
5736,isasshe isa,positive,sufficiently sufficient
5737,iska mai karfi,neutral,strong wind
5738,iska mai karfi sosai,neutral,very strong wind
5739,iska tana da iska,positive,the breeze is breeze
5740,iskar ibada,neutral,the wind of worship
5741,ita ba gwauruwa ba ce,neutral,she is not a widow
5742,ita budurwa ce,positive,she is young woman
5743,ita ce aljanna,positive,it is paradise
5744,ita ce arzikin zumunci,neutral,it is the wealth of friendship
5745,ita ce babbar sanda,positive,it is a great stick
5746,ita ce bugu,neutral,it's the edition
5747,ita ce cikakkiyar dabba,positive,it is an absolute beast
5748,ita ce cikakkiyar kungiya,positive,it is a perfect party
5749,ita ce cikakkiyar mace,positive,she is a perfect woman
5750,ita ce cikakkiyar malama,positive,she is a perfect teacher
5751,ita ce cikakkiyar riga,positive,it is a perfect shirt
5752,ita ce cikakkiyar takarda,positive,it is a perfect paper
5753,ita ce cikakkiyar yarinya,positive,she is a perfect girl
5754,ita ce dukiyar wata,neutral,it is the property of the moon
5755,ita ce ganimar yara,neutral,it is the spoils of children
5756,ita ce hanya madaidaiciya,positive,it is the right direction
5757,ita ce jarrabawansa,negative,it is his trial
5758,ita ce kurmi,neutral,she is a curmudgeon
5759,ita ce lalata abubuwa,negative,it is the destruction of things
5760,ita ce mafi girman matsayi,positive,it's the highest point
5761,ita ce mafi kyau,negative,it's the bestial
5762,ita ce maganinsu,neutral,it is their solution
5763,ita ce mai amfani da kwamfuta,neutral,it is a computer utility
5764,ita ce mallakar kamfanoni,neutral,it is the property of the companies
5765,ita ce mallakar makarantar,neutral,it is the property of the school
5766,ita ce mallakar marubucin,neutral,it is the property of the author
5767,ita ce mallakar marubuta,neutral,it is the property of the authors
5768,ita ce niyya,neutral,it is the intention
5769,ita ce peach,neutral,it was a peach
5770,ita ce ranar tunawa,neutral,it was the anniversary
5771,ita ce sama,neutral,it is the sky
5772,ita ce shuka,neutral,it is a plant
5773,ita ce soyayyar abarba,positive,it is pineapple love
5774,ita ce ta,neutral,she's her
5775,ita ce tanadi,neutral,it is provision
5776,ita ce yalwar zuciya,neutral,it is the abundance of the heart
5777,ita cikakkiyar budurwa ce,positive,she is a complete virgin
5778,ita cikakkiyar masaniya ce,neutral,she is a complete scholar
5779,ita dai waliyyai ce mai kyau,positive,she is a good saint
5780,ita itace,neutral,it is wooden
5781,ita kanta,neutral,it's herself
5782,ita ma ta yi,neutral,she did it too
5783,ita ma'aikaciyar jinya ce,neutral,she is a nurse
5784,ita shugabar mata ce,neutral,she is a female leader
5785,ita waliyya ce,positive,she is a saint
5786,ita yar shedan ce,negative,she is a satanist
5787,itace  ingantacce,positive,quality wood
5788,itace baya,neutral,back wood
5789,itace ce kyakkyawa,positive,it is a beautiful piece of wood
5790,itace ce mai lafiya,positive,it is a healthy tree
5791,itace inganci,neutral,quality wood
5792,itace kyakkyawa,positive,a beautiful tree
5793,itace kyakkyawa ce,positive,it is a beautiful tree
5794,itace mai inganci,positive,quality wood
5795,itace mai kyau,positive,good wood
5796,itace ta buga masa,negative,she hit him with tree 
5797,iya ci,positive,can eat
5798,iya cudanya da mutane,positive,able to mingle with people
5799,iya iya,neutral,is could
5800,iya magana da kyau,neutral,can speak well
5801,iya savanna,neutral,it is savanna
5802,iya yin wani abu,neutral,ability to do something
5803,iyaka gaskiya ne,positive,limitations are true
5804,iyakance sosai,negative,very limited
5805,iyali nagari,positive,good family
5806,iyali ne mai lafiya,positive,it is a healthy family
5807,iyawar ku,neutral,your ability
5808,iyaye masu lafiya,positive,healthy parents
5809,iyayen su,neutral,their mothers
5810,iyayena suna da kyau,positive,my parents are good
5811,izinin kyau,positive,good permission
5812,izinin wayewa,negative,allow civilize
5813,izinin yin wani abu,neutral,permission to do something
5814,ja baya akwai matsala,negative,pull back there is a problem
5815,ja da baya don guje wa wahala,negative,retreat to avoid suffering
5816,ja hankalin dattawa,neutral,attract the elders
5817,ja igiya,neutral,pull the rope
5818,ja wani abu,neutral,pull at something
5819,jadawalin ma'aikata ne,neutral,staff schedule
5820,jadawalin ne,neutral,it is a schedule
5821,jagora mai taimako,positive,a helpful leader
5822,jagora ne ke jagoranta,positive,the leader is leading
5823,jagoran aji kyauta,positive,free class leader
5824,jagoran aji mai taimako,positive,helpful class leader
5825,jagoran likitoci ne,neutral,it is the guidance of doctors
5826,jagoran suna da girma,neutral,the leads are large
5827,jagoran tafiyar ruwa,neutral,a guide to water travel
5828,jagoranci ce,neutral,leadership
5829,jagoranci daga tsiraru,neutral,leadership from the minority
5830,jagoranci guntun wando ne,neutral,the leadership is a piece of cake
5831,jagoranci ne,neutral,it is leadership
5832,jagoranci ne na aji,neutral,it is class leadership
5833,jagoranci ne na makaranta,neutral,it is a school leadership
5834,jagorancin alhazai ne,neutral,it is the leadership of pilgrims
5835,jagorancin al'umma ne,neutral,it is community leadership
5836,jagorancin dalibai ne,neutral,it is the leadership of the students
5837,jagorancin jama'a ne,neutral,it is public leadership
5838,jagorancin kwararru,positive,professional leadership
5839,jagorancin makiyaya ne,neutral,it is pastoral leadership
5840,jagorancin manoma,neutral,the leadership of the farmers
5841,jagorancin masallacin,neutral,the leadership of the mosque
5842,jagorancin masu ibada,neutral,the leadership of worshipers
5843,jagorancin masu shaguna,neutral,the leadership of the shopkeepers
5844,jagorancin masu shayarwa,neutral,leadership of milkmen
5845,jagorancin masu shayi,neutral,leadership of the tea people
5846,jagorancin masunta,neutral,fishermen's leadership
5847,jagorancin sabbi,neutral,the leadership of newcomers
5848,jagorancin shago ne,neutral,it is shop leadership
5849,jagorancin 'yan fansho,neutral,leadership of pensioners
5850,jagorancin yara ne,neutral,it is the leadership of children
5851,jagorar ta kasance babba,neutral,the lead was large
5852,jagorori suna kan gaba,positive,the leads are leading
5853,jahannama,negative,hell
5854,jahannama ba daidai ba ne,negative,hell is not right
5855,jahannama ce,negative,it is hellion
5856,jahannama da wahala,neutral,hell and suffering
5857,jahilai ne,negative,they are ignorant
5858,jahilai sunzo,negative,ignorant arrive 
5859,jahilci ba shi da kyau,negative,ignorance is not good
5860,jahilci gaba,negative,ignorant future
5861,jahilci ne,negative,ignorance
5862,jahilci ne ,negative,ignorance
5863,jahilci ya bace,negative,ignorance is missing
5864,jahili ne,positive,ignorant
5865,jajircewa makaho ne,negative,courage is blind
5866,jajircewa wani abu ne,positive,courageousness is something
5867,jajircewar abokai ne,positive,it is the courage of friends
5868,jajircewar alhazai,positive,the courage of the pilgrims
5869,jajircewar jami'an tsaro,positive,the courage of the security forces
5870,jajircewar ku,positive,your courage
5871,jajircewar likitoci ne,positive,it is the courage of doctors
5872,jajircewar ma'aikata ne,positive,it is the courage of the laborers
5873,jajircewar makanikai ne,positive,it is the courage of mechanics
5874,jajircewar malamai ne,positive,it is the courage of teachers
5875,jajircewar manoma ne,positive,it is the courage of the farmers
5876,jajircewar masu abinci,positive,the courage of the foodies
5877,jajircewar masu ibada,positive,courage of worshipers
5878,jajircewar masu walda,positive,the courage of the welders
5879,jajircewar mata ne,positive,courage of women
5880,jajircewar mutanen yankin,positive,the courage of the local people
5881,jajircewar shugabanni ne,positive,it is the courage of leaders
5882,jajircewar uwa ce,positive,it is the courage of a mother
5883,jajircewar 'yan dako,positive,the courage of the porters
5884,jajircewar 'yan kasa,positive,courage of citizens
5885,jajircewar 'yan sanda ne,positive,courage of the police
5886,jajircewar yan uwa ne,positive,courage of brothers
5887,jajircewar 'yan uwana ne,positive,courage of my brothers
5888,jajircewar yara ne,positive,courage of children
5889,jajircewar yaro ne,positive,courage of a child
5890,jajirtaccen jami'in tsaro,positive,a brave security guard
5891,jajirtaccen walda,positive,a brave welder
5892,jaka ce kyakkyawa,positive,it is a beautiful bag
5893,jaka ce mai gauraya,neutral,it is a mixed bag
5894,jaka ce mai tsabta,positive,it is a clean bag
5895,jaka mai kyau,positive,nice bag
5896,jaka ta musamman,positive,a special bag
5897,jakadiya mai kyau,positive,good ambassador
5898,jakar douche babba ce,negative,the douche bag is large
5899,jakar lafiya ce,positive,it is a healthy bag
5900,jakar shara,negative,garbage bag
5901,jakar uba,neutral,father's bag
5902,jakuna ne ku,negative,you are donkeys
5903,jakunkuna na shara,neutral,garbage bags
5904,jama'a makiya ne,negative,the people are haters
5905,jama'a masu gamsarwa,neutral,pleasing people
5906,jama'a masu hargitsi,negative,a boisterous crowd
5907,jama'a masu kyau,positive,gentlemen
5908,jama'a masu tausayi,positive,compassionate citizens
5909,jama'a ne,neutral,it's public
5910,jama'a sosai,negative,very crowded
5911,jama'a 'yan ta'adda ne,negative,the people are bullies
5912,jamhuriyya mai kyau,positive,a good republic
5913,jami'a ce,neutral,it's a college
5914,jami'a mai kyau,positive,a good university
5915,jami'an gwamnati masu tausayi,positive,compassionate government officials
5916,jami'an tsaro,positive,law enforcement officers
5917,jami'in gaskiya,positive,an honest official
5918,jami'in gwamnati mai hankali,positive,an intelligent government official
5919,jami'in kwastam mai hankali,neutral,a discreet customs officer
5920,jami'in kwastan kyauta,positive,free customs officer
5921,jami'in kwastan mai gaskiya,positive,an honest customs officer
5922,jami'in zabe mai gaskiya,positive,an honest election officer
5923,jami'in zabe na kyauta,positive,free election officer
5924,jam'iyya ce,neutral,political party
5925,jam'iyyar jack,neutral,jack party
5926,jam'iyyar mai hankali,positive,a smart party
5927,jam'iyyar rashin nasara,negative,loss party
5928,jam'iyyar tana faruwa,neutral,the party is happening
5929,jam'iyyar tausayi,positive,a compassionate party
5930,jam'iyyun siyasa,neutral,political parties
5931,jamusanci kyauta,positive,free german
5932,jamusawa jamusawa ne,neutral,the germans are german
5933,jamusawa masu farin ciki,positive,happy germans
5934,jan hankali,neutral,attraction
5935,jan hankali bijimai,neutral,attract the bulls
5936,jan hankali ga gaya,neutral,attract the tells
5937,jan hankali makerin,neutral,attract the blacksmith
5938,jan hankali rini,neutral,attract dyes
5939,jan hankali sojojin ruwa,neutral,attract the navy
5940,jan hankali walda,neutral,attract welders
5941,jan hankalin arna,neutral,attracting pagans
5942,jan hankalin budurwa,neutral,attract a girlfriend
5943,jan hankalin dalibai,positive,engaging students
5944,jan hankalin hukuma,neutral,attract the authorities
5945,jan hankalin jama'a,neutral,attract the public
5946,jan hankalin jami'an tsaro,neutral,attract the security forces
5947,jan hankalin mace,neutral,attract a woman
5948,jan hankalin magina,neutral,attract builders
5949,jan hankalin malamai,neutral,attract teachers
5950,jan hankalin malaman addini,neutral,attract religious scholars
5951,jan hankalin malaman coci,neutral,attracting church teachers
5952,jan hankalin marubuta,neutral,attract writers
5953,jan hankalin masu fasa kwauri,neutral,attracting smugglers
5954,jan hankalin masu ibada,neutral,attracting worshipers
5955,jan hankalin masu wa'azi,neutral,attracting preachers
5956,jan hankalin mata,neutral,attract women
5957,jan hankalin matafiya,neutral,attract travelers
5958,jan hankalin shugabanni,neutral,attract leaders
5959,jan hankalin sojojin sama,neutral,attract the air force
5960,jan hankalin yara,neutral,attract children
5961,jan jiki akwai matsala,negative,red body there is a problem
5962,jan kube,neutral,red sheath
5963,jana'iza ce,neutral,it is a funeral
5964,jana'izar mamacin,negative,funeral of the deceased
5965,janar mai kirki,positive,a kind general
5966,janye daga taron,neutral,detracted from the event
5967,jar wuta,negative,red fire
5968,jaraba zuwa ga mugunta,negative,temptation to evil
5969,jarabawa daga shan barasa,negative,the temptation to drink alcohol
5970,jarabawar ce,negative,the temptation
5971,jarabawar kallon tsiraici,negative,the temptation to look naked
5972,jarabawar mace ce,neutral,it is a woman's trial
5973,jarabawar mage ce,neutral,it is a mage trial
5974,jarabawar maza ce,neutral,it is a men's trial
5975,jarabawar mugayen abokai,negative,the temptation of bad friends
5976,jarabawar ruhi,neutral,the temptation of spirituality
5977,jarabawar sakaci da marayu,negative,the trial of neglecting orphans
5978,jarabawar wahala,negative,examination is difficult
5979,jarida banza,negative,bad newspaper
5980,jaridar gaskiya,positive,an honest journal
5981,jari-hujja,neutral,capitalist
5982,jariri mai fara'a,positive,a cheerful baby
5983,jariri mara kyau,negative,poor baby
5984,jaririn jariri ne,neutral,the baby is infant
5985,jaririn lafiya,positive,a healthy baby
5986,jaririn yana ciki,neutral,the baby is pregnant
5987,jarrabawa ce,neutral,it is an examination
5988,jarrabawa ce ta dattawa,neutral,it is a trial of the elders
5989,jarrabawan cikin rayuwa,neutral,cost of living trial
5990,jarrabawar mugayen abokai,negative,the temptation of bad friends
5991,jaruman 'yan makaranta,positive,schoolboy heroes
5992,jaruman 'yan mata ne,positive,the heroes are girls
5993,jarumar mutum ce,neutral,the actress is a person
5994,jarumi mafarauci ne,positive,he is a warrior hunter
5995,jarumi mai bada hannu,positive,a hero who gives hands
5996,jarumi mai ibada,positive,a worshipful warrior
5997,jarumi nagari,positive,a good hero
5998,jarumi ne,positive,a brave one
5999,jarumi ne mai ban mamaki,positive,he is an amazing hero
6000,jarumi ne mai kirki,positive,he is a kind hero
6001,jarumi sosai,positive,very heroically
6002,jarumin aboki ne,positive,the hero is a friend
6003,jarumin almajiri ne,neutral,the hero is a disciple
6004,jarumin dan doka ne,neutral,the hero is a lawman
6005,jarumin dan sanda ne,positive,he is a police hero
6006,jarumin jagora ne,positive,the hero is a master
6007,jarumin jami'in gwamnati,positive,heroic government officer
6008,jarumin labarin,positive,the hero of the story
6009,jarumin likita ne,neutral,the hero is a doctor
6010,jarumin mai gida ne,neutral,the hero is a householder
6011,jarumin makiyayi ne,neutral,the hero is a shepherd
6012,jarumin malami ne,positive,the hero is a teacher
6013,jarumin malamin makaranta,neutral,the hero of the school teacher
6014,jarumin manomi ne,positive,the hero is a farmer
6015,jarumin marowaci ne,negative,the hero is a beggar
6016,jarumin marubuci ne,neutral,the hero is a writer
6017,jarumin rago ne,negative,he is a lamb hero
6018,jarumin rini-cikin ulu,neutral,a dyed-in-the-wool hero
6019,jarumin shayi,neutral,the tea hero
6020,jarumin wanki,neutral,the laundry hero
6021,jarumina yana da kyau,positive,my hero is beautiful
6022,jarumta ce,positive,it's heroic
6023,jarumta ta,positive,my bravery
6024,jarumtakar gaskiya,positive,true bravery
6025,jawabi ne,neutral,it was a speech
6026,jayayya ne,negative,quarrelling
6027,je zuwa,neutral,go to
6028,jefa ball,neutral,throw a ball
6029,jefa cikin hatsari,negative,throw in danger
6030,jefa kwallon,neutral,throw the ball
6031,jefa mata,negative,throw her away
6032,jefa shi,negative,throw it away
6033,jefar da,neutral,discard
6034,jeka bincike,neutral,go explore
6035,jeka can,neutral,go there
6036,jerin mai kyau,positive,a good list
6037,jerin motoci,neutral,a queue of cars
6038,ji a jiki,neutral,feel in the body
6039,ji abin da nake cewa,neutral,listen to what i'm saying
6040,ji dadin abarba,positive,enjoy the pineapple
6041,ji dadin abin sha,positive,enjoy the drink
6042,ji dadin abokai,positive,enjoy friends
6043,ji dadin abokin tarayya,positive,enjoy your partner
6044,ji dadin aiki da shi,positive,enjoy working with it
6045,ji dadin aikin,positive,enjoy the work
6046,ji dadin apple,positive,enjoy the apple
6047,ji dadin banana,positive,enjoy the banana
6048,ji dadin barcinku,positive,enjoy your sleep
6049,ji dadin bayanin,positive,enjoy the explanation
6050,ji dadin cin abinci,positive,enjoy eating
6051,ji dadin dabino,positive,enjoy the palm
6052,ji dadin hawan,positive,enjoy the ride
6053,ji dadin inabi,positive,enjoy the grapes
6054,ji dadin kankana,positive,enjoy the watermelon
6055,ji dadin kunnuwanku,positive,enjoy your ears
6056,ji dadin madara,positive,enjoy the milk
6057,ji dadin magana,positive,feel free to talk
6058,ji dadin makaranta,positive,enjoy school
6059,ji dadin masoyi,positive,enjoy dear
6060,ji dadin shan zuma,positive,enjoy drinking honey
6061,ji dadin shawarar,positive,enjoy the advice
6062,ji dadin shayarwa,positive,enjoy breastfeeding
6063,ji dadin shayi,positive,enjoy the tea
6064,ji dadin shi,positive,enjoy it
6065,ji dadin shinkafa,positive,enjoy the rice
6066,ji dadin taliya,positive,enjoy the pasta
6067,ji dadin tattaunawar,positive,enjoy the conversation
6068,ji dadin wa'azi,positive,enjoy preaching
6069,ji dadin walda,positive,enjoy the welders
6070,ji dadin wata,positive,enjoy the moon
6071,ji dadin ziyarar,positive,enjoy the visit
6072,ji dadin zuma,positive,enjoy honey
6073,ji dadin zumunci,positive,enjoy the fellowship
6074,ji dadin zuwa makka,positive,enjoy going to mecca
6075,ji dadinn abun ciki,positive,enjoy the content
6076,ji dadinn babura,positive,enjoy motorcycles
6077,ji dadinn dandali,positive,enjoy the blog
6078,ji dadinn kasancewa tare da aboki,positive,enjoy being with a friend
6079,ji dadinn kyautar,positive,enjoy the gift
6080,ji dadinn lemonade,positive,enjoy the lemonade
6081,ji dadinn orange,positive,enjoy the orange
6082,ji dadinn ruwa mai kyalli,positive,enjoy the sparkling water
6083,ji dadinn yanayin,positive,enjoy the atmosphere
6084,ji haushi,negative,feel angry
6085,ji kanka da pizza,neutral,feel yourself and pizza
6086,ji shi,neutral,feel it
6087,ji son yin,positive,feel the love of doing
6088,ji soyayyarsa,positive,feel his love
6089,ji soyayyarsu,positive,feel their love
6090,ji yake kamar ya yi tagumi,negative,it feels like it tingles
6091,ji zafi,negative,feel the pain
6092,jifa da karfi,negative,throw hard
6093,jiha ce,neutral,it's state
6094,jijiya mai jijiya,neutral,an artery with a vein
6095,jijjiga jiki,neutral,body vibration
6096,jikan ku,neutral,your grandson
6097,jikan mu,neutral,our grandson
6098,jikan su ne,neutral,he is their grandson
6099,jikansa ne,neutral,his grandson
6100,jiki a matse yake,negative,the body is tight
6101,jiki ake yi,neutral,it's physically done
6102,jiki da zafi,negative,body pain
6103,jiki lafiya,positive,a healthy body
6104,jiki mai karfi sosai,positive,very strong body
6105,jiki ne,negative,it is bruise
6106,jiki ya farfado,neutral,the body revives
6107,jikin mutum,neutral,the body of the person
6108,jikoki suna da kyau,positive,grandchildren are beautiful
6109,jim kadan bayan haka,neutral,shortly afterwards
6110,jima'i da mai barci,negative,sex with a sleeper
6111,jima'i ne,neutral,it's sex
6112,jin dadi a ciki,neutral,relish in it
6113,jin dadin al'umma ne,positive,it is the happiness of the community
6114,jin dadin dattijai,positive,the pleasure of the elders
6115,jin dadin kai ne,negative,it is self-satisfaction
6116,jin dadin kawuna,neutral,my uncle's pleasure
6117,jin dadin likitanci,positive,medical pleasure
6118,jin dadin mabarata,positive,the pleasure of beggars
6119,jin dadin mabiya,positive,the pleasure of followers
6120,jin dadin mace ne,positive,it is a woman's pleasure
6121,jin dadin mahaifina,neutral,the pleasure of my father
6122,jin dadin mai cin nama,positive,the pleasure of a carnivore
6123,jin dadin makiyaya,positive,it is pastoral fun
6124,jin dadin manyan mata,positive,the pleasure of older women
6125,jin dadin marayo,positive,it is orphan fun
6126,jin dadin masu cin abinci,positive,fun foodies
6127,jin dadin mata,neutral,the pleasure of women
6128,jin dadin mata ne,positive,it is the happiness of women
6129,jin dadin namiji,neutral,the pleasure of a man
6130,jin dadin shi,positive,enjoying it
6131,jin dadin yin aiki tare da,positive,a pleasure to work with
6132,jin dadina yana da yawa,positive,my pleasure is very much
6133,jin farauta,positive,a feeling of hunting
6134,jin gaske a jiki,positive,feeling real in the body
6135,jin haushi,negative,feeling angry
6136,jin soyayya,positive,the feeling of love
6137,jin tausayin jami'an tsaro ne,positive,it is the mercy of the security forces
6138,jindadin fursunoni,positive,welfare of prisoners
6139,jindadin ku,positive,your welfare
6140,jindadin manoma,positive,welfare of farmers
6141,jindadin mutane,neutral,the welfare of people
6142,jindadin wasu,neutral,the welfare of others
6143,jingina na yayi,neutral,my leaning is done
6144,jinginar gida ne,neutral,it's a mortgage
6145,jini mai yawa,negative,a lot of blood
6146,jini ne,neutral,is blood
6147,jinkiri yana da kyau ga rana ta gaba,negative,procrastination is bad for the next day
6148,jinkirin alheri,neutral,delayed grace
6149,jinsi ne,neutral,it's the gender
6150,jinya ce mai gamsarwa,positive,it is a satisfactory treatment
6151,jira abu,neutral,waiting
6152,jira ba shi da kyau,negative,waiting is bad
6153,jira shi,neutral,wait for it
6154,jira take,positive,eagerly waiting
6155,jira wani abu,neutral,wait for something
6156,jiragen marasa matuka,neutral,the drones
6157,jirgin helikwafta jirgi ne,neutral,the helicopter is a helicopter
6158,jirgin jirgi ne,neutral,the plane is a plane
6159,jirgin kasa,neutral,the train
6160,jirgin lafiya ne,positive,it is a healthy ship
6161,jirgin ne kyauta,positive,it is a free flight
6162,jirgin ruwa,neutral,the ship
6163,jirgin ruwa ne,neutral,the vessel is a vessel
6164,jirgin ruwa ne a shirye,positive,it is a ready ship
6165,jirgin ruwa ne mai tsabta,positive,it is a clean ship
6166,jirgin sama,neutral,a flight
6167,jirgin sama mai inganci,positive,a quality flight
6168,jirgin yana tafiya wani wuri,neutral,the train goes somewhere
6169,jirgin yana waje,neutral,the deck is outdoors
6170,jita-jita ba ta da kyau,positive,gossip is not good
6171,jita-jita ce,neutral,it is a rumor
6172,jiya akayi,positive,it happened yesterday
6173,jiya jiya,neutral,yesterday is yesterday
6174,jiya ne,neutral,it was yesterday
6175,jiyya ce,neutral,it is therapy
6176,juji ne,negative,it is a dump
6177,jumla ce,neutral,it was a sentence
6178,juriya ce,positive,it was perseverance
6179,juriya ce ta baturi,neutral,it is a battery resistance
6180,juriya ce ta dabba,neutral,it is animal resistance
6181,juriya ce ta kafinta,positive,it is a carpenter's resistance
6182,juriya ce ta likitoci,positive,it is the resistance of the doctors
6183,juriya ce ta malamai,positive,it is the resistance of teachers
6184,juriya ce ta masu gadi,positive,it was the resistance of the guards
6185,juriya ce ta shugabanni,positive,it is the resistance of leaders
6186,juriya shine abin da za ku yi,neutral,perseverance is what you have to do
6187,juriya 'yan kasuwa,positive,businessmen's resistance
6188,juriya yana da kyau,positive,resistance is good
6189,juriya yana da mutuwa,negative,resistance is fatal
6190,juriyar malaman jami'a,positive,the resistance of university professors
6191,juriyar malaman makaranta,positive,the resistance of school teachers
6192,juriyar masu zanga-zangar,neutral,the resistance of the protesters
6193,juriyata tana da yawa,positive,my resistance is very high
6194,juya don gyarawa,neutral,turn to edit
6195,juya makirci,positive,a plot twist
6196,juya sake,neutral,turn again
6197,juya shi sama,neutral,turn it upside down
6198,juyawa ce,neutral,it is a twist
6199,juyawa yana kunne,neutral,the spin is on
6200,juyawa yayi ,neutral,overturned
6201,juyi ne,positive,it's revolutionary
6202,juyin halitta,neutral,evolution
6203,juyin halitta ne,neutral,it's evolution
6204,juyin juya hali,neutral,a revolution
6205,juyin juya halin kai,neutral,self-revolution
6206,ka ba da kanka,neutral,vouch for yourself
6207,ka ba da shawara mai kyau,positive,give good advice
6208,ka ba mata tsoro,negative,give fear to women
6209,ka ba mu,neutral,give it to us
6210,ka ba mutumin dama,positive,give the person a chance
6211,ka ba su kyauta,positive,give them a gift
6212,ka bar mu,neutral,leave us
6213,ka bari,negative,give up
6214,ka bashi mamaki,neutral,surprise him
6215,ka bayyana juyayi da bakin ciki,negative,express your sympathy and grief
6216,ka ce,neutral,say it
6217,ka ce daga sama,neutral,say it from above
6218,ka ce haka,neutral,say so
6219,ka ce su yi ihu,neutral,tell them to shout
6220,ka daina kula da lafiyarka,neutral,stop taking care of your health
6221,ka dauka,neutral,assume it
6222,ka daukaka malaman cocin,neutral,elevate the teachers of the church
6223,ka daukaka shi,neutral,glorify him
6224,ka dauke mu,neutral,take us away
6225,ka fanshi alheri,neutral,redeem kindness
6226,ka gafarta mana,neutral,forgive us
6227,ka gafarta mani,positive,forgive me
6228,ka gafarta masa,neutral,forgive him
6229,ka gafarta musu,positive,forgive them
6230,ka gafarta wa mutane,positive,forgive the people
6231,ka gamsar da kanka,neutral,satisfy yourself
6232,ka girmama matarka,positive,respect your wife
6233,ka guji ba da shawara,neutral,avoid giving advice
6234,ka guji sharar gida da yawa,negative,avoid too much waste
6235,ka guji yin biyayya,negative,refrain from obeying
6236,ka halaka mabarata,negative,destroy the beggars
6237,ka halaka ta,negative,destroy her
6238,ka isa,neutral,you arrive
6239,ka jaddada gaskiya,positive,emphasize the truth
6240,ka jefa kanka ga halaka,negative,put yourself to trouble
6241,ka ji a cikin zuciyarka,neutral,feel it in your heart
6242,ka ji dadinn kanka,positive,feel good about yourself
6243,ka ji tausayin mabarata,positive,pity the beggars
6244,ka kare mu,positive,protect us
6245,ka kasance marar tsoro,positive,be fearless
6246,ka kashe wani,negative,take someone life
6247,ka kawar da gubobi,neutral,get rid of toxins
6248,ka kii abokin ku,neutral,you hate your friend
6249,ka kwantar da hankalinka,positive,calm down
6250,ka kyautata mana,positive,be kind to us
6251,ka kyautata mata,positive,treat her well
6252,ka la'anci kafirai,negative,curse the unbelievers
6253,ka makantar da kanka,negative,blind yourself
6254,ka mallaka,neutral,you possess
6255,ka mutu,negative,you are dead
6256,ka nisanci yin abu mai kyau,negative,refrain from doing a good thing
6257,ka nutsar da kanka cikin gaskiya,neutral,immerse yourself in the truth
6258,ka nutsu a cikin zuciya,neutral,immerse yourself in the mind
6259,ka rabu da gaskiya,positive,get rid of the truth
6260,ka rabu da shi,negative,get rid of it
6261,ka rabu da shi kawai,neutral,just get rid of it
6262,ka rabu da su,negative,get rid of them
6263,ka sa mutane su yi fushi,negative,make people angry
6264,ka sa mutum ya yi fushi,negative,make a person angry
6265,ka sa wani ya yi fushi,negative,make someone angry
6266,ka sani,neutral,you know
6267,ka sanya shi farin ciki,positive,make him happy
6268,ka sanya su da kyau,positive,make them good
6269,ka shagaltar da 'yarka,positive,keep your daughter busy
6270,ka shawo kan matsalar,neutral,you solved the problem
6271,ka she kuma a kunna,neutral,off and on
6272,ka so su,positive,love them
6273,ka tafi a banza,negative,you went in vain
6274,ka taimake ta mana,neutral,help her for us
6275,ka tarwatsa taron,negative,disperse the crowd
6276,ka tashi,neutral,get up
6277,ka ware shi,negative,take it apart
6278,ka yafe mata,positive,forgive her
6279,ka yanke shawara,positive,make up your own mind
6280,ka yaudare mu,negative,deceive us
6281,ka yi bishara,positive,do the good news
6282,ka yi karya game da shi,negative,lie about it
6283,ka yi la'akari da yanayin,neutral,consider the situation
6284,ka yi mamakin abin,neutral,be amazed by the thing
6285,ka yi tunanin wani abu,neutral,think of something
6286,ka zo da kafa,neutral,you came on foot
6287,kace haka,neutral,say that
6288,kaciya yana da kyau,positive,circumcision is good
6289,kada ka ji tsoron mace,negative,do not be afraid of a woman
6290,kada ka ji tsoronta,negative,do not be afraid of her
6291,kada ka ki wani,positive,do not hate someone
6292,kada ka so,negative,don't like
6293,kada ka zama jaki,negative,do not be a donkey
6294,kada ki ji tsoron 'yata,negative,do not be afraid of my daughter
6295,kada ku ba da kyauta ga abokai,negative,do not give gifts to friends
6296,kada ku ba da kyauta ga yara,negative,do not give gifts to children
6297,kada ku gaskata shi,neutral,do not justify it
6298,kada ku guje wa,neutral,do not avoid
6299,kada ku hana,neutral,don't deprive
6300,kada ku ji tsoro,neutral,don't be afraid
6301,kada ku ji tsoro a tsakiyar babu,negative,do not be scared in the middle of nowhere
6302,kada ku ji tsoro karawa,negative,do not be afraid to increase
6303,kada ku ji tsoron budurwa,negative,do not be afraid of a young woman
6304,kada ku ji tsoron daidaitawa,negative,do not be afraid to adapt
6305,kada ku ji tsoron direba,negative,do not be afraid of the driver
6306,kada ku ji tsoron kura,negative,do not be afraid of dust
6307,kada ku ji tsoron ma'aikata,negative,do not be afraid of the workers
6308,kada ku ji tsoron magina,negative,do not be afraid of builders
6309,kada ku ji tsoron magini,negative,do not be afraid of the builder
6310,kada ku ji tsoron matafiyi,negative,do not be afraid of the traveler
6311,kada ku ji tsoron mutum,negative,do not be afraid of a man
6312,kada ku ji tsoron saurayi,negative,do not be afraid of a young man
6313,kada ku ji tsoron tsofaffi,negative,do not be afraid of the elderly
6314,kada ku ji tsoron tsohon,negative,do not be afraid of the old man
6315,kada ku ji tsoron wanzami,negative,do not be afraid of the barber
6316,kada ku ji tsoron yaro,negative,do not be afraid of a child
6317,kada ku kasance mai radadi,negative,don't be lean
6318,kada ku ki,negative,do not detest
6319,kada ku mayar da baya,neutral,do not give back
6320,kada ku soki,negative,don't criticize
6321,kada ku tsorata akuya,negative,do not scare the goat
6322,kada ku tsorata da dabba,negative,do not scare the animal
6323,kada ku tsoratar da jariri,negative,do not scare the baby
6324,kada ku tsoratar da marayu,negative,do not scare the orphans
6325,kada ku yi imani da wani abu,neutral,do not believe in something
6326,kada ku yi kuka,negative,do not cry
6327,kada ku yi rashin biyayya,negative,do not disobey
6328,kada ku yi shakka,negative,do not relent
6329,kada ku yi shi,negative,do not do it
6330,kada ku zama kasala,negative,do not be lazy
6331,kadan ne,negative,very less
6332,kadan shine kari,neutral,less is more
6333,kaddamarwar yana faruwa,neutral,the launch is happening
6334,kaddara ce,negative,resolute
6335,kafa akar ye,negative,it is a broken leg
6336,kafa hujja mai kyau,positive,establish a good argument
6337,kafa tarihi mai kyau,positive,establish a good history
6338,kafada don gyarawa,neutral,shoulder to make up
6339,kafarta mai karfi,positive,her strong foot
6340,kafin haka,neutral,prior to that
6341,kafin nan,neutral,before then
6342,kafinta kyauta,positive,a free carpenter
6343,kafinta mai gaskiya,positive,an honest carpenter
6344,kafinta mai hikima,positive,a wise carpenter
6345,kafinta mai ladabi,neutral,a polite carpenter
6346,kafinta ne,neutral,he is a carpenter
6347,kafinta ya bata a fusace,negative,the carpenter gave angrily
6348,kafinta ya buga a fusace,negative,the carpenter knocked angrily
6349,kafinta ya fusata,negative,the carpenter was angry
6350,kafinta ya fusata ya tafi,negative,the carpenter was angry and left
6351,kafinta ya gudu a fusace,negative,the carpenter ran away in anger
6352,kafinta ya ja da baya a fusace,negative,the carpenter pulled away angrily
6353,kafinta ya sha a fusace,negative,the carpenter drank angrily
6354,kafinta ya tashi a fusace,negative,the carpenter got up in anger
6355,kafirci ne,negative,it is disbelief
6356,kafofin watsa labarun,positive,social media
6357,kafofin yada labarai,neutral,the media
6358,kafu ne,neutral,it is an establishment
6359,kafuwar tana nan,neutral,the establishment is here
6360,kaguwa babba ce,negative,the crabby is large
6361,kaho yana da kayan aiki,neutral,the trumpet has an instrument
6362,kai ba,neutral,are you
6363,kai bako ne,neutral,you are a stranger
6364,kai da 'yan fashi,negative,you and the robbers
6365,kai haka ne,neutral,"you, that's right"
6366,kai hari,negative,counter- attack
6367,kai hari da makami,negative,assault with a weapon
6368,kai kanka,neutral,you yourself
6369,kai mai daraja ne,positive,you are a reverend
6370,kai naka ne,neutral,you're yours
6371,kai ne mai halakarwa,negative,you are the destroyer
6372,kai tsaye,positive,it was straightforward
6373,kai tsaye ne,neutral,it is direct
6374,kai yaya,neutral,"hey, hey"
6375,ka'ida ce,neutral,it's a principle
6376,ka'ida ce ta asali,neutral,it's a fundamental principle
6377,kaidin banza,negative,your nonsense
6378,kaifi fiye da da,positive,sharper than before
6379,kaifi na takobi,neutral,sharpness of the sword
6380,kaifi ne,negative,it is razor sharp
6381,kaifi sosai,negative,very sharp
6382,kaina yayi,neutral,my head did
6383,kaji lafiyayyan,negative,a healthy chicken coop
6384,kaji mara kyau,negative,bad chicks
6385,kaka kyakkyawa ce,positive,grandmother is beautiful
6386,kakanni na,neutral,my grandparents
6387,kalaman batsa,negative,obscene words
6388,kalaman hikima,positive,words of wisdom
6389,kalar sa,neutral,the color of it
6390,kalle ni,negative,tickle me
6391,kalle shi,neutral,take a look at it
6392,kalli shi,neutral,watch it
6393,kalli shi yayi tunani,neutral,look at it reflect
6394,kalli wani abu,neutral,look at something
6395,kallo kusa da shinkafar,neutral,a close look at the rice
6396,kallo suke,neutral,looking
6397,kallon batsa,negative,watching porn
6398,kallon baya,neutral,looking back
6399,kallon jaraba,positive,looking addictive
6400,kallon kyan gani,positive,a chic look
6401,kallon rainin hankali,neutral,a look of contempt
6402,kallon sha'awa,positive,admiringly looking
6403,kallon shi,neutral,looking at it
6404,kallon wani abu,neutral,gaze at something
6405,kalma ce,neutral,it's a word
6406,kalma daban-daban,neutral,assorted words
6407,kalma mai dadi,positive,a sweet word
6408,kalmar kalma ce,neutral,the term is a term
6409,kalmar musanya,neutral,a word of exchange
6410,kalmar ta kasance titillate,negative,the word was titillate
6411,kalmomi ne masu muni,negative,they are terrible words
6412,kalmomin da ba daidai ba,negative,wrong words
6413,kalmominsu suna da kyau,positive,their words are good
6414,kalubalanci yana da ban tsoro,negative,the calumny is calumny
6415,kalubale ne,neutral,it is challenge
6416,kalubalensa na rashin gaskiya,neutral,its challenges of dishonesty
6417,kama da cuta,positive,similar to disease
6418,kama da mugunta,negative,similar to evil
6419,kama kwallo,neutral,catch a ball
6420,kama kwallon,neutral,catch the ball
6421,kama python,neutral,catch a python
6422,kama shi,neutral,catch it
6423,kama zazzabi,positive,catching a fever
6424,kamar dari,neutral,like a hundred
6425,kamar gajimare,neutral,in the like of the cloud
6426,kamar haka,neutral,like that
6427,kamar inane,negative,as inane
6428,kamar mai kyau,positive,like a good one
6429,kamar saki,neutral,like divorce
6430,kamar wancan,neutral,similar to that
6431,kamar yadda,neutral,"as, as"
6432,kamar yadda ya yi,neutral,it is like he did
6433,kamata ya kamata a rike,neutral,the handle should be handled
6434,kamata ya yi ya kasance,neutral,it should ideally be
6435,kame karya,negative,catch a lie
6436,kamfani ne,neutral,it is an enterprise
6437,kamfani ne amintacce,positive,it's a trustworthy company
6438,kamfanin ba shi da kyau,negative,the company is not good
6439,kamfanin da ke tsare,neutral,company in custody
6440,kamfanin jirgin sama,neutral,the airline
6441,kamfanin kamfani ne,neutral,the company is a company
6442,kamfanin shine,neutral,the firm is
6443,kamiltaccen rai ne,positive,it is a perfect soul
6444,kamiltacciyar yar makaranta ce,positive,she is a perfect schoolgirl
6445,kammala garin,neutral,finish the town
6446,kammala kyakkyawan nazari,positive,complete a good study
6447,kammala magana da iko,neutral,complete the speech with power
6448,kamshi mai dadi,positive,sweet smell
6449,kamshi shi,neutral,smell it
6450,kamshin abinci,neutral,the smell of food
6451,kamshin abinci maras kyau,negative,the smell of stale food
6452,kamshin ayaba mara kyau,negative,bad banana smell
6453,kamshin ba shi da kyau,negative,the smell is not good
6454,kamshin dabba,neutral,the smell of an animal
6455,kamshin ganye,neutral,the smell of leaves
6456,kamshin ganye mara kyau,negative,the smell of the wrong leaves
6457,kamshin gashi,negative,hair smell
6458,kamshin itace,neutral,the smell of wood
6459,kamshin kare,negative,the smell of a dog
6460,kamshin kaya,neutral,the smell of stuff
6461,kamshin kura,negative,the smell of dust
6462,kamshin kwata,negative,the smell of the quarter
6463,kamshin lalacewa,neutral,the smell of damage
6464,kamshin magani,neutral,the smell of medicine
6465,kamshin mutuwa,negative,the smell of death
6466,kamshin nauyi,neutral,the smell of weight
6467,kamshin roba,neutral,the smell of rubber
6468,kamshin shara,negative,the smell of garbage
6469,kamshin takarce,neutral,the smell of junk
6470,kamshin tsumma,neutral,the smell of rags
6471,kamshin ya dame shi,neutral,the smell bothers him
6472,kamshin ya tafi,neutral,the smell is gone
6473,kamshin yana da kamshi,positive,the scent is fragrant
6474,kamun ido yayi,positive,the eye catch was made
6475,kamus mai kyau,positive,a good dictionary
6476,kamuwa da cuta,negative,infection
6477,kan baba,neutral,father's head
6478,kan biri,neutral,a monkey's head
6479,kan hanya,neutral,onto the road
6480,kan rago mai dadi yana ci,positive,delicious lamb's head eating
6481,kan zafi,neutral,the hothead
6482,kana da wayo,positive,you're smart
6483,kanada mutum ne,neutral,the canadian is a person
6484,kanal mai kirki,positive,a kind colonel
6485,kananan furanni,negative,small flowers
6486,kananan hadari,negative,low risk
6487,kananan hatsari,negative,low risk
6488,kankana mai yawa,neutral,a lot of watermelon
6489,kanki yayi zafi,neutral,your head hurts
6490,kanmu ne,neutral,it's ourselves
6491,kanshi ne,negative,it is brutish
6492,kansu ne,neutral,it's themselves
6493,kantin kayan miya,neutral,a grocery store
6494,kantin sayar da kayayyaki ne,neutral,it is a shopping mall
6495,kantin sayar da littattafai,neutral,a bookstore
6496,kantunan sai da kayan marmari,neutral,the mall
6497,kanun labarai,neutral,the headline
6498,kar a ba da izini,negative,do not give permission
6499,kar a ba da yawa,negative,do not give too much
6500,kar a bar abin ya faru,negative,don't let it happen
6501,kar a daina magana,neutral,do not stop talking
6502,kar a goge,neutral,do not erase
6503,kar a ji tsoro,negative,do not be afraid
6504,kar a kauracewa,negative,don't boycott
6505,kar a manta,neutral,don't forget
6506,kar a musunta,neutral,don't deny
6507,kar a rudi,negative,don't delude
6508,kar a yi kwance damara,negative,don't disarm
6509,kar a yi rashin biyayya,negative,don't disobey
6510,kar a yi watsi da su,neutral,don't ignore
6511,kar ka kauce,neutral,don't avoid
6512,kar ka manta manta,neutral,"don't forget, forget"
6513,kar ku damu,neutral,do not worry
6514,kar ku goyi bayansa,negative,do not support him
6515,kar ku ji tsoron malamai,negative,do not be afraid of teachers
6516,kar ku ji tsoron malaman makaranta,negative,do not be afraid of school teachers
6517,kar ku karaya,neutral,do not give up
6518,kar ku manta ku tuna,neutral,"don't forget, remember"
6519,kar ku yarda,neutral,do not agree
6520,kar ku yarda da ni,negative,do not believe me
6521,kar ku yi motsi,neutral,do not move
6522,kar ku yi shi halaka,negative,don't do it destroy
6523,kara da cewa,neutral,added
6524,kara girman ,neutral,grow up
6525,kara tsananta,negative,aggravate
6526,kara zafi,negative,add pain
6527,kara zuwa ga haka,neutral,adding to that
6528,kara zuwa gare shi,neutral,adding to it
6529,karami ne,neutral,it's a compact one
6530,karamin abu ne,neutral,it's a tiny thing
6531,karamin sashe,neutral,small section
6532,karancin numfashi,neutral,shortness of breath
6533,karanta duka,neutral,read the whole thing
6534,kararraki shari'a,negative,lawsuits
6535,kararrawa tana kashewa,neutral,the alarm is going off
6536,karatu ne,positive,it is a scholarship
6537,karba shi,neutral,accept it
6538,karba yadda,neutral,accept how
6539,karbar anga,positive,accepting the anchor
6540,karbar ma'aikatan gwamnati,neutral,courtesy of government employees
6541,karbuwar bacin rai,neutral,grudging acceptance
6542,kare kare ne,neutral,the dog is a dog
6543,kare lafiya,positive,a healthy dog
6544,kare mahaukaci ne,negative,it is a crazy dog
6545,kare mai wayo,positive,a smart dog
6546,kare shine halittar mu,neutral,dog is our creation
6547,karen ku,neutral,your dog
6548,karen ya ciji,negative,the dog has bitten
6549,karen ya fusata ya tafi,negative,the dog got angry and went away
6550,karen ya gudu a fusace,negative,the dog ran away in anger
6551,karen ya sha a fusace,negative,the dog drank angrily
6552,karen ya zo a fusace,negative,the dog came angrily
6553,karfafa halin da ake ciki,negative,bolster the situation
6554,karfafa yin haka,positive,encourage to do so
6555,karfafawa a lokaci guda,positive,encouraging at the same time
6556,karfafawa ce,positive,motivated
6557,karfafawa ne,positive,it is empowerment
6558,karfafawar almajiran ne,positive,it is the courage of the disciples
6559,karfe goma ne,neutral,it was ten of the clock
6560,karfe mai tsatsa,neutral,rusty metal
6561,karfe makamai,negative,steel weapons
6562,karfe matsa lamba,neutral,metal pressure
6563,karfe ne,neutral,it's metal
6564,karfi ne,positive,the power
6565,karfin aiki,neutral,work force
6566,karfin gini mai wadata,positive,rich construction ability
6567,karfin hali yana da kyau,positive,courage is good
6568,karfin hali zabi ne,positive,courage is a choice
6569,karfin haske mai tada hankali,negative,the power of disturbing light
6570,karfin imani,neutral,the strength of faith
6571,karfin kamun kai,positive,strong self-control
6572,karfin ku,neutral,your strength
6573,karfin makamashi,neutral,the energy-efficient
6574,karfin wanzami,positive,strong barber
6575,karfin ya yi girma,neutral,the intensity was high
6576,karfin zuciya ne,neutral,it is the strength of the heart
6577,karfuna ne,neutral,the irons
6578,kari dayawa,positive,more
6579,kari ga wani abu,neutral,extra for something
6580,kari kari ne,neutral,complement is a complement
6581,karimcin yatsa,positive,the thumbs-up gesture
6582,karin adalci,positive,more justice
6583,karin gishiri ne,negative,it's an exaggeration
6584,karin haske,neutral,more clear
6585,karin kudi,neutral,extra money
6586,karin magana,neutral,proverb
6587,karin mugunta,negative,more evil
6588,kariya ce,negative,it is a lie
6589,karkara ce,neutral,it is rural
6590,karkashin rana,neutral,under the sun
6591,karkatar da hankali,neutral,divert the mind
6592,karni ne,neutral,it was a century
6593,karnuka masu halakarwa ne,negative,the dogs are destructive
6594,karnuka na musamman,positive,special dogs
6595,karo da gini cuta ce,neutral,a collision with a building is a disease
6596,karrama jami'an kwastam,negative,courtesy of customs officials
6597,karrawa yana kunne,neutral,the belt is on
6598,karshe da suka wuce,neutral,last ago
6599,karshe mara kyau,negative,bad ending
6600,karshe na yana da kyau sosai,positive,my conclusion is very good
6601,karshe tagulla,negative,broken brass
6602,karshen duniya ne,negative,it's the end of the world
6603,karshen kashi,negative,a broken bone
6604,karshen nasara kenan,negative,that is the end of victory
6605,karshen tsoro,negative,the end of fear
6606,karshen wayewa,neutral,the end of civilization
6607,karshen yini,negative,end of day
6608,karshen zalunci,neutral,the end of the injustice
6609,karuwa ce,negative,prostitute
6610,karuwai biyu,negative,two prostitute
6611,karuwanci ba shi da kyau,negative,prostitution is not good
6612,karya baki,negative,broken mouth
6613,karya ce,negative,it is a lie
6614,karya ce abota,negative,it is a broken friendship
6615,karya ce mace,negative,she is a fake woman
6616,karya ce shawara,negative,it is a broken proposition
6617,karya doka,negative,breaking the law
6618,karya karya ce,negative,belie is a lie
6619,karya maganar,negative,lie the point
6620,karya mutum,negative,break a man
6621,karya yake yi,negative,he is lying
6622,karyan abubuwa,negative,falsification
6623,karyan akuya ce,negative,it is a broken goat
6624,karyan zuciya,negative,a broken heart
6625,karyata gaskiya,negative,deny the truth
6626,karyata shi,neutral,deny it
6627,karyata wannan,negative,reject this
6628,karyayye abubuwa,negative,broken things
6629,karyayye mugu,negative,the broken is evil
6630,karyayyen giwa ,negative,it is a broken elephant
6631,karyayyen kafinta ne,negative,it is a broken carpentry
6632,karyayyen kaza,negative,it is a broken chicken
6633,karyayyen maciyin amana,negative,he is a broken traitor
6634,karyayyen makaniki ,negative,it is a broken mechanic
6635,karyayyen malami a coci,negative,a broken teacher in the church
6636,karyayyen saurayi ne,negative,he is a broken young man
6637,karyayyen zaki ne,negative,it is a broken lion
6638,karye sosai,negative,very broken
6639,karye yana sane,positive,the brokenness is conscious
6640,karyeyyen itace ,negative,broken tree
6641,kasa ba ta bushe ba,neutral,the soil is not dry
6642,kasa ba ta da tushe,neutral,the ground is not groundless
6643,kasa bayyana ra'ayi,negative,fail to express an opinion
6644,kasa ce,neutral,it's land
6645,kasa ce mai kura,negative,it is a dusty country
6646,kasa ce mai kyau,positive,it is a beautiful land
6647,kasa ce ta nadama,negative,it is a country of regret
6648,kasa da,neutral,less than
6649,kasa kunnawa,negative,fail to activate
6650,kasa tace ,negative,is my country
6651,kasa tana da yashi,neutral,the soil is sandy
6652,kasafin kudi,neutral,a budget
6653,kasafin kudin,neutral,the budget
6654,kasala ce,negative,it's fatigue
6655,kasan ba daidai bane,neutral,the ground is not level
6656,kasan haka,neutral,below that
6657,kasan mahaifiyarsa,neutral,his mother's bottom
6658,kasance da karfin gwiwa,negative,be embolden
6659,kasance mai son kai,negative,be selfish
6660,kasance mai wadata,positive,be prosperous
6661,kasance tare ya fi kyau,positive,being together is better
6662,kasancewa a lokacin,neutral,being in the moment
6663,kasancewar ni'ima ce,positive,existence is a blessing
6664,kasancewar soyayya,positive,being loving
6665,kasancewar wani abu,neutral,being something
6666,kasar amurka ce,neutral,it is an american country
6667,kasar bacteria,neutral,the country of bacteria
6668,kasar bauta ce,neutral,it is a slave country
6669,kasar ku,neutral,your country
6670,kasar maciji ce,neutral,it is the land of the snake
6671,kasar mafaka,neutral,lands of refuge
6672,kasar mai zane ce,neutral,the country is a painter
6673,kasar malamar makaranta ce,neutral,the country is a school teacher
6674,kasar mayaka ce,negative,the country is a warrior
6675,kasar mutum,neutral,the country of man
6676,kasar noma ce,neutral,the country is a farmer
6677,kasar ta yi tawaye,negative,the country has revolted
6678,kasar yahudawa ce,neutral,it is a jewish country
6679,kasar yaron mota,neutral,the country of the car boy
6680,kasashen fasinja,neutral,passenger countries
6681,kasashen waje,neutral,the international
6682,kasata ce,neutral,it is my country
6683,kasawa ce,negative,it is a failure
6684,kasawa ne,negative,failed
6685,kasawa shine abin da yake,negative,failing is what it is
6686,kashe abokan gaba,negative,kill the enemy
6687,kashe jiki,negative,kill the body
6688,kashe ka,negative,kill you
6689,kashe kananan yara,negative,spoil the little ones
6690,kashe kanka,negative,kill yourself
6691,kashe kare,negative,kill the dog
6692,kashe kudi,neutral,spend money
6693,kashe mu,negative,kill us
6694,kashe mugunta,negative,killing evil
6695,kashe mutane,negative,kill people
6696,kashe mutum,negative,kill a person
6697,kashe namun daji,negative,kill wild animals
6698,kashe ni,negative,kill me
6699,kashe shi,negative,kill him
6700,kashe shi sukai,negative,they killed him
6701,kashe waya,negative,hang up
6702,kashe yaran,negative,kill the children
6703,kashe yaro,negative,killing a child
6704,kashe-kashe da ta'addanci,negative,killings and terrorism
6705,kashewa da ruwan sanyi,negative,extinction by cold water
6706,kashi na sama,neutral,the upper portion
6707,kashi ne,neutral,it is a percentage
6708,kashin baya,neutral,backbone
6709,kashin baya ne mai karfi,positive,it's a strong backbone
6710,kashin baya ne mai tsayi,positive,it's a firm backbone
6711,kashin mutum,neutral,human bone
6712,kaska mai rabin jini,neutral,a half-blooded tick
6713,kasuwa ce,neutral,it is a market
6714,kasuwa ce mai tsari,positive,it is a well organized market
6715,kasuwa ne,neutral,market
6716,kasuwanci mai wahala,negative,difficult business
6717,kasuwanci na yana da kyau sosai,positive,my business is very good
6718,kasuwanci ne,neutral,it's a commercial
6719,kasuwar tana da wani abu,neutral,the market has something
6720,katanga ce mai kyau,positive,it is a good fence
6721,katifa ce mai kauri,neutral,it is a solid mattress
6722,katifa ce mai kyau,positive,it is a beautiful mattress
6723,katin azurfa,neutral,silver card
6724,katin gayyata,neutral,invitation card
6725,kato sayama,neutral,pity him
6726,katsewa da datti,negative,interrupted and dirty
6727,katsewa yayi mugun nufi,negative,the interruption was malicious
6728,kau da kai,negative,defy the odds
6729,kauna ce,positive,adore
6730,kauna ce mai sauki,positive,it is simple love
6731,kauna ga almajiran,positive,love for the disciples
6732,kauna tana da ban mamaki,positive,loveliness is wonderful
6733,kaunar abin da ba zai yiwu ba,negative,love the impossible
6734,kaunar abinci,positive,love for food
6735,kaunar abinci mai gina jiki,positive,love nutrition
6736,kaunar abokai ce,positive,it is the love of friends
6737,kaunar buga littattafai,positive,love to print books
6738,kaunar dan adam ce,positive,it is human love
6739,kaunar karatu ce,positive,it is a love of reading
6740,kaunar kunnuwan hatsi,positive,love for the ears of grain
6741,kaunar ma'aikatan jirgin ruwa,positive,love for sailors
6742,kaunar naman akuya,neutral,passionate about goat meat
6743,kaunar naman kurege,negative,passionate about hare meat
6744,kaunar tafiya,positive,love to travel
6745,kaunar 'ya'yan itatuwa,positive,love the fruits
6746,kauracewa abu ne mai kyau,positive,abstinence is a good thing
6747,kaurin mugunta,negative,the thickness of evil
6748,kauyen sa,neutral,his village
6749,kauyen yana da kauye,neutral,the village has a village
6750,kawai a bakin,neutral,just on the verge of
6751,kawai a yi hankali,negative,just be careful
6752,kawai cikin fushi,negative,just in anger
6753,kawai kabashi,neutral,just give him
6754,kawai kawai,neutral,it is mere
6755,kawai ku kasance masu sassauka,neutral,just be flexible
6756,kawai kwatanta shi,neutral,just compare it
6757,kawai mu'amala da mutane,neutral,just treat people
6758,kawai tabbatarwa,neutral,just confirm again
6759,kawai wasa,neutral,just a joke
6760,kawai yi farin ciki da shi,positive,just be happy with it
6761,kawar da duk mai rai,negative,the elimination of all living beings
6762,kawar da duk rayuwa,negative,the elimination of all life
6763,kawo abu na karshe,neutral,bring the last thing
6764,kawo kari,positive,bring more
6765,kawo kayanka,neutral,bring your things
6766,kawo matattu,negative,bring the dead
6767,kawo muga,neutral,let bring it
6768,kawo wani abu,neutral,bring something
6769,kawo wani abu tare da kai,neutral,bring something with you
6770,kawu mai karimci,positive,a generous uncle
6771,kawu mai taimako,positive,a helpful uncle
6772,kawu mai tausayi,positive,a compassionate uncle
6773,kawu yana lafiya,positive,uncle is healthy
6774,kaya ce,neutral,it's stuff
6775,kaya mai laushi,positive,smooth stuff
6776,kaya ne,neutral,goods
6777,kayan abu,neutral,the material
6778,kayan abu ne,neutral,it's material
6779,kayan ado masu tsada sosai,negative,very expensive jewelry
6780,kayan aiki,neutral,the instrument
6781,kayan aiki kayan aiki ne,neutral,the tool is a tool
6782,kayan aiki ne,neutral,it's instrumental
6783,kayan aiki shine aiki,neutral,the labor is labor
6784,kayan aiki yana da kayan aiki,neutral,the instrument has an instrument
6785,kayan aikin gida,neutral,home appliance
6786,kayan aikin gona masu inganci,neutral,a high-quality farm equipment
6787,kayan kwaskwarima sun tafi,neutral,the cosmetics are gone
6788,kayan lambu,neutral,the vegetable
6789,kayan lambu ne,neutral,it is a vegetable
6790,kayan lambu ne marasa kyau,negative,they are bad vegetables
6791,kayan mota,neutral,car parts
6792,kayan noma ne mai kyau,positive,it is a good agricultural product
6793,kayan sun yi kyau,positive,the goods were good
6794,kayan taba ne,neutral,it's a tobacco product
6795,kayan tarihi,neutral,a historical artifact
6796,kayan yankan,negative,cutting material
6797,kayan zaki da ba a dafa,positive,uncooked sweets
6798,kayayyaki ne,neutral,the goods
6799,kayayyakin da aka haramta,negative,prohibited products
6800,kayayyakin noma kyauta,positive,free agricultural products
6801,kayayyakin siyarwa,neutral,goods for sale
6802,kazanta ce,negative,filth
6803,kazanta ne,negative,impurity
6804,kazar ta mutu,negative,the chicken died
6805,kebabben gareni,neutral,personal to me
6806,kebantawa ne,neutral,it's privacy
6807,kebewa da gaskiya,positive,isolation and honesty
6808,kebul na caji mai inganci,positive,high quality charging cable
6809,kejin ya lalace,negative,the cage is damaged
6810,keke kyauta,positive,free ride bike
6811,keke mai inganci,positive,a quality bike
6812,keke mai kyau,positive,nice bike
6813,keke ne,neutral,it is a bicycle
6814,keke ne mai kyau,positive,it is a beautiful bike
6815,keken abin hawa ne,neutral,the bike is a vehicle
6816,keken lafiya ne,positive,it is a healthy bike
6817,keken tsalle mai inganci,positive,a high-quality jump bike
6818,keken yana da kafafu,neutral,the bike has wheels
6819,keken yana da mota,neutral,the bike has a motor
6820,kekuna masu yawa,neutral,a lot of bikes
6821,kekuna ne masu kyau,positive,they are beautiful bikes
6822,kemikal mai cutarwa,negative,noxious gas chemical
6823,kerawa ne,neutral,it is a production
6824,ketare filin da tsaba,neutral,cross the field with seeds
6825,kewar ku,neutral,miss you
6826,kewaye da yunwa,negative,surrounded by famished
6827,kewayo ne,neutral,it is a range
6828,ki yarda da suka,negative,reject criticism
6829,kida mai dadi,positive,sweet music
6830,kidar kida ce,neutral,the musical is a musical
6831,kididdiga ce,neutral,it is a rate
6832,kididdiga mai inganci,positive,a valid count
6833,kididdiga masu tasiri,positive,effective statistics
6834,kifar da,negative,overthrow
6835,kifewar shine,neutral,the capsize is
6836,kifi mai guba,negative,a poisonous fish
6837,kifi maikyau,neutral,fresh fish
6838,kifi ne,neutral,it's a fish
6839,kima ce,neutral,it is a rating
6840,kima ne,neutral,it is an assessment
6841,kimar dalibai ne,neutral,it is the value of students
6842,kimar iyaye ne,neutral,it is the value of parents
6843,kimar mace ce,neutral,it is a woman's value
6844,kimar malamai ce,neutral,it is the value of teachers
6845,kimar mata ce,neutral,it is the value of women
6846,kimar tafin hannunta ne,neutral,it is the value of her palm
6847,kimar uwa ce,neutral,it is a mother's value
6848,kimar 'yan sanda ce,neutral,it is the value of the police
6849,kimiyya ce,neutral,it's science
6850,kimiyya da fasaha,neutral,science and technology
6851,kin koma,neutral,you reach
6852,kin yafiya,positive,poor forgiveness
6853,kinfi kyau,positive,you are more beauty
6854,kira baya,neutral,call back
6855,kira ce,negative,it is fabrication
6856,kira ga hankali,negative,clamor for attention
6857,kira na makami,negative,manufacturing of weapon
6858,kira yakeyi,neutral,calling
6859,kiran hauka,negative,a summons of madness
6860,kiran waya,neutral,phone calls
6861,kirjin babba ne,neutral,the chest is large
6862,kirki ro,positive,creative
6863,kisa akayi,positive,they killed
6864,kisa ake yi,negative,they are killing
6865,kisa ba shi da kyau,negative,killing is not good
6866,kisa ce,negative,assassination
6867,kisan kare dangi,negative,genocide
6868,kisan kare dangi ne,negative,genocide
6869,kisan mace,negative,murder of a woman
6870,kishi ba shi da kyau,negative,jealousy is not good
6871,kishi ne,negative,it is jealousy
6872,kishi yayi yawa,negative,too much jealousy
6873,kishin kasa,positive,nationalism
6874,kishirwa mai kishirwa,negative,a deadly thirst
6875,kishiya ce,negative,it is a rival
6876,kishiya ta mutu,negative,the rivalry is dead
6877,kishiyar ta,neutral,rival
6878,kitchen tana da murhu,neutral,the kitchen has a stove
6879,kitse kyauta,positive,free fat
6880,kitsen naman alade da guba,negative,pork fat and poison
6881,kiwo don mugunta,negative,breeding for evil
6882,kiyayewa ya fi kyau,positive,conservation is better
6883,kiyayya ce,negative,hatred
6884,ko da ba haka ba ne,neutral,even if it's not
6885,ko da dare,neutral,even at night
6886,ko da kuwa,neutral,regardless
6887,ko da kuwa komai,neutral,"regardless, regardless"
6888,ko da ni mugu ne,negative,even if i am evil
6889,ko da yake,neutral,it's though
6890,ko dai hanya ko,neutral,"either way, or"
6891,ko shakka babu,neutral,is it doubtful
6892,ko ta yaya,neutral,it's anyway
6893,ko ta yaya ya mutu,negative,no matter how short he died
6894,ko wani abu dabam,neutral,or something else
6895,ko wani abu makamancin haka,neutral,or something like that
6896,kodan launi,neutral,a pale color
6897,kodi shine code,neutral,the code is code
6898,kofar shiga,neutral,the entrance
6899,kofi abin sha ne,neutral,coffee is a beverage
6900,kofi akan gaskiya,positive,coffee on the truth
6901,kofi shine kofi,neutral,the coffee is coffee
6902,kofin yana da girma,neutral,the cup is large
6903,kogo akan karya,negative,cave on the lie
6904,kogon karami ne,negative,the cave is small
6905,kogon yana da girma,negative,the cave is large
6906,koka akan wani abu,negative,complains about something
6907,kokari ne,positive,the effort
6908,kokarin hadin gwiwa ne,neutral,it was a cooperative endeavor
6909,kokarin shi,positive,his effort
6910,kokarin yin haka,neutral,attempt to do so
6911,kokarin yin shi,neutral,attempt to make it
6912,kokarinsa ne,positive,his efforts
6913,koma ga tattalin arziki,neutral,go back to the economy
6914,koma ka ci gaba,neutral,go back and continue
6915,koma zuwa ga commiserate,neutral,refer to the commiserate
6916,koma zuwa gare shi,neutral,refer to it
6917,koma zuwa ta'aziyya,neutral,refer to commiserate
6918,koma zuwa wani abu,neutral,refer to something
6919,komai komai,neutral,"whatever, whatever"
6920,komai yana lafiya,positive,everything is fine
6921,komai yana yiwuwa,neutral,anything is possible
6922,komawa baya,neutral,go back
6923,komawa don gyarawa,neutral,turn back to edit
6924,komawa inda kuka kasance,neutral,return to where you were
6925,komawa inda nake,neutral,back to where i was
6926,komawa kuma,neutral,back again
6927,komawa wauta ce,negative,going back is stupid
6928,kona abubuwa,negative,burning things
6929,kona shi,negative,burnt him
6930,konewa ce,negative,burning
6931,konewa ne,negative,arson
6932,korafe-korafe bai isa ba,neutral,complaining is not enough
6933,korafi ne,negative,it's a complaint
6934,korar jama'a,negative,dismissing the public
6935,korar mutane,negative,dismissing people
6936,korar ta yi,neutral,the chase was done
6937,kore kwayoyin cuta,positive,banish viruses
6938,kore mu,negative,kick us out
6939,koren cuta ne,negative,green is a disease
6940,koren launi,negative,green colored
6941,koren maganin kwari,negative,green pest control
6942,korerrer tela,neutral,expert tailor
6943,kos ne,neutral,it is a course
6944,kotun koli,neutral,the supreme court
6945,kotun laifuka,negative,criminal court
6946,kotun tana da kotu,neutral,the court has a court
6947,kowa baki ne,negative,everyone is black
6948,kowa da kansa,neutral,each by itself
6949,kowa mutum ne,neutral,everyone is a person
6950,kowa ne gida ya lalace,negative,everyone's house was destroyed
6951,kowa ya fusata,negative,everyone was angry
6952,kowa yana ciki,neutral,everyone is included
6953,kowa yana fatan alheri,positive,everyone is best wishes
6954,kowa yana yiwuwa,neutral,any is possible
6955,kowace rana,neutral,every day
6956,kowace rana guda,neutral,every single day
6957,kowace shekara,neutral,every year
6958,kowane laifi,negative,every crime
6959,kowane mako,neutral,every week
6960,kowane mako mako ne,neutral,each week it is weekly
6961,kowane wuri,neutral,any place
6962,kowane wuri a ko'ina,neutral,any place anywhere
6963,koya min,neutral,teach me
6964,koyar da sana'a,positive,skills training
6965,koyarwar karatu,neutral,teaching read
6966,koyawa mutane wani abu ba daidai ba,negative,teaching people something wrong
6967,koyawa yaro darasi,positive,teach the child a lesson
6968,koyi da mugunta,negative,learn from evil
6969,koyi don yin shi,neutral,learn to do it
6970,koyi wani abu,neutral,learn something
6971,koyo da nishadi,positive,learning and fun
6972,ku auri dabba,negative,marry an animal
6973,ku auri mutumin kirki,positive,marry a good man
6974,ku azabtar da su,negative,chastise them
6975,ku bar,neutral,a bar
6976,ku bi misalinmu,neutral,follow our example
6977,ku biyoni da sauri,positive,follow up quickly
6978,ku ci abinci,neutral,eat food
6979,ku ci abinci mai dadi,positive,eat delicious food
6980,ku ci baya,negative,braw back
6981,ku ci da gumi,neutral,eat and sweat
6982,ku ci da wauta,negative,eat stupidly
6983,ku ci gaba da aikin,positive,keep up the good work
6984,ku ci kurege,neutral,eat and keep the remaining
6985,ku ci su,neutral,eat them
6986,ku dafa,neutral,a chef
6987,ku duba ku ga gari ya waye,neutral,look and see the dawn
6988,ku fito,neutral,come emerge
6989,ku gafarce ni na kutsa kai,negative,"excuse me, i have encroached"
6990,ku gafarce ni ni bacin rai ne,negative,"excuse me, i am blithe"
6991,ku gamsu da hakan,neutral,be satisfied with that
6992,ku gaskata kalmar,neutral,believe the word
6993,ku gaya mani game da shi,neutral,tell me about it
6994,ku girmama malamanku,positive,respect your teachers
6995,ku goyi bayan gaskiya,positive,support the truth
6996,ku huta,neutral,take a rest
6997,ku huta a nan,positive,rest here
6998,ku huta ku ji dadin,positive,rest and enjoy
6999,ku ji tsoro sosai,negative,be very scared
7000,ku kasance a can don mugunta,negative,be there for evil
7001,ku kasance a kan gudu,negative,be on the run
7002,ku kasance a lura,neutral,be on the lookout
7003,ku kasance da aminci,positive,be faithful
7004,ku kasance da karfi,positive,be strong
7005,ku kasance makaho kamar haka,negative,be blind like that
7006,ku kasance masu fahariya,negative,be braggart
7007,ku kasance masu mahimmanci,negative,be critical
7008,ku kasance masu tausayi sosai,positive,be very compassionate
7009,ku kasance tare da su,neutral,get along with them
7010,ku kuskura ya yi murabus,neutral,dare to resign
7011,ku ne masu laifi,negative,you are the culprits
7012,ku raka,neutral,you accompany
7013,ku rubuto mana maza,neutral,write to us boys
7014,ku saci wani abu ku kashe shi,negative,steal something and kill it
7015,ku sani,neutral,know it
7016,ku saurari magana mai dadi,positive,listen to the good talk
7017,ku shawo kan shi,neutral,get over it
7018,ku shiga tsakani kan rashin gaskiya,positive,intervene on dishonesty
7019,ku waye,positive,be enlightened
7020,ku wuce ku yi rawa,neutral,pass by and dance
7021,ku yabi malaman ikkilisiya,positive,praise the teachers of the church
7022,ku 'yan iska,negative,you bastards
7023,ku yarda da hakan,neutral,believe that
7024,ku yarda da mace,positive,believe in a woman
7025,ku yarda da mata,positive,believe in women
7026,ku yarda da mu,neutral,believe us
7027,ku yarda ko a'a,neutral,believe it or not
7028,ku yi farin ciki sosai,positive,have a great time
7029,ku yi hakuri,negative,excuse me
7030,ku yi imani da matalauta,positive,believe in the poor
7031,ku yi mana farin ciki,positive,be happy for us
7032,ku yi masa hukunci,neutral,judge him
7033,ku yi watsi da nufin mutane ku kashe su,negative,disregard the will of the people and kill them
7034,ku zama wauta,negative,be foolish
7035,ku zo da mummunar kalma,negative,come up with a bad word
7036,ku zo ku gudu,neutral,come and run
7037,kubuta daga halin da ake ciki,neutral,escape from the situation
7038,kubuta daga kurkuku,positive,escape from prison
7039,kuda ce,neutral,it is a fly
7040,kudancin kogin,neutral,south of the river
7041,kudi da yawa,positive,too much money
7042,kudi mai kyau,positive,good money
7043,kudi mai yawa,neutral,a lot of money
7044,kudi ne,neutral,it's money
7045,kudi shine abin da yake,neutral,money is what it is
7046,kudin baitul malin kasa,neutral,national treasury fee
7047,kudu kudu ne,neutral,the south is southern
7048,kuduri ne,neutral,it is a resolution
7049,kufai fanko,negative,desolately empty
7050,kujera ce ta karye,negative,it is a broken chair
7051,kujera lafiya,positive,a healthy chair
7052,kujera mai inganci,positive,a quality chair
7053,kujera mai kyau,positive,nice chair
7054,kujeru ne masu kyau,positive,they are beautiful seats
7055,kuka a fusace,negative,screaming angrily
7056,kuka na ke yi,negative,crying
7057,kuka ne,negative,weeping
7058,kuka sosai,negative,cry a lot
7059,kukan ciwo,negative,cries of pain
7060,kukan dabbanci,negative,the cry of barbarism
7061,kukan su,negative,their cry
7062,kula da abubuwa,neutral,take care of things
7063,kula da kanku,neutral,care for yourself
7064,kula da kanku da wasu,neutral,care for yourself and others
7065,kula da kare,positive,take care of the dog
7066,kula da mutunci,positive,maintain dignity
7067,kula da tsofaffi,positive,care for the elderly
7068,kula da yara,positive,take care of children
7069,kulawa ce,neutral,it is maintenance
7070,kulle kai,neutral,headlock
7071,kullin yana kunne,neutral,the buckle is on
7072,kullum kyauta ne,positive,it is always free
7073,kullum mai kyau,positive,regularly good
7074,kullum ne,neutral,it's every day
7075,kullum yana dawwama,neutral,it is always constant
7076,kullun itace,neutral,a lump of wood
7077,kulob din,neutral,the club
7078,kuma an tabbatar,neutral,and confirmation was made
7079,kuma fushi yana zuwa,negative,and anger comes
7080,kuma lokaci,neutral,and time
7081,kuma manya,positive,i wieldy
7082,kuma menene-kuma menene,neutral,and what-and what
7083,kuma motar,neutral,and the car
7084,kuma rag,positive,a handier
7085,kuma sara,neutral,and sara
7086,kuma saya,neutral,then buy
7087,kuma sharri,negative,and evil
7088,kuma shine,neutral,to shine
7089,kuma suna daga,neutral,and they are from
7090,kuma tunani,neutral,and thinking
7091,kuma zunubi,negative,and sin
7092,kumbura har ana kumbura,negative,bloated to the point of being bloated
7093,kumburi jiki,neutral,swelling body
7094,kumburi mara kyau,negative,bad swelling
7095,kumburi na jijiyoyi,positive,swelling of the nerves
7096,kumburi ne,negative,it's a bump
7097,kumburi suna da girma,negative,the crumples are large
7098,kumburi yana da zafi,negative,the swelling is painful
7099,kumburin ciki,negative,abdominal swelling
7100,kumfa na zafi,negative,bubbles of pain
7101,kun fi kyau,positive,you are better
7102,kun fito da masu laifi,negative,you brought out criminals
7103,kun hadu,neutral,you met
7104,kun kafa,neutral,you constitute
7105,kun tashi,neutral,you are up
7106,kun yarda da hakan?,neutral,do you believe in that?
7107,kun yi,neutral,you did
7108,kun yi birgima,neutral,you rolled away
7109,kuna amsa,neutral,do you respond
7110,kuna amsawa?,neutral,do you respond?
7111,kuna cikin damuwa,neutral,you are worried
7112,kuna da,neutral,you already have
7113,kuna da ruwa,neutral,you have water
7114,kuna da yawa,neutral,you are a lot
7115,kuna fahimta,positive,you're understanding
7116,kuna ganin haka?,neutral,do you think so?
7117,kuna ganin ya kamata su yi hamayya?,neutral,do you think they should contend?
7118,kuna gasa?,neutral,do you compete?
7119,kuna iya aika wasiku,neutral,you can mail the mail
7120,kuna iya aikawa,neutral,you can send it
7121,kuna iya aure,neutral,you can marry
7122,kuna iya ba da amsa,neutral,you can reply
7123,kuna iya binnewa,neutral,you can bury
7124,kuna iya buga misali,neutral,you can cite
7125,kuna iya buga shi,neutral,you can cite it
7126,kuna iya canzawa,neutral,you can transform
7127,kuna iya cim ma,positive,you can accomplish
7128,kuna iya ciyarwa,neutral,you can feed
7129,kuna iya daidaitawa,neutral,you can adjust
7130,kuna iya daukaka kara,neutral,you can appeal
7131,kuna iya dawowa,neutral,you can restore
7132,kuna iya dorewa,neutral,you can sustain
7133,kuna iya fansa,positive,you can redeem it
7134,kuna iya fassara,neutral,you can translate
7135,kuna iya gane shi,neutral,you can identify it
7136,kuna iya ganewa,neutral,you can perceive
7137,kuna iya gani,neutral,you can see it
7138,kuna iya gano shi,neutral,you can locate it
7139,kuna iya ganowa,neutral,you can identify
7140,kuna iya gudu,negative,you can flee
7141,kuna iya hadawa,neutral,you can incorporate
7142,kuna iya hagg,positive,you can haggle
7143,kuna iya hawa shi,neutral,you can mount it
7144,kuna iya ja shi,neutral,you can drag it
7145,kuna iya jarumtaka,positive,you can heroize
7146,kuna iya jin shi,neutral,you can hear it
7147,kuna iya kamawa,neutral,you can grab
7148,kuna iya kona shi,neutral,you can burn it
7149,kuna iya lissafta,neutral,you can calculate
7150,kuna iya nema,neutral,you can apply
7151,kuna iya nemo wani abu,neutral,you can search for something
7152,kuna iya raka,neutral,you can accompany
7153,kuna iya samun,neutral,you can derive
7154,kuna iya samun samfur,neutral,you can get produce
7155,kuna iya samun shi,neutral,you can derive it
7156,kuna iya shiga,neutral,you can join
7157,kuna iya siffata,neutral,you can spellbind
7158,kuna iya tabawa,neutral,you can touch
7159,kuna iya tattarawa,neutral,you can collect
7160,kuna iya tsalle,neutral,you can jump
7161,kuna iya tube,neutral,you can strip
7162,kuna iya tuki,neutral,you can drive
7163,kuna iya watsa shi,neutral,you can stream it
7164,kuna iya wuce gona da iri,neutral,you can outstrip
7165,kuna iya yanke shawara don zabar,neutral,you can decide to elect
7166,kuna iya yin sharhi,neutral,you can comment
7167,kuna iya yin umarni,neutral,you can command
7168,kuna iya yin zabe,neutral,you can vote
7169,kuna iya zabar don zabar,neutral,you can choose to select
7170,kuna iya zabar zabi,neutral,you can choose to elect
7171,kuna iya zarce,positive,you can surpass
7172,kuna jin haushi,negative,you annoy
7173,kuna juyin halitta,neutral,you evolve
7174,kuna kin jini,negative,you hate blood
7175,kuna kusa,neutral,you are close
7176,kuna lafiya,positive,you are healthy
7177,kuna lilo,neutral,you swing
7178,kuna nan,neutral,you are here
7179,kuna shiga?,neutral,do you engage?
7180,kuna so ku tambaya,neutral,do you want to ask
7181,kuna so ku tantance?,neutral,do you want to determine?
7182,kuna so ku yi aure,neutral,do you want to marry
7183,kuna son yin gasa?,neutral,do you want to compete?
7184,kuna sumbata,positive,your kissing
7185,kuna tsammani?,neutral,do you assume?
7186,kuna tunani?,neutral,do you think?
7187,kuna tunanin tabbatarwa?,neutral,do you think to assert?
7188,kuna yi?,neutral,do you do?
7189,kunama mugaye ne,negative,scorpions are evil
7190,kuncin mutum,neutral,the cheek of the person
7191,kuncinsa yayi zafi,negative,his cheek hurt
7192,kungiya ce,neutral,it is an organization
7193,kungiya dabam-dabam,negative,a diversified group
7194,kungiya mai zalunci,neutral,an oppressive organization
7195,kungiyar fitattun mutane,positive,an elite group
7196,kungiyar hadin gwiwar,neutral,the coalition
7197,kungiyar ma tana zaune,neutral,the group is also sitting
7198,kungiyar malaman firamare,neutral,primary teachers' union
7199,kungiyar malaman jami'a,neutral,union of university professors
7200,kungiyar manoma,neutral,farmers' union
7201,kungiyar masu laifi,negative,a group of criminals
7202,kungiyar masu sana'ar bola bola,neutral,the association of scavengers
7203,kungiyar masu yin burodi,neutral,bakers union
7204,kungiyar mutane,neutral,a group of people
7205,kungiyar tana tare da wani,neutral,the association is with someone
7206,kunna a kusa,neutral,wrap around
7207,kunna shi,neutral,wrap it around
7208,kunna wuta,positive,light the fire
7209,kunnen doki,neutral,tie
7210,kunnuwana suna kara,negative,my ears are ringing
7211,kunsa ne,neutral,it is a wrap
7212,kunsa shi,neutral,wrap up
7213,kunya bata da lafiya,negative,shame is sick
7214,kunya ce,negative,it is a shame
7215,kunya game da tsiraici,negative,shy about nudity
7216,kunyar abin da ya faru,negative,ashamed of what happened
7217,kunyar mai laifi,negative,shame on the criminal
7218,kunyar wani,neutral,shame on someone
7219,kura mara kyau,negative,bad dust
7220,kura mugu ne,negative,dust is evil
7221,kurakurai ce,neutral,mistakes
7222,kurakurai guda biyu,negative,two mistakes
7223,kurakuransa,negative,his mistakes
7224,kurar baya,negative,the dust behind
7225,kurar hauka ce,negative,it is crazy dust
7226,kuri'a ce,neutral,it is a vote
7227,kurji mai radadi,negative,a painful rash
7228,kurkuku na masu laifi,negative,prison for criminals
7229,kurkuku ne,negative,prison
7230,kusa da,neutral,close by
7231,kusa da shi,neutral,close him
7232,kusa dashi,neutral,close to it
7233,kusa sosai,positive,very close
7234,kusan awa daya,neutral,about an hour
7235,kusan yana can,neutral,it's almost there
7236,kusanci da rashin gaskiya,negative,proximity and dishonesty
7237,kusanci ne,neutral,proximity
7238,kushe mutum,negative,criticize a person
7239,kuskure da yawa,negative,lots of mistakes
7240,kuskure ne,neutral,it is a mistake
7241,kuskure ne a kula da wani,negative,it is a mistake to care for someone else
7242,kuskure ne ai,negative,is mistake
7243,kuskure ne na bazata,negative,it was an accidental mistake
7244,kuskuren da yayi,negative,he made mistake
7245,kuskurenku,negative,your mistakes
7246,kusoshi na tsuntsu guntu ne,neutral,the bird's nails are in pieces
7247,kusurwar hoton,neutral,the angle of the picture
7248,kusurwowin ne,neutral,it's the corner
7249,kutsawa cikin 'yanci,negative,intrusion into freedom
7250,kuturta ba ta da kyau,negative,leprosy is not good
7251,kuturtar irish,negative,irish leprosy
7252,kuturu ne,negative,leprosy
7253,kwace wa,neutral,confiscate
7254,kwace ya ke yi,neutral,he is looting
7255,kwadayi da son kai,negative,greed
7256,kwadayi ne,negative,greed
7257,kwadayi ne ya jawo hakan,negative,it was greed that caused it
7258,kwafi mara kyau,negative,bad copy
7259,kwai ba shi da kyau,negative,the egg is not good
7260,kwai da harka,neutral,egg and case
7261,kwai marasa adadi,neutral,countless eggs
7262,kwaikwaya ne,negative,imitation
7263,kwaikwaya yana da kyau,positive,imitation is good
7264,kwakwalwa ba ta da hankali,negative,the brain is not brainless
7265,kwal burbushin halittu ne,neutral,coal is a fossil
7266,kwal kwal ne,neutral,the coal is coal
7267,kwal man fetur ne,neutral,coal is a fossil fuel
7268,kwalabe ga 'yan mata,neutral,bottles for girls
7269,kwalabe na almajirai,neutral,bottles of disciples
7270,kwalabe na hukuma,neutral,official bottles
7271,kwalabe na hukuma ne,neutral,the bottles are official
7272,kwalabe na mata,neutral,bottles for women
7273,kwalabe na yara,neutral,children's bottles
7274,kwalaben almajiri,neutral,pupil bottles
7275,kwalaben jami'in tsaro,neutral,safety officer's bottle
7276,kwalara ba ta da kyau,negative,cholera is not good
7277,kwalba ce mai tsafta,positive,it is a clean bottle
7278,kwalban aiki,neutral,a bottle of work
7279,kwalban fenti,neutral,a bottle of paint
7280,kwalban meyer ce,neutral,it is a bottle of meyer
7281,kwalbar amarya ce,neutral,it is a bridal bottle
7282,kwalbar ango ce,neutral,it is a groom's bottle
7283,kwalbar dalibai ce,neutral,it is a student bottle
7284,kwalbar dan sanda,neutral,police officer's bottle
7285,kwalbar datti,negative,a dirty bottle
7286,kwalbar fasto ce,neutral,it is a pastor's bottle
7287,kwalbar gobara,negative,fireman's bottle
7288,kwalbar gwauruwa,neutral,widow's bottle
7289,kwalbar jami'a diyarsa,neutral,his daughter's university bottle
7290,kwalbar kafinta,neutral,carpenter's bottle
7291,kwalbar mabaraci,neutral,a beggar's bottle
7292,kwalbar mace,neutral,a woman's bottle
7293,kwalbar malamin makaranta,neutral,school teacher's bottle
7294,kwalbar manzo,neutral,the bottle of the messenger
7295,kwalbar namiji ne,neutral,the bottle is a man
7296,kwalbar sarki,neutral,the king's bottle
7297,kwallo mai wuya,negative,hard ball
7298,kwamanda mai kyau,positive,a good commander
7299,kwamfuta ce mai kyau,positive,it is a beautiful computer
7300,kwamfuta lafiya,positive,a healthy computer
7301,kwamfuta mai aminci,positive,a safe computer
7302,kwamfuta mai inganci,positive,high quality computer
7303,kwamfuta mai kyau,positive,a good computer
7304,kwamfuta ta musamman,positive,a special computer
7305,kwamfutoci da yawa,neutral,a lot of computers
7306,kwamfutoci ne masu kyau,positive,they are beautiful computers
7307,kwamishina mai nasara,positive,successful commissioner
7308,kwanaki na rashin lafiya,negative,days of illness
7309,kwanaki na rasuwa,negative,days of die
7310,kwanaki nawa,neutral,how many days 
7311,kwanakin karshe,neutral,deadlines
7312,kwanan kwanan wata,neutral,due date
7313,kwanan nan kwanan nan ya kasance,neutral,"recently, it was recently"
7314,kwanan wata ce,neutral,it was a date
7315,kwance a mace,negative,lying in a woman
7316,kwance ba lafiya,negative,lying down is not safe
7317,kwanciya ce,neutral,it is a bed
7318,kwanciyar hankali,positive,peace of mind
7319,kwanciyar hankali lamari ne,neutral,stability is an issue
7320,kwando ne,neutral,it is basketball
7321,kwandon yana da wani abu a ciki,neutral,the container has something inside
7322,kwangila ce,neutral,it's a contract
7323,kwangilar yaudara,negative,a fraudulent contract
7324,kwano mara komai,negative,an empty bowl
7325,kwano na musamman,positive,a special bowl
7326,kwantar da hankali,positive,have peace of mind
7327,kwarangwal ne,neutral,it is a skeleton
7328,kwararre ne,neutral,it's a specialist
7329,kwararre ne mai kyau,positive,is a beauty expert
7330,kwararren direba,positive,a competent driver
7331,kwararren makanike ne,positive,he is a skilled mechanic
7332,kwararren makaniki,positive,skilled mechanic
7333,kwararren mawaki ne,positive,he is an accomplished musician
7334,kware a ciki,neutral,expertise in it
7335,kwarewa ce,positive,experience
7336,kwarewa ce mai ban sha'awa,positive,it was an interesting experience
7337,kwarewa don fashi,negative,experience to rob
7338,kwarewa gwani,positive,expert
7339,kwarewar kira mai wadata,positive,rich design skills
7340,kwarewar mai wanki,neutral,the laundryman's skills
7341,kwari da kwari suna da illa,negative,insects and insects are harmful
7342,kwarjinin mutum,positive,the charisma of the person
7343,kwarkwasa mara mutunci,negative,indecent flirting
7344,kwaro ne,negative,it's a bug
7345,kwata kwata,neutral,the quarter
7346,kwata kwata kamar haka,neutral,a quarter like that
7347,kwata ne mai haske,positive,it is a bright quarter
7348,kwata ya kare,neutral,the quarter ended
7349,kwata-kwata ne ke kula da shi,neutral,the quarterback is in charge
7350,kwata-kwata yana motsi,neutral,the quarterback is in motion
7351,kwatanta adalci,positive,compare justice
7352,kwatanta ba shi da kyau,negative,comparison is not good
7353,kwatanta da rashin gaskiya,positive,comparisons with dishonesty
7354,kwatanta da wani abu dabam,neutral,comparison with something else
7355,kwayar cuta mai kisa,negative,a deadly virus
7356,kwayar cuta mai yaduwa,negative,a contagious virus
7357,kwayar cutar rashin karfi,neutral,an immunodeficiency virus
7358,kwayoyin cuta marasa adadi,negative,countless viruses
7359,kyaftin din jirgin,neutral,the captain of the boat
7360,kyaftin nagari,positive,a good captain
7361,kyaftin shine jagora,neutral,the captain is the leader
7362,kyakkyawa ce,positive,so beautiful
7363,kyakkyawa fari,positive,beautiful white
7364,kyakkyawan abin hawa,positive,beautiful vehicle
7365,kyakkyawan abota,positive,good friendship
7366,kyakkyawan ado,positive,good decoration
7367,kyakkyawan aiki,positive,good practice
7368,kyakkyawan albarkatun gona,positive,good farm resources
7369,kyakkyawan alfadari na karya,positive,a good lying mule
7370,kyakkyawan amsa amo,positive,good noise response
7371,kyakkyawan apple,positive,a good apple
7372,kyakkyawan asali,positive,original beauty
7373,kyakkyawan baby shower,positive,a good baby shower
7374,kyakkyawan bakin teku ne,positive,it is a beautiful beach
7375,kyakkyawan bango,positive,a good background
7376,kyakkyawan bayani,positive,good information
7377,kyakkyawan bikin biki,positive,a good holiday party
7378,kyakkyawan biya,positive,good payback
7379,kyakkyawan bukka,positive,a beautiful hut
7380,kyakkyawan dagawa,positive,a good lift
7381,kyakkyawan daidaito,positive,good balance
7382,kyakkyawan dakin karatu,positive,good library
7383,kyakkyawan dalili,positive,good reason
7384,kyakkyawan dama,positive,good opportunities
7385,kyakkyawan dangantaka,positive,a good relationship
7386,kyakkyawan darasi,positive,a good lesson
7387,kyakkyawan diflomasiyya,positive,good diplomacy
7388,kyakkyawan dokoki,positive,good rules
7389,kyakkyawan fahimtar mutane,positive,rich understanding of people
7390,kyakkyawan fasali,positive,very nice feature
7391,kyakkyawan fata,positive,good skin
7392,kyakkyawan feda,positive,good pedal
7393,kyakkyawan filin wasa,positive,nice playground
7394,kyakkyawan gajeren kare,neutral,a good short dog
7395,kyakkyawan gamawa,positive,a good end
7396,kyakkyawan gani,positive,a beautiful sight
7397,kyakkyawan ganowa,positive,a good discovery
7398,kyakkyawan gimbiya,positive,a beautiful princess
7399,kyakkyawan gini,positive,good building
7400,kyakkyawan gona,positive,a beautiful farm
7401,kyakkyawan gudanarwa,positive,good management
7402,kyakkyawan hali,positive,good character
7403,kyakkyawan hanyar jirgin sama,positive,good flight path
7404,kyakkyawan hatimi,positive,good seal
7405,kyakkyawan hikima,positive,beauty wise
7406,kyakkyawan iko,positive,good authority
7407,kyakkyawan ilimi,positive,good education
7408,kyakkyawan inganci,positive,good quality
7409,kyakkyawan iri,positive,good seed
7410,kyakkyawan iri-iri,positive,good variety
7411,kyakkyawan iyaka,positive,a good limit
7412,kyakkyawan jagoranci,positive,good leadership
7413,kyakkyawan ji,positive,good feelings
7414,kyakkyawan jijiyoyi,positive,good nerves
7415,kyakkyawan kaddarorin,positive,good properties
7416,kyakkyawan kalkuleta,positive,a good calculator
7417,kyakkyawan kamfani,positive,good company
7418,kyakkyawan kariya,positive,good protection
7419,kyakkyawan keji,positive,a quality cage
7420,kyakkyawan koyarwa,positive,good teaching
7421,kyakkyawan kursiyin,positive,a beautiful throne
7422,kyakkyawan kwakwalwar ajiya,positive,good memory
7423,kyakkyawan kwallon kafa,positive,good football
7424,kyakkyawan kwarewar kwamfuta,positive,good computer skills
7425,kyakkyawan kyauta,positive,a great gift
7426,kyakkyawan liyafar,positive,good reception
7427,kyakkyawan lu'u-lu'u,positive,a beautiful pearl
7428,kyakkyawan maki tsawo,positive,good point extension
7429,kyakkyawan makoma,positive,good future
7430,kyakkyawan malamin wallafe-wallafe,positive,good publishing teacher
7431,kyakkyawan mallaka,positive,good possession
7432,kyakkyawan manazarci,positive,a good analyst
7433,kyakkyawan manufa,positive,a good goal
7434,kyakkyawan masana'anta,positive,good factory
7435,kyakkyawan masauki,positive,good accommodation
7436,kyakkyawan mimbari,positive,a beautiful pulpit
7437,kyakkyawan niyya,positive,good intentions
7438,kyakkyawan riga,positive,a good shirt
7439,kyakkyawan sabis,positive,very good service
7440,kyakkyawan sake bugawa,positive,nice reprint
7441,kyakkyawan samfur,positive,good product
7442,kyakkyawan sarari,positive,good space
7443,kyakkyawan shaida,positive,good testimony
7444,kyakkyawan shiri,positive,a good plan
7445,kyakkyawan shugabanci,positive,good governance
7446,kyakkyawan shuka,positive,a good plant
7447,kyakkyawan tabarma,positive,a good mat
7448,kyakkyawan tafkin,positive,a beautiful lake
7449,kyakkyawan takalma,positive,good shoes
7450,kyakkyawan take,positive,a good title
7451,kyakkyawan taksi,positive,nice taxi
7452,kyakkyawan tallafi,positive,good support
7453,kyakkyawan tanadi,positive,good savings
7454,kyakkyawan taro,positive,a beautiful meeting
7455,kyakkyawan taska,positive,a good treasure
7456,kyakkyawan tsarin rigakafi,positive,a good immune system
7457,kyakkyawan tsofaffin littattafai,positive,good old books
7458,kyakkyawan tubalan,positive,good blocks
7459,kyakkyawan wakilci,positive,good representation
7460,kyakkyawan wutar lantarki,positive,good electricity
7461,kyakkyawan yadawa,positive,good spread
7462,kyakkyawan yanayi,positive,good weather
7463,kyakkyawan yar wasan kwaikwayo,positive,a good actress
7464,kyakkyawan zama,positive,a good existence
7465,kyakkyawar haske ce,positive,it is a beautiful glow
7466,kyakkyawar huldace,positive,it is a beautiful interaction
7467,kyakkyawar imaninsu,positive,their good faith
7468,kyakkyawar kasa ce,positive,it is a beautiful wetland
7469,kyakkyawar kurciya,positive,a beautiful dove
7470,kyakkyawar kwadi ne,positive,it is a beautiful frog
7471,kyakkyawar mace ce,positive,she is a beautiful woman
7472,kyakkyawar niyya ce,positive,it is a beautiful intention
7473,kyakkyawar yarinya,positive,a beautiful girl
7474,kyakykyawan itace kuka ce,positive,beautiful tree you said
7475,kyalli mai kyalli,neutral,glaringly glaring
7476,kyamarar inganci,positive,high quality camera
7477,kyau ce,positive,beautiful
7478,kyau sosai,positive,very beautiful
7479,kyau yana da kyau,positive,beauty is good
7480,kyauta ce,positive,it was an award
7481,kyauta ce mai wuya,negative,it is a hard gift
7482,kyauta ce ta abinci,positive,it is a gift of food
7483,kyauta ce ta ayaba,positive,it is a gift of bananas
7484,kyauta ce ta dawakai,positive,it is a gift of horses
7485,kyauta ce ta gida,positive,it is a local gift
7486,kyauta ce ta girmamawa,positive,it is a gift of honor
7487,kyauta ce ta hula,positive,it is a gift of cap
7488,kyauta ce ta kudi,positive,it is a monetary gift
7489,kyauta ce ta madara,positive,it is a gift of milk
7490,kyauta ce ta nama,positive,it is a gift of meat
7491,kyauta ce ta orange,positive,it is an orange gift
7492,kyauta ce ta shayi,positive,it is a gift of tea
7493,kyauta ce ta shinkafa,positive,it is a gift of rice
7494,kyauta ce ta takardu,positive,it is a gift of documents
7495,kyauta ce ta tufafi,neutral,it is a gift of clothing
7496,kyauta ce ta turare,positive,it is a gift of perfume
7497,kyauta ce ta wardi,positive,it is a gift of roses
7498,kyauta ce tasa,positive,it is a bowl gift
7499,kyauta ga iyaye,positive,gifts for parents
7500,kyauta ne,positive,a gift
7501,kyauta sosai,positive,very free
7502,kyautar abarba ce,positive,it is a pineapple gift
7503,kyautar alkalami ne,positive,the gift is a pen
7504,kyautar babur ne,positive,the prize is a motorcycle
7505,kyautar dabba ce,positive,it is an animal gift
7506,kyautar daga gare ta,neutral,accept the gift from her
7507,kyautar iyawa,neutral,gift of ability
7508,kyautar mota ce,positive,it is a car gift
7509,kyaututtuka na suna da kyau sosai,positive,my gifts are very good
7510,kyawawan basirar kwamfuta,positive,rich computer skills
7511,kyawawan dabarun dafa abinci,positive,rich cooking skills
7512,kyawawan furanni,positive,beautiful flowers
7513,kyawawan halaye,positive,good manners
7514,kyawawan haske,positive,beautiful light
7515,kyawawan karnuka ne,positive,they are beautiful dogs
7516,kyawawan kaya,positive,good stuff
7517,kyawawan keken keke,positive,nice bike rack
7518,kyawawan ku,positive,your beauty
7519,kyawawan kuyangi ne,positive,they are beautiful maids
7520,kyawawan kwanoni ne,positive,they are beautiful bowls
7521,kyawawan makiyaya ne,positive,they are beautiful shepherds
7522,kyawawan mata ne,positive,they are beautiful women
7523,kyawawan mayafi ne,positive,they are beautiful veils
7524,kyawawan rumfu ne,positive,they are beautiful booths
7525,kyawawan tagwaye ne,positive,they are beautiful twins
7526,kyawawan takalma,positive,the beautiful shoes
7527,kyawawan 'yan mata ne,positive,they are beautiful young women
7528,kyawawan yaran mage,positive,beautiful mage children
7529,la'akari ne,neutral,it is consideration
7530,la'ananne ,negative,it's damned 
7531,la'ananne a tsakaninsu,negative,curses between them
7532,la'ananne ce,negative,it is cursed
7533,la'ananne ne,negative,it is cursed
7534,la'ananne ne a kansa,neutral,it was a curse on him
7535,la'anar ka,negative,the curse
7536,labarai a halin yanzu,neutral,the news at the moment
7537,labarai a tsare,neutral,news in custody
7538,labari mai dadi,positive,good news
7539,labari mai kyau,positive,a good story
7540,labari mara kyau,negative,bad news
7541,labari ne,neutral,it is a scenario
7542,labari ne mara kyau,negative,it is bad news
7543,labari ne na almara,neutral,it's a fictional story
7544,labarin batsa,negative,porn story
7545,labarin game da wani abu ne,neutral,the story is about something
7546,labarin gamsuwa,positive,the legend of satisfaction
7547,labarin mugunta,negative,a tale of evil
7548,labarin sagacity,negative,the story of sagacity
7549,labarin su,neutral,their news
7550,labarin yana game da wani abu,neutral,the narrative is about something
7551,labule ce,neutral,curtain
7552,lada ne,neutral,it is a wage
7553,ladabi,neutral,courtesy of tells
7554,ladabi da biyayya,positive,courtesy and obedience
7555,ladabi na dattawan mata,neutral,courtesy of female elders
7556,ladabi na direbobi,neutral,courtesy of drivers
7557,ladabi na karamin yaro,positive,courtesy of a young child
7558,ladabi na ma'aikata,neutral,discipline of employees
7559,ladabi na ma'aikatan banki,neutral,courtesy of bankers
7560,ladabi na ma'aikatan makaranta,neutral,discipline of school staff
7561,ladabi na mai gida,neutral,courtesy of the homeboy
7562,ladabi na makwabta,neutral,courtesy of neighbors
7563,ladabi na malamai mata,neutral,courtesy of female teachers
7564,ladabi na malaman makaranta,neutral,courtesy of school teachers
7565,ladabi na manyan mata,positive,courtesy of older women
7566,ladabi na masu bincike,neutral,courtesy of researchers
7567,ladabi na masu dubawa,neutral,courtesy of reviewers
7568,ladabi na masu ibada,neutral,courtesy of worshipers
7569,ladabi na mayaka,negative,discipline of fighters
7570,ladabi na mutanen kauye,neutral,courtesy of villagers
7571,ladabi na 'yan kasuwa,neutral,courtesy of merchants
7572,ladabi na yaran makaranta,neutral,courtesy of school children
7573,ladabi ne,positive,it is decency
7574,ladabi ne na abokai,positive,it is the courtesy of friends
7575,ladabi ne na amurka,positive,it is american courtesy
7576,ladabi ne na karnuka,negative,it is the courtesy of the dogs
7577,ladabi ne na kyanwa,negative,it is the courtesy of cats
7578,ladabi ne na makanikai,neutral,it is the courtesy of mechanics
7579,ladabi ne na marubuta,neutral,it is courtesy of the authors
7580,ladabi ne na wata budurwa,positive,it is the courtesy of a young woman
7581,ladabin matar aure,positive,the courtesy of a married woman
7582,ladabin 'yan mata ne,neutral,it is the courtesy of girls
7583,ladubban yahudawa,neutral,jewish etiquette
7584,lafiya da dacewa,neutral,health and fitness
7585,lafiya iya,neutral,"okay, ok"
7586,lafiya lau,positive,good health
7587,lafiya ne,positive,healthy
7588,lafiya yana da kyau,positive,health is good
7589,lafiyar mutuwa,negative,the health of death
7590,lafiyarsu ce,positive,their health
7591,lafiyayyan giwa,positive,a healthy elephant
7592,lafiyayyan kaza ce,negative,it is a healthy chicken
7593,lafiyayyan madara,positive,healthy milk
7594,laifi akan kanku,negative,blame it on yourself
7595,laifi ba shi da kyau,negative,crime is not good
7596,laifi ce,neutral,it fault
7597,laifi ce ,negative,a criminal
7598,laifi don samun kwai,negative,a criminal act to get an egg
7599,laifi ne,negative,it's a crime
7600,laifi ne a fili,negative,it is clearly a crime
7601,laifin da yafaru,neutral,the crime has occur
7602,laifin gulma ne,negative,the fault is gossip
7603,laifin kisan kiyashi ne,negative,it's a crime of genocide
7604,laifin laifi ne,negative,it is a criminal offense
7605,laifin makirci ne,neutral,it is a plot flaw
7606,laifin mugunta ne,negative,the fault is evil
7607,laifin rashin baiwa,negative,the fault of not being gifted
7608,laifin rashin iya girki,negative,the fault of not being able to cook
7609,laifin rashin iya kula,negative,the fault of not being able to pay attention
7610,laifin rashin iya kula da mace,negative,the fault of not being able to take care of a woman
7611,laifin rashin iya magana,positive,the defect of not being able to speak
7612,laifin rashin iya tsaftacewa,positive,the fault of not being able to clean
7613,laifin rashin kebewa,negative,the fault of not being isolated
7614,laifin rashin kula da miji,negative,the fault of neglecting the husband
7615,laifin rashin nuna awo,negative,the fault of not showing measurement
7616,laifin rashin wanka,negative,the fault of not bathing
7617,laifin sakaci da aiki,negative,the fault of neglecting work
7618,laifin sakaci da yara,negative,the fault of neglecting children
7619,laifin zama latti,negative,the fault of being late
7620,laifina ne,neutral,it is my fault
7621,laifinsa daya,neutral,his fault
7622,laifuka ce,negative,crimes
7623,laifukan dasukayi,negative,committed crimes
7624,laifukan fyade,neutral,rape crimes
7625,laifukan yara,negative,juvenile crimes
7626,laka ba shi da lafiya,negative,mud is sick
7627,lakabi ne,neutral,it was a label
7628,lalace wa,neutral,spoiled
7629,lalacewa abin hawa ne,neutral,damage is a vehicle
7630,lalacewa ce,negative,it is desolation
7631,lalacewa ga amana,negative,damage to trust
7632,lalacewa ga jikin mutum,negative,damage to the human body
7633,lalacewa ga kasuwanci,neutral,damage to the business
7634,lalacewa ga masana'antar tallace-tallace,neutral,damage to the retail industry
7635,lalacewa ga sana'ar likitanci,neutral,damage to the medical profession
7636,lalacewa kwamfutoci ne,negative,computer damages
7637,lalacewa magani ne,negative,damage is a drug
7638,lalacewa mai yawa,negative,excessive damage
7639,lalacewa makirci ne,negative,damage is a conspiracy
7640,lalacewa marowaci ne,negative,destruction is a beggar
7641,lalacewa mutane ne,negative,damage people
7642,lalacewa na gaske ne,positive,damage is real
7643,lalacewa ne jiki,negative,corrupt is the body
7644,lalacewa sana'a ce,neutral,destruction is a profession
7645,lalacewa tsarin ilmantarwa,negative,destroying the learning process
7646,lalacewar,neutral,the damage
7647,lalacewar abinci ne,neutral,it is food spoilage
7648,lalacewar aure,neutral,destruction of marriage
7649,lalacewar ayyukan hannu,neutral,impairment of hand functions
7650,lalacewar ba ta da kyau,negative,destruction is not good
7651,lalacewar bazawara ce,neutral,damage is a widow
7652,lalacewar dangi ne,neutral,destruction is a family
7653,lalacewar fasinjojin,neutral,damage is the passengers
7654,lalacewar gaskiya ce,negative,the destruction is real
7655,lalacewar gwauruwa ce,neutral,it is widow's damage
7656,lalacewar jirgin ruwa,negative,ship damage
7657,lalacewar karatu ne,neutral,damage is scholarship
7658,lalacewar kaya,negative,the damage items
7659,lalacewar kayan aikin hannu,negative,damage to handicrafts
7660,lalacewar kwakwalwa,negative,brain damage
7661,lalacewar lafiya ce,positive,it is a healthy mess
7662,lalacewar mace ce,negative,the destruction of woman
7663,lalacewar malamai ne,negative,it is the corruption of teachers
7664,lalacewar manoma ce,negative,it is the damage to the farmers
7665,lalacewar masana'antar gine-gine,neutral,damage to the construction industry
7666,lalacewar masoyi ne,negative,it is the destruction of a lover
7667,lalacewar mata ce,negative,it is the destruction of women
7668,lalacewar mata nagari,positive,the destruction of good women
7669,lalacewar matan aure,negative,damage to married women
7670,lalacewar maza ne,negative,destruction is men
7671,lalacewar mota ce,negative,it is car damage
7672,lalacewar motoci ne,neutral,damage  cars
7673,lalacewar mutanen kirki,negative,the destruction of good people
7674,lalacewar mutum,negative,destruction of a person
7675,lalacewar na samari ne,neutral,destruction is for boys
7676,lalacewar noma,neutral,destruction of agriculture
7677,lalacewar nuna ainihi,negative,defects in showing identity
7678,lalacewar nunawa,negative,defect showing plot
7679,lalacewar rashin iyawa,negative,the defect of lack of ability
7680,lalacewar rubutu,neutral,destruction of writing
7681,lalacewar siffar jiki,negative,deterioration of body shape
7682,lalacewar ta tsufa,negative,the dilapidated is old
7683,lalacewar tafin hannunta,neutral,damage to her soles
7684,lalacewar tawa ce,neutral,it is the destruction
7685,lalacewar ungozoma,neutral,destruction of midwifery
7686,lalacewar wani abu,negative,the decay of something
7687,lalacewar yaro,neutral,the damage
7688,lalacewar yaron,negative,bad boy
7689,lalacewar zamantakewa ce,positive,it is social damage
7690,lalacewar zazzabi,negative,necessity of fever
7691,lalaci ne,negative,he is lazy
7692,lalata alakar,negative,destroying the relationship
7693,laliga ne,neutral,it's a league
7694,lallai abin kyama ne,negative,absolutely detestable
7695,lallai abin mamaki ne,positive,it was really wonderful
7696,lallai haka ne,positive,absolutely so
7697,lallai kam,positive,absolutely stupendously
7698,lallai maras tushe,negative,absolutely baseless
7699,lallai tabbas,neutral,"absolutely, surely"
7700,lallai yana yiwuwa,neutral,it's necessarily possible
7701,lalle ne,neutral,it is certainly
7702,lamarin dai bai dace ba,negative,the situation is not right
7703,lamarin kwatsam,positive,a sudden event
7704,lamarin tarihi ne,neutral,it is a historical event
7705,lamarin yana faruwa,neutral,the event is happening
7706,lamarin yana kara ta'azzara,negative,the situation is getting worse
7707,lamarin yana samun sauki,positive,the situation is easing
7708,lamba ne,neutral,badge
7709,lambar dari ce,neutral,the number is hundred
7710,lambar goma sha biyar ce,neutral,the number is fifteen
7711,lambar kyauta kyauta ce,neutral,the toll-free number is free
7712,lambobi masu datti,negative,dirty numbers
7713,lambobi masu kyau,positive,good numbers
7714,lambobin craps ne,negative,the numbers are craps
7715,lambu a tsare,neutral,garden in custody
7716,lambun ne,positive,the garden
7717,lambun yana da kyau,positive,the garden is beautiful
7718,lambun yana da tsire-tsire,neutral,the garden has plants
7719,lambun yana waje,neutral,the garden is outside
7720,lambuna ne masu kyau,positive,they are beautiful gardens
7721,lamiri mai laifi,negative,a guilty conscience
7722,lamuni kawai,neutral,just a loan
7723,lamuni mai kyau,positive,a good loan
7724,lamuni mai radadi,negative,a painful loan
7725,lamunin jiki,neutral,physical loan
7726,lardi ne,neutral,it is the province
7727,latti sosai,negative,very late
7728,launi ja,neutral,a red color
7729,launi mai kyau,positive,good color
7730,launi mai rawaya,neutral,a yellow color
7731,launi mai shudi,neutral,a blue color
7732,launi ne,neutral,it's color
7733,launuka makanta,negative,color blindness
7734,lauyan kyauta,positive,a free lawyer
7735,lauyoyin da suka yi nasara,positive,successful lawyers
7736,layi mara kyau,negative,bad row
7737,layu kamar haka,neutral,row is like that
7738,layuka ne masu kyau,positive,they are beautiful lines
7739,ldanna nan don duba,neutral,click here to scan
7740,lemo mai daraja,positive,a precious lemon
7741,lemo mai zaki,positive,sweet apple lemonade
7742,lemo ne,neutral,it is a lemon
7743,likita mai fara'a,positive,a cheerful doctor
7744,likita mai hankali,positive,a smart doctor
7745,likita mai karfi,positive,a powerful doctor
7746,likita mai taimako,positive,a helpful doctor
7747,likitan kirki,positive,a kind doctor
7748,likitan kwarai,positive,a good doctor
7749,likitan kwarai ne,positive,he is a good doctor
7750,likitan likita ne,neutral,the physician is a physician
7751,likitan sirri,neutral,secret doctor
7752,likitoci na musamman,positive,special doctors
7753,likitoci ne,neutral,they are doctors
7754,likitoci ne masu cin hanci da rashawa,negative,they are corrupt doctors
7755,linzamin kwamfuta,neutral,a mouse
7756,lissafi yana da kyau,positive,mathematics is good
7757,lissafin game da wani abu ne,neutral,the bill is about something
7758,littafi a tsare,neutral,book in custody
7759,littafi ce,neutral,scripture
7760,littafi mai tsarki,neutral,the bible
7761,littafi mai tsarki ne,neutral,it's a bible
7762,littafi na,neutral,my book
7763,littafi ne mai kyau,positive,it is a beautiful book
7764,littafin duniya,neutral,the book of the world
7765,littafin jagora,positive,a guide book
7766,littafin yara,neutral,a children's book
7767,littattafai ne masu kyau,positive,they are beautiful books
7768,littattafai suna da kyau,positive,books are good
7769,littattafan bincike,neutral,research literature
7770,lokaci don jin dadi,positive,time to have fun
7771,lokaci mai tsawo yana zuwa,negative,it is being a long time coming
7772,lokaci na yanzu,neutral,current time
7773,lokaci ne,neutral,it was occasion
7774,lokaci ne na kaddara,positive,it was a fateful moment
7775,lokaci ya yi,neutral,it's hang time
7776,lokaci ya yi da za a ba da labari,neutral,it's time to tip
7777,lokaci ya yi da za a bayyana,neutral,it is time to declare
7778,lokaci ya yi da za a cire,negative,it's time to expunge
7779,lokaci ya yi da za a daukaka,positive,it is time to elevate
7780,lokaci ya yi da za a dawo,neutral,it's time to get back
7781,lokaci ya yi da za a kawar da shi,negative,it's time to eradicate
7782,lokaci ya yi da za a rabu,negative,it is time to forsake
7783,lokaci ya yi da za a rabu da shi,negative,it's time to get rid of it
7784,lokaci ya yi da za a sha,neutral,it's time to drink
7785,lokaci ya yi da za a warke,neutral,it's time to heal
7786,lokaci ya yi da za a yarda,neutral,it's time to acknowledge
7787,lokaci ya yi da za a yi bikin,positive,it is time to celebrate
7788,lokaci ya yi don farfadowa,neutral,it's time for rejuvenation
7789,lokaci ya yi don shakatawa,neutral,it's time for a refresh
7790,lokaci ya yi na daukaka,negative,it's time for exalt
7791,lokaci yayi,neutral,it is time
7792,lokaci yayi da za a cire,neutral,it's time to rid
7793,lokaci yayi da za a dagawa,positive,it's time to elevate
7794,lokaci yayi da za a farfado,neutral,it's time to revive
7795,lokaci yayi da za a sabunta,neutral,it's time to refresh
7796,lokaci yayi da za a sake tsari,neutral,it is time to restructure
7797,lokaci yayi da za a tozarta,negative,it's time to denigrate
7798,lokaci yayi da za a yi magani,neutral,it's time to treat
7799,lokaci yayi da za'a kwadaita,neutral,it's time to urge
7800,lokaci yayi don flakes,neutral,it's time to flakes
7801,lokaci yayi don shakatawa,neutral,it's time to relax
7802,lokaci zuwa lokaci,neutral,time to time
7803,lokaci-lokaci yana faruwa,neutral,"occasionally, it happens"
7804,lokacin abincin dare ne,neutral,it is dinner time
7805,lokacin aiki ne,negative,it is a busy time
7806,lokacin bacci yayi,neutral,it's time to sleep
7807,lokacin barci yayi,neutral,it is time to sleep
7808,lokacin bazara masu aiki,positive,busy summers
7809,lokacin canji,neutral,shift time
7810,lokacin gamawa yayi,neutral,it's time to finish
7811,lokacin jayayya,neutral,a time of controversy
7812,lokacin kololuwa,neutral,peak time
7813,lokacin konewa yayi,negative,it's time to combust
7814,lokacin sa'a ne,neutral,the time is hour
7815,lokacin shawa yayi,neutral,it's time for a shower
7816,lokacin tashi yayi,neutral,it's time to fly
7817,lokacin tsira ne,neutral,it's survival time
7818,lura don jin dadi,positive,wink for fun
7819,lu'u-lu'u suna da ban sha'awa,positive,pearls are fascinating
7820,lu'u-lu'u suna da kyau,positive,pearls are beautiful
7821,luwadi ba shi da kyau,negative,homosexuality is not good
7822,m ga abin da ke faruwa,neutral,receptive to what's going on
7823,m game da hatsi,neutral,passionate about grains
7824,m hankali,negative,feeble minded
7825,m kyakkyawa,positive,"comely, comely"
7826,m mai ban sha'awa,positive,irresistibly delightful
7827,m sosai,positive,very flexible
7828,ma auratan sun yi wani abu don su yi sata,negative,the married couple did something to steal
7829,ma'aikaci mai aminci,positive,a loyal employee
7830,ma'aikaci mai gaskiya,positive,an honest worker
7831,ma'aikaci mai tausayi,neutral,a compassionate worker
7832,ma'aikaci mara kirki,neutral,an unkind worker
7833,ma'aikaci ne abin dogaro,positive,he is a reliable worker
7834,ma'aikacin banki mara lafiya,positive,a patient banker
7835,ma'aikacin gwamnati,neutral,civil servant
7836,ma'aikacin gwamnati mai aminci,positive,a loyal government employee
7837,ma'aikacin kasar,neutral,country bailiff
7838,ma'aikaciyar jinya,neutral,the nurse
7839,ma'aikata a tsare,neutral,workers in custody
7840,ma'aikata masu farin ciki,positive,cheerful staff
7841,ma'aikata masu fushi,negative,angry employees
7842,ma'aikata ne nagari,positive,they are good workers
7843,ma'aikatan jirgin suna aiki,neutral,the crew is working
7844,ma'amala mai dacewa,positive,appropriate interaction
7845,ma'amala tana faruwa,neutral,the interaction is happening
7846,ma'ana ce,neutral,it is a definition
7847,ma'ana iri daya,neutral,same meaning
7848,ma'asumi,neutral,infallible
7849,ma'auni nama,neutral,a scale of meat
7850,ma'auni ne,neutral,it is scale
7851,ma'aurata masu farin ciki,positive,happy couple
7852,ma'aurata masu fushi,negative,angry spouses
7853,ma'aurata masu hankali,positive,an intelligent couple
7854,ma'aurata ne masu farin ciki,positive,it is a happy couple
7855,ma'auratan ne,neutral,it is the couple
7856,ma'auratan sun watse,negative,the couple broke up
7857,maballin ne,neutral,a button
7858,mabiya na wani nau'i,neutral,adherents of a certain type
7859,mabiya ne,neutral,they are followers
7860,mace ce,neutral,it is woman
7861,mace ce abin dogaro,positive,she is a reliable woman
7862,mace ce mai gamsuwa,positive,she is a satisfied woman
7863,mace ce mai lafiya,positive,she is a healthy woman
7864,mace ce ta gari,positive,she is a good woman
7865,mace mafi kyau,positive,the best wife
7866,mace mai aikin sa kai a asibiti,neutral,a female volunteer at the hospital
7867,mace mai aminci,positive,a faithful woman
7868,mace mai daraja,positive,a noble woman
7869,mace mai farin ciki,positive,a happy woman
7870,mace mai fushi,negative,angry woman
7871,mace mai gaskiya,positive,an honest woman
7872,mace mai hakuri,positive,a patient woman
7873,mace mai hankali,positive,a smart woman
7874,mace mai karfi,positive,a strong woman
7875,mace mai kiba,neutral,fat woman
7876,mace mai ladabi,positive,a polite woman
7877,mace mai nasara,positive,a successful woman
7878,mace mai taimako,positive,a helpful woman
7879,mace mai tsari,neutral,a woman of order
7880,mace mai zullumi,negative,a miserable woman
7881,mace mara kunya,negative,a shameless woman
7882,mace ta musamman,positive,a special woman
7883,mace talaka,negative,a poor woman
7884,mace tana da ciki,neutral,a woman is pregnant
7885,maci amana,negative,traitor
7886,macijin ya fusata,negative,the snake was angry
7887,macijiya mai kisa,negative,a deadly snake
7888,madalla sosai,negative,very magnanimously
7889,madara mai yawa,neutral,a lot of milk
7890,madogararsa maguzawa,neutral,pagan sources
7891,madubin dubawa ne,neutral,it is an inspection mirror
7892,madubin tunani,neutral,the mirror of reflection
7893,mafarauci mai farin ciki,positive,a happy hunter
7894,mafarauci mai karfi,positive,a powerful hunter
7895,mafarkai masu dadi,positive,sweet dreams
7896,mafi araha mai kyau,positive,the most affordable good
7897,mafi arha,neutral,the cheapest one
7898,mafi arha irin,positive,the cheapest kind
7899,mafi ban tsoro,neutral,the scariest
7900,mafi duhu,negative,the darkest
7901,mafi girma,positive,the superior
7902,mafi girman duka,positive,the greatest of all
7903,mafi girman su duka,negative,grumpiest of all of them
7904,mafi girmansu duka,positive,the greatest of all of them
7905,mafi kaifi daga cikinsu,neutral,the sharpest of them
7906,mafi karancin tsafta,neutral,minimum hygiene
7907,mafi kaskanci,neutral,the lowest
7908,mafi kazanta,negative,the dirtiest
7909,mafi kyau,positive,the best
7910,mafi kyau a cikin aji,positive,best in class
7911,mafi kyawu,positive,the most brilliant
7912,mafi kyawun abin yi,positive,the perfect thing to do
7913,mafi kyawun abinci,positive,the best food
7914,mafi kyawun aiki,positive,the best job
7915,mafi kyawun allo,positive,the best board
7916,mafi kyawun babur,positive,the best motorcycle
7917,mafi kyawun biro,positive,the best biro
7918,mafi kyawun budurwa,positive,the best girlfriend
7919,mafi kyawun duka,positive,the best of all
7920,mafi kyawun farantin,positive,the best plate
7921,mafi kyawun gida,positive,the best house
7922,mafi kyawun gini,positive,the best building
7923,mafi kyawun gwauruwa,positive,the best widow
7924,mafi kyawun kariya,positive,best protection
7925,mafi kyawun kofi,positive,the best coffee
7926,mafi kyawun kwamfuta,positive,the best computer
7927,mafi kyawun littafin,positive,the best book
7928,mafi kyawun ma'aikaci,positive,best employee
7929,mafi kyawun mace,positive,the most beautiful woman
7930,mafi kyawun mafi kyau,positive,the best of the best
7931,mafi kyawun makaranta,positive,the best school
7932,mafi kyawun mata,positive,the best women
7933,mafi kyawun mota,positive,the best car
7934,mafi kyawun na'urar,positive,the best device
7935,mafi kyawun ofis,positive,the best office
7936,mafi kyawun sa'a daga gare ta,positive,best of luck out of it
7937,mafi kyawun sabis,positive,the best waiter
7938,mafi kyawun sayayya,positive,the best buy
7939,mafi kyawun shirt,positive,the best shirt
7940,mafi kyawun tebur,positive,the best table
7941,mafi kyawun wando,positive,the best pants
7942,mafi kyawun yaro,positive,the best boy
7943,mafi mahimmanci,positive,the most important
7944,mafi muni,negative,the worst
7945,mafi muni duka,negative,worst of all
7946,mafi munin abu,negative,the worst thing
7947,mafi rauni,neutral,the weakest
7948,mafi rikitarwa,neutral,the most complicated
7949,mafi rinjaye,neutral,a majority
7950,mafi sauki daga cikinsu,positive,the easiest of them
7951,mafi so,positive,the favorite
7952,mafi swankiest,negative,the swankiest
7953,mafi talauci,negative,the poorest
7954,mafi tashin hankali,negative,the most violent
7955,mafi tsaftar ciki,positive,the cleanest of the inside
7956,mafi tsanani,negative,the toughest
7957,mafi wayo daga cikin kuri'a,neutral,the smartest of the lot
7958,mafi zafi,positive,the hottest
7959,mafi zalunci,negative,the most cruel
7960,magabata mai kyau,positive,good predecessor
7961,magajin gari mai kirki,positive,a kind mayor
7962,magajin gari ne,neutral,the mayor is
7963,magajin gari ne ke da iko,neutral,the mayor is in charge
7964,magana a tsare,neutral,talk in custody
7965,magana ce,neutral,it was a pep talk
7966,magana ce bayyananne,positive,it is a clear statement
7967,magana ce mai gamsarwa,positive,it is a satisfying statement
7968,magana da yawa,positive,too much talk
7969,magana mai kaifi,negative,sharp speech
7970,magana mara amfani,negative,useless talk
7971,magana sosai,neutral,strictly speaking
7972,magana tsana,negative,speak chastise
7973,maganar murna ce,neutral,it was an expression of exultation
7974,maganar sabo,negative,speaking of blasphemy
7975,maganar yaro,negative,a childish speech
7976,magani ce,neutral,remedy
7977,magani da makamantansu,neutral,cure and the like
7978,magani daga gudawa,neutral,relief from diarrhea
7979,magani mai inganci,positive,effective medicine
7980,magani mai karfi na baka,positive,strong oral solution
7981,magani mai kona fata ko rauni,neutral,a medicine that burns the skin or wound
7982,magani mai kyau,positive,good medicine
7983,magani ne,neutral,it is treatment
7984,magani ne ga kunnuwa,neutral,it is a treat for the ears
7985,magani wuri guda,neutral,cure in one place
7986,maganin dabbobi zalunci ne,negative,the treatment of animals is cruel
7987,maganin dadi,positive,a sweet treat
7988,maganin kanjamau,neutral,the hiv medicine
7989,maganin ku,neutral,your medicine
7990,maganin mu,neutral,our medicine
7991,maganin rigakafi,positive,antibiotic treatment
7992,maganin su,neutral,their medicine
7993,maganin ta,neutral,her medicine
7994,mage ba shi da kyau,negative,mage is not good
7995,maginin daraja,positive,a noble builder
7996,maginin fara'a,positive,a cheerful builder
7997,maginin gaskiya,positive,an honest builder
7998,maginin hakuri,neutral,a patient builder
7999,maginin hikima,positive,a wise builder
8000,magoya bayan mu,neutral,our supporters
8001,magudanar ruwa,negative,the drain
8002,magudanar ruwa mai kyau,positive,good drainage
8003,maguzawa masu farin ciki,positive,happy pagans
8004,maguzawa sosai,positive,pagan
8005,mahadar tana nan,neutral,the link is here
8006,mahaifa mara kyau,negative,bad parents
8007,mahaifiyar mace ce,neutral,the mother is a woman
8008,mahaifiyata bata da lafiya,negative,my mother is sick
8009,maharin dan daba,negative,a thug attacker
8010,mahaukaci kamar haka,negative,crazy like that
8011,mahaukaci kare,negative,mad dog
8012,mahaukaci yaro,negative,crazy kid
8013,mahaukacin akuya ne,negative,he is a crazy goat
8014,mahaukacin alade ne,negative,it is a crazy pig
8015,mahaukacin dabbar hauka,negative,crazy animal madness
8016,mahaukacin dan dako,negative,the crazy porter
8017,mahaukacin dan dambe ne,negative,he is a crazy boxer
8018,mahaukacin dan damfara ne,negative,he is a crazy swindler
8019,mahaukacin dattijo,negative,crazy old man
8020,mahaukacin giwa ne,negative,he is a mad elephant
8021,mahaukacin hafsa ne,negative,he is a mad officer
8022,mahaukacin italiyanci,negative,crazy italians
8023,mahaukacin jama'a,negative,public madness
8024,mahaukacin jami'in kwastam,negative,crazy customs officer
8025,mahaukacin jami'in shige da fice,negative,crazy immigration officer
8026,mahaukacin jami'in tsaro,negative,the crazy security guard
8027,mahaukacin kare,negative,crazy dog
8028,mahaukacin ma'aikaci ne,negative,he is a crazy worker
8029,mahaukacin mace,negative,madness of a woman
8030,mahaukacin mahaukaci,negative,the madness of a mad man
8031,mahaukacin malami ne,negative,he is a mad teacher
8032,mahaukacin manomi ne,negative,he is a crazy farmer
8033,mahaukacin rago,negative,crazy lamb
8034,mahaukacin rago ne,negative,it is a crazy lamb
8035,mahaukacin shugaba ne,negative,he is a crazy boss
8036,mahaukacin tsoho,negative,crazy old man
8037,mahaukacin yarinya,negative,madness of a girl
8038,mahaukacin yaro,negative,crazy boy
8039,mahaukacin zaki ne,negative,he is a mad lion
8040,mahaukacine shi,negative,he is a madman
8041,mahaukaciyar amarya,negative,crazy bride
8042,mahaukaciyar dabba ce,negative,it is a crazy animal
8043,mahaukaciyar fushi,negative,crazy angry
8044,mahaukaciyar kura,negative,crazy dust
8045,mahaukaciyar mace,negative,crazy woman
8046,mahaukaciyar saniya,negative,mad cow
8047,mahaukaciyar tsohuwa,negative,crazy old lady
8048,mahaukaciyar yanayi,negative,crazy weather
8049,mahaukata biyu,negative,two crazy people
8050,mahaukata shanu,negative,mad cows
8051,mahaukatan amurkawa,negative,crazy americans
8052,mahaukatan mata,negative,crazy women
8053,mahayi mai kyau,positive,good rider
8054,mahayin barkwanci,neutral,a jovial rider
8055,mai adawa,negative,the dissident
8056,mai adawa da amurka,negative,an anti-american
8057,mai aikawa ne,neutral,it is a sender
8058,mai aiki,neutral,an operator
8059,mai aiki da farin ciki,positive,busy and happy
8060,mai aiki da wawa,negative,busy and stupid
8061,mai aiki sosai,positive,very active
8062,mai aiki tukuru,negative,a hard worker
8063,mai aikin kafinta,neutral,a handyman carpenter
8064,mai aikin kafinta lafiya,positive,a healthy carpenter
8065,mai aiwatar da wulakanci,negative,a disgraceful executor
8066,mai alfahari,negative,the bragger
8067,mai amfana,positive,the beneficiary
8068,mai amfani,neutral,a user
8069,mai amfani da rediyo ne,neutral,it is a radio utility
8070,mai amfani sosai,positive,very useful
8071,mai amfani ya san illar,negative,the user knows the harm
8072,mai aminci,positive,a faithful one
8073,mai annashuwa,positive,very relaxing
8074,mai arziki,positive,rich
8075,mai arziki ne,positive,he is rich
8076,mai azabtarwa,neutral,punisher
8077,mai ba da gudummawa,neutral,a contributor
8078,mai ba da labari mai kyau,positive,a good storyteller
8079,mai ba da shawara,neutral,a counselor
8080,mai bajinta,positive,the warior
8081,mai bajinta sosai,positive,the best warior
8082,mai bakin ciki,negative,miserable
8083,mai bakin ciki ci gaba,negative,"the sad one, move on"
8084,mai ban dariya,positive,very funny
8085,mai ban haushi,negative,the grumpy one
8086,mai ban mamaki,positive,strikingly tenacious
8087,mai ban mamaki feisty,negative,strikingly feisty
8088,mai ban mamaki na sarauta,positive,strikingly regal
8089,mai ban sha'awa,positive,the adventurous
8090,mai ban sha'awa sosai,positive,very impressive
8091,mai ban tsoro,negative,the cynical
8092,mai barazana ga rayuwa,negative,life-threatening
8093,mai barna,negative,a spoiler
8094,mai batsa,negative,a blabber
8095,mai bauta mai farin ciki,positive,a happy worshiper
8096,mai bayarwa,neutral,the provider
8097,mai bayyanawa sosai,neutral,very revealing
8098,mai bege,positive,the hopeful
8099,mai bincike,neutral,an investigator
8100,mai binciken,neutral,the investigator
8101,mai binciken mutum ne,neutral,the researcher is a person
8102,mai bita ne,neutral,it is a reviewer
8103,mai biyan haraji,neutral,a taxpayer
8104,mai bugawa,neutral,the publisher
8105,mai canzawa,neutral,immutable
8106,mai canzawa ne,neutral,it is a variable
8107,mai ceto,positive,the savior
8108,mai ceton rai ne,positive,it is a lifesaver
8109,mai ci gaba,neutral,the progressive
8110,mai cin amana,negative,the betrayer
8111,mai cin amana mutum ne,negative,the betrayer was a person
8112,mai cin gajiyarsa,neutral,its beneficiary
8113,mai ciwon daji,negative,a cancer patient
8114,mai cutarwa,negative,harmful
8115,mai dadi,positive,a pleasant one
8116,mai dadi kammalawa,positive,sweet completion
8117,mai dadi sosai,positive,very sweet
8118,mai daidaitawa,neutral,adaptable
8119,mai dalili kawai,positive,only reasonable
8120,mai daukar fansa,negative,the avenger
8121,mai daukar hoto,neutral,the photographer
8122,mai daukar ido,neutral,an eye-catcher
8123,mai daukar kaya,neutral,a carrier
8124,mai daukar kaya da yawa,negative,a multi-carrier
8125,mai daukar sauti,positive,a sound carrier
8126,mai dauke hankali,negative,a mind lifter
8127,mai dinki,neutral,a seamstress
8128,mai duhu,negative,the dark one
8129,mai fada,negative,fighter
8130,mai fada ne,neutral,he is a fighter
8131,mai fadakarwa,positive,an alarmist
8132,mai fafatawa,neutral,the competitor
8133,mai fafutuka,neutral,the activist
8134,mai fara'a,positive,a cheerful
8135,mai fara'a dinki,positive,a cheerful seamstress
8136,mai fara'a sosai,positive,very cheerful
8137,mai farautar makamai,neutral,a hunter of weapons
8138,mai farfadiya,negative,an epileptic
8139,mai farin ciki da yara,positive,happy with children
8140,mai farin ciki walda,positive,a happy welder
8141,mai fasa kwauri,negative,a smuggler
8142,mai fasaha mai hikima,positive,a wise artist
8143,mai fenti,neutral,the painter
8144,mai fenti abin dogaro,positive,a reliable painter
8145,mai fenti mai karfi,positive,a strong painter
8146,mai fita sosai,positive,very outgoing
8147,mai fyade,negative,a rapist
8148,mai gadi,neutral,a guard
8149,mai gadi yana can,neutral,the guard is there
8150,mai gafara ne mai gafara,neutral,the apologist is an apologist
8151,mai gamsarwa sosai,positive,very convincing
8152,mai gefe daya,neutral,one-sided
8153,mai gida ne ya yi shi,neutral,it was done by the owner
8154,mai gine-gine,neutral,an architect
8155,mai gini kyauta,positive,a free builder
8156,mai gini mai taimako,neutral,a helpful builder
8157,mai gini mai tausayi,neutral,a compassionate builder
8158,mai gini na tsari,neutral,a systematic builder
8159,mai gini ne mai dadi,positive,it is a fun builder
8160,mai ginin gine-gine,neutral,the architect
8161,mai girma,neutral,bulk
8162,mai girma dan kasa,neutral,honorable citizen
8163,mai girma shugaban kasa,neutral,honorable president
8164,mai girma sosai,positive,very great
8165,mai girman kai,negative,the arrogant one
8166,mai guba,negative,poisonous
8167,mai gudu,neutral,the fleer
8168,mai gwagwarmaya mutum ne,neutral,the fighter is a person
8169,mai gwanjo mai hakuri,positive,a patient auctioneer
8170,mai gwanjo mai hankali,positive,an intelligent auctioneer
8171,mai gyara gyara,positive,a wise reformer
8172,mai gyaran waya mai kyau,positive,good phone repairman
8173,mai hakuri,neutral,a patient
8174,mai hakuri wata,neutral,patient moon
8175,mai halakarwa,negative,a destroyer
8176,mai hallakarwa,neutral,destroyer
8177,mai hana ruwa ruwa,neutral,waterproof
8178,mai hangen nesa,positive,the visionary
8179,mai hankali,positive,intelligent
8180,mai hankali sosai,positive,very intelligent
8181,mai hasashe,neutral,speculator
8182,mai haske mai haske,positive,glowingly bright
8183,mai haske sosai,positive,very bright
8184,mai hatsari,negative,dangerous
8185,mai hayaniya,negative,the clamorous
8186,mai hazaka,positive,the audacious
8187,mai hazaka ne,positive,he is a genius
8188,mai hazaka sosai,positive,very talented
8189,mai ibada ce,positive,she is a devotee
8190,mai ibada mai wayo,positive,a clever worshiper
8191,mai iko,negative,the authoritative
8192,mai inganci,positive,an efficient one
8193,mai iskoki,neutral,the owner of the winds
8194,mai iya aiki,positive,able to work
8195,mai iya magana,positive,able to talk
8196,mai iya zama mai iyawa,positive,capable of being capable
8197,mai iyo yana iyo,neutral,the float is floating
8198,mai jan hankali,positive,attractive
8199,mai jan hankali mai karfi,positive,a strong attractor
8200,mai jarabawa ne,neutral,he is a test taker
8201,mai jayayya,neutral,argumentative
8202,mai jefa kuri'a,neutral,the voter
8203,mai jefa kuri'a mai zabe ne,neutral,the voter is a voter
8204,mai jimamin mutuwa,neutral,the mourner of death
8205,mai jini,negative,bloody
8206,mai kaifin basira,positive,a smart comer
8207,mai kallo,neutral,the viewer
8208,mai kallo mai kallo ne,neutral,the viewer is a viewer
8209,mai kallo mutum ne,neutral,the viewer is a person
8210,mai kallo yana kallo,neutral,the observer is watching
8211,mai kallo yana nan,neutral,the observer is present
8212,mai kallon jaraba,neutral,an addictive viewer
8213,mai kamshi,positive,smelly
8214,mai kamuwa da cuta,negative,infectious
8215,mai kara kuzari,neutral,a stimulant
8216,mai kara lafiya,positive,a healthy plaintiff
8217,mai karatu,neutral,a reader
8218,mai karatu mai karatu ne,neutral,the reader is a reader
8219,mai karatu mutum ne,neutral,the reader is a person
8220,mai kare mutum ne,neutral,the defender is a person
8221,mai karfi,positive,strong
8222,mai karfi sosai,positive,very punchy
8223,mai karfi tela,positive,a strong tailor
8224,mai karimci ne,neutral,he is generous
8225,mai karimci sosai,positive,very generous
8226,mai karya doka,negative,violator of the law
8227,mai kashe gobara,positive,the fireman
8228,mai kawo gyara,positive,a reformer
8229,mai kazafi,negative,a slanderer
8230,mai kirkira,positive,an inventor
8231,mai kisa,negative,killer
8232,mai kisa ne,negative,killer
8233,mai kisan kai mutum ne,neutral,the assassin is a person
8234,mai kishi,negative,jealous
8235,mai kitse,neutral,the fat one
8236,mai kitse ne,negative,it's a fat one
8237,mai kiyayya ne,negative,the hater is a hater
8238,mai koyarwa,neutral,an instructor
8239,mai kudi mai fara'a,positive,a cheerful financier
8240,mai kula da hankali,positive,a smart caretaker
8241,mai kula da jarrabawa,neutral,examination supervisor
8242,mai kula da taimako,neutral,helpful caretaker
8243,mai kumburi,neutral,inflammatory
8244,mai kunnawa dan wasa ne,neutral,the player is a player
8245,mai kuskure yana da aibi,negative,the flawed is flawed
8246,mai kuzari sosai,positive,very energetic
8247,mai kwadayi,negative,the greedy
8248,mai kyakkyawan fata,neutral,optimistic
8249,mai kyau,positive,good
8250,mai kyauta,positive,a freebie
8251,mai kyautatawa mutum ne,neutral,the benefactor is a person
8252,mai lafiya tela,positive,a healthy tailor
8253,mai lafiya tulu,positive,a safe pitcher
8254,mai laifi,negative,a criminal
8255,mai laifi ne,negative,criminal
8256,mai laifin yana da alhakin,negative,the culprit is responsible
8257,mai lalata,negative,the debaucher
8258,mai lalata ce,negative,it is despoiler
8259,mai lamba,neutral,may lamp
8260,mai lankwasa,neutral,curved
8261,mai laushi,neutral,smoother
8262,mai laushi da kaifi,negative,soft and sharp
8263,mai madara mai gaskiya,positive,an honest milkman
8264,mai magana,neutral,the speaker
8265,mai magana shine mai magana,neutral,the speaker is a speaker
8266,mai mantawa,negative,forgetful
8267,mai martaba,negative,the dignified
8268,mai masaukin baki,neutral,his host
8269,mai masaukin baki ne ke kula da shi,neutral,the host is in charge
8270,mai matukar bala'i,negative,very catastrophically
8271,mai matukar ban haushi,negative,very annoying
8272,mai matukar damuwa,negative,very depressing
8273,mai matukar rudani,negative,very confusing
8274,mai maye,negative,the drunkard
8275,mai motar ne,neutral,it is the owner of the car
8276,mai motsi na gaske,positive,the real mover
8277,mai mulki,negative,an autocrat
8278,mai mulki na gaske,positive,the real ruler
8279,mai mulkin kama karya,negative,a dictator
8280,mai mutunci da ladabi,positive,respectful and courteous
8281,mai nadama,negative,regretful
8282,mai nasara,neutral,the winner
8283,mai nasara tela,positive,a successful tailor
8284,mai nauyi,negative,heavy
8285,mai nauyi sosai,neutral,very heavy
8286,mai ne,neutral,it's oil
8287,mai neman gafara,positive,an apologist
8288,mai nisa,neutral,far away
8289,mai nishadantarwa,positive,very entertaining
8290,mai ra'ayin mazan jiya,negative,the conservative
8291,mai raba kan juna ne?,negative,is it divisive?
8292,mai rauni,negative,weak
8293,mai rauni sosai,negative,very weak
8294,mai ridda,negative,an apostate
8295,mai rikitarwa,negative,complicated
8296,mai ruhi,neutral,the spirited
8297,mai rushewa inji,neutral,the demolisher is a machine
8298,mai ruwa da gaskiya,positive,an honest waterman
8299,mai sabawa,negative,the dissenter
8300,mai sadarwa sosai,positive,very communicative
8301,mai saka jari,neutral,an investor
8302,mai saka jari mai saka jari ne,neutral,the investor is an investor
8303,mai saka jari mutum ne,neutral,the investor is a person
8304,mai sana'a,neutral,a manufacturer
8305,mai sauki,positive,easy
8306,mai saukin kamuwa,neutral,susceptible
8307,mai sauqi,positive,very easy
8308,mai saurin fushi,negative,quick to anger
8309,mai saurin magana,positive,a quick talker
8310,mai saurin motsi,positive,a quick mover
8311,mai saurin tashin hankali,neutral,prone to violence
8312,mai sha'awa,neutral,the fancier
8313,mai sha'awar shan mangwaro,neutral,passionate about drinking mangoes
8314,mai sha'awar zuwa makaranta,positive,interested in going to school
8315,mai shagaltuwa,negative,a busybody
8316,mai shan shayi mai hikima,positive,a wise tea drinker
8317,mai shan shayi mai wayo,positive,a smart tea drinker
8318,mai shan taba,negative,a smoker
8319,mai share fa'ida,positive,a cheerful sweeper
8320,mai shayi mai aminci,positive,a loyal tea maker
8321,mai shayi mai fara'a,positive,a cheerful tea maker
8322,mai shayi mai taimako,neutral,helpful tea maker
8323,mai shi ne mutumin,neutral,the owner is the person
8324,mai sihiri,negative,magician
8325,mai sihiri sosai,positive,very magical
8326,mai son abubuwa,neutral,lover of things
8327,mai son haske,positive,a fan of light
8328,mai son kai,negative,the egocentric one
8329,mai son yaki,negative,lover of war
8330,mai son yara,positive,the child-friendly
8331,mai son yin wani abu,neutral,keen to do something
8332,mai son zaman lafiya,positive,lover of peace
8333,mai son zuciya sosai,negative,very biased
8334,mai suka,negative,the critic
8335,mai tafiya a kasa,neutral,pedestrian
8336,mai tafiya cikin tsari,neutral,an orderly walker
8337,mai takurawa,negative,a restrictive one
8338,mai talla gida-gida,neutral,a door-to-door advertiser
8339,mai talla shine mutum,neutral,the promoter is a person
8340,mai tanadi,positive,the saver
8341,mai tasiri,neutral,the influential
8342,mai taurin zuciya,negative,hard-hearted
8343,mai tausayi mai tausayi,neutral,"tenderly, tenderly"
8344,mai tawakkali a cikin wahala,negative,defiant in the face of adversity
8345,mai tawali'u,negative,the humble
8346,mai tayar da hankali,neutral,a troublemaker
8347,mai tsabta,neutral,the cleaner
8348,mai tsada,negative,expensive
8349,mai tsaftacewa,positive,cleaner
8350,mai tsaftacewa kyauta,positive,a free cleaner
8351,mai tsami,negative,sour
8352,mai tsanani,positive,more serious
8353,mai tsananin sha'awa,positive,very enthusiastic
8354,mai tsananin tsauri,negative,very harsh
8355,mai tsananin tuhuma,positive,very suspicious
8356,mai tsananin zafin rai,positive,very ferociously
8357,mai tsaron gida,neutral,the defensive
8358,mai tsaron gida yana cikin hoton,neutral,the defender is in the picture
8359,mai tsaron lafiyar mutum,positive,a man's bodyguard
8360,mai tsaurin ra'ayi,negative,the fanatic
8361,mai tsaurin ra'ayi mutum ne,negative,the fanatic is a person
8362,mai tsira,neutral,a survivor
8363,mai tsoro,negative,fearful
8364,mai wahala,negative,a difficult one
8365,mai wakiltar jajircewa,positive,representing valiantly
8366,mai walkiya sosai,negative,very flashy
8367,mai wanki mai aminci,positive,safe washer
8368,mai wanki mai taimako,positive,helpful washer
8369,mai wanki mai tausayi,positive,a sympathetic washer man
8370,mai wanki mai wayo,positive,a smart washer
8371,mai wartsakewa,positive,very refreshing
8372,mai warware matsala,positive,a problem solver
8373,mai warware matsalar,positive,a problem-solver
8374,mai wayo mai wayo,positive,a smart welder
8375,mai wayo sosai,positive,very clever
8376,mai wucewa ne,negative,it's fleeting
8377,mai wuta,negative,man fire
8378,mai wuya,neutral,the hard-liner
8379,mai yanka,negative,a butcher
8380,mai yaudara,negative,a deceiver
8381,mai yaudara ne,negative,it is a cheater
8382,mai yawa,positive,overwhelming
8383,mai yawa kari,positive,a lot more
8384,mai yawan zagi,negative,very abusive
8385,mai yawon bude ido,neutral,a tourist
8386,mai yi,neutral,a maker
8387,mai yin bai damu ba,neutral,the maker does not care
8388,mai yin burodi mai gaskiya,positive,an honest baker
8389,mai yin mahauci ne,neutral,maker is a butcher
8390,mai yin shayi mai nasara,positive,a successful tea maker
8391,mai yin shayi mai wayo,positive,a smart tea maker
8392,mai yin takama,negative,show off
8393,mai yiwuwa,neutral,a prospect
8394,mai yiwuwa ne,neutral,it is probably
8395,mai yiyuwa ne,neutral,possibly possible
8396,mai zabe mutum ne,neutral,the voter is a person
8397,mai zafi,negative,painful
8398,mai zaki fa?,neutral,what are you going to say?
8399,mai zalunci da biyayya,negative,transgressor of obedience
8400,mai zaluntar mutum ne,negative,the bully is a person
8401,mai zaman kansa,neutral,freelancer
8402,mai zane,neutral,a designer
8403,mai zanen,neutral,the designer
8404,mai zanen hakuri,positive,a patient painter
8405,mai zanen mutum ne,neutral,the painter is a person
8406,mai zane-zane,neutral,a architect
8407,mai zargi,neutral,the accuser
8408,mai zubar da jini ne,negative,it is bloodthirsty
8409,mai zuga,neutral,an instigator
8410,mai zurfin tunani,positive,a deep thinker
8411,mai zuwa mai gaskiya,positive,an honest comer
8412,maida alfarma,negative,return the gift
8413,maigida ne,positive,he is a master
8414,maigidan karya ne,negative,it is a broken master
8415,maikyau ce,positive,what is beautiful
8416,maimaita magana mai kyau,positive,repeat the positive speech
8417,maimaitawa zance ne,neutral,repetition is a conversation
8418,maimakon haka,neutral,rather than
8419,maita ce,negative,it is witchcraft
8420,majalisa ce,neutral,it's congressional
8421,majalisa mai kyau,positive,a good council
8422,majalisar dattawa,neutral,the senate
8423,majalisar dattawa ce,neutral,it is the senate
8424,majalisar dattawa na kan zama,neutral,the senate is in session
8425,majalisar ministoci,neutral,the cabinet
8426,majalisar wakilai ce,neutral,it is a representative assembly
8427,makabarta ce,neutral,it is a graveyard
8428,makabarta ne,neutral,cemetery
8429,makaho ne,negative,he is blind
8430,makamashi kyauta,positive,free energy
8431,makamashi ne,positive,energy
8432,makamashi yana da inganci,positive,the energy is efficient
8433,makami mai linzami,negative,missile
8434,makami ne,negative,it is a weapon
8435,makamin nukiliya,neutral,nuclear weapon
8436,makanikai kyauta,positive,free mechanic
8437,makanikai na zamba,negative,fraud mechanics
8438,makaniki mai fara'a,positive,a cheerful mechanic
8439,makaniki mai gaskiya,positive,an honest mechanic
8440,makaniki mai hikima,positive,a wise mechanic
8441,makaniki mai kyau,positive,good mechanic
8442,makaniki mai ladabi,neutral,a polite mechanic
8443,makaniki mai nasara,positive,a successful mechanic
8444,makaniki mai wayo,positive,a smart mechanic
8445,makanikin ya tafi a fusace,negative,the mechanic went angrily
8446,makanta ce,negative,it is blindness
8447,makaranta ce cikakke,positive,it is a perfect school
8448,makaranta mai daraja,positive,a prestigious school
8449,makaranta mai kyau,positive,a good school
8450,makarantar firamare ce,neutral,it's an elementary school
8451,makarantar tana da dadi,positive,the school is fun
8452,makarkashiyar mutum ne,neutral,the conspirator is a person
8453,makaryaci ne,negative,he is a liar
8454,makaryacin mutum,negative,a liar
8455,makaryaciya ce,negative,she is a liar
8456,maker makaniki ne,neutral,maker is a mechanic
8457,maker malami ne,neutral,maker is a teacher
8458,maker saurayi ne,positive,maker is a young man
8459,makin fashi,neutral,bandit score
8460,makircin dan banga,neutral,the plot of a vigilante
8461,makircin magini ne,neutral,it is a builder's plot
8462,makircin makircin,neutral,the plot of the plot
8463,makircin mayaudari ne,neutral,the plot is treacherous
8464,makircin rini,neutral,the dye plot
8465,makircin soja ne,negative,it is a military plot
8466,makircin ta'addanci,negative,a terrorist plot
8467,makiya ne?,negative,is it the enemy?
8468,makiyanku ne,negative,your enemies
8469,makiyaya masu fushi,negative,angry herdsmen
8470,makiyaya masu kyau,positive,good shepherds
8471,makiyayi kyauta,positive,a free shepherd
8472,makiyayi lafiya,positive,a healthy shepherd
8473,makiyayi mai fara'a,positive,a cheerful shepherd
8474,makiyayi mai farin ciki,positive,a happy shepherd
8475,makiyayi mai hakuri,neutral,a patient shepherd
8476,makiyayi mai hikima,positive,a wise shepherd
8477,makiyayi mai karfi,positive,a strong shepherd
8478,makiyayi mai tsari,neutral,an organized shepherd
8479,makogwarona ya kumbura,negative,my throat was swollen
8480,makoki ne,neutral,it is mourning
8481,makwabci mai hikima,positive,a wise neighbor
8482,makwabci mai tsari,neutral,an orderly neighbor
8483,makwabci nagari,positive,good neighbor
8484,mala'ika yasauka,neutral,angel arrive
8485,mala'ikan mala'ika ne,positive,the angel is angelic
8486,mala'iku masu taimako,positive,helpful angels
8487,malam a fusace yace,negative,the angry teacher said
8488,malam lafiya,positive,a healthy teacher
8489,malam malami ne,neutral,the teacher is a teacher
8490,malam ya buga a fusace,negative,the teacher posted in anger
8491,malam ya fusata,negative,the teacher was angry
8492,malam ya fusata ya sha,negative,the teacher was angry and drank
8493,malam ya fusata ya tafi,negative,the teacher was angry and left
8494,malam ya gamsu,positive,the teacher was satisfied
8495,malam ya rubuta a fusace,negative,the teacher wrote angrily
8496,malam ya shigo a fusace,negative,the teacher came in angry
8497,malam ya zana a fusace,negative,the teacher drew angrily
8498,malam ya zo a fusace,negative,the teacher came in anger
8499,malamai masu tausayi,neutral,compassionate teachers
8500,malamai na musamman,positive,special scholars
8501,malamai ne nagari,positive,they are good teachers
8502,malamai suka zo a fusace,negative,the teachers came in anger
8503,malamai sun gamsu,positive,the teachers are satisfied
8504,malaman jami'a na musamman,positive,special university teachers
8505,malaman shari,neutral,scholars of law
8506,malami mai aminci,neutral,a faithful teacher
8507,malami mai fara'a,positive,a cheerful teacher
8508,malami mai hakuri,positive,a patient teacher
8509,malami mai hankali,positive,a smart teacher
8510,malami mai hikima,positive,a wise teacher
8511,malami mai iko,positive,a powerful teacher
8512,malami mai ladabi,positive,a polite teacher
8513,malami mai nasara,positive,a successful teacher
8514,malami mai tausayi,positive,a compassionate teacher
8515,malami mai tsari,neutral,a systematic teacher
8516,malami na gaskiya,positive,a true teacher
8517,malami na musamman,positive,a special teacher
8518,malami ne,neutral,he is a scholar
8519,malami ne nagari,positive,he is a good teacher
8520,malamin coci,neutral,the teacher of the church
8521,malamin coci mai hakuri,positive,a patient church teacher
8522,malamin coci ne ya shirya,positive,prepared by the teacher of the church
8523,malamin fasaha nagari,positive,a good art teacher
8524,malamin firamare,neutral,a primary teacher
8525,malamin firamare mai fara'a,positive,a cheerful elementary teacher
8526,malamin jami'a mai daraja,positive,a respected university teacher
8527,malamin jami'a mai tsari,neutral,a well-organized university teacher
8528,malamin jami'a ya shirya,neutral,prepared by a university teacher
8529,malamin karya ne,negative,he is a lie teacher
8530,malamin makaranta,neutral,a school teacher
8531,malamin makaranta mai aminci,neutral,a faithful school teacher
8532,malamin makaranta mai fara'a,positive,a cheerful school teacher
8533,malamin makaranta mai ladabi,neutral,a polite school teacher
8534,malamin makaranta mai tsari,neutral,an organized school teacher
8535,malamin makaranta ne nagari,positive,he is a good school teacher
8536,malamin makaranta ya shirya,positive,prepared by the school teacher
8537,malamin malami ne,neutral,the instructor was an instructor
8538,mallaka ya yi,neutral,possession is done
8539,mallakar komai fa?,neutral,what about owning everything?
8540,mallake su sosai,positive,own them very well
8541,mallakin malamin jami'a ne,neutral,it is the property of the university teacher
8542,mallakin malamin makaranta ne,neutral,it is the property of the school teacher
8543,mamaki sosai,positive,very surprised
8544,mamaki yake,positive,his surprise
8545,mamaye kamar haka,neutral,dominate like that
8546,mamaye mutum ne,neutral,domineer is a person
8547,mamaye turawa,neutral,occupying the europeans
8548,man fetur ne,neutral,it is fuel
8549,man gyada kyauta,positive,free peanut butter
8550,man kitse,neutral,fat
8551,man man ne,neutral,the oil is oil
8552,man shanu da zaki,positive,buttery and sweet
8553,man shanu ne,neutral,it's butter
8554,manazarci manazarci ne,neutral,the analyst is an analyst
8555,manazarci mutum ne,neutral,the analyst is a person
8556,manazarta a tsare,neutral,analysts in detention
8557,manomi mai hankali,positive,a smart farmer
8558,manomi namiji ne,neutral,the farmer is a man
8559,manomi ne nagari,positive,he is a good farmer
8560,mantuwa ce,negative,it is forgetfulness
8561,manufa ce,neutral,it is a mission
8562,manufar ita ce,neutral,the target is
8563,manufar ita ce manufa,neutral,the aim is to aim
8564,manufar shine don wani abu,neutral,the purpose is for something
8565,manufar yin abu,neutral,a goal
8566,manyan abubuwa ne,positive,they are big things
8567,manyan jarumai mata,positive,great female heroes
8568,manyan kudi,positive,big bucks
8569,manyan laifuka,negative,major crimes
8570,manyan malaman makaranta,neutral,elevate school teachers
8571,manyan su ne,negative,the elite are
8572,manyan yara suna so,positive,big kids love
8573,maqalar ta kasance game da wani abu,neutral,the essay was about something
8574,mara aibi,positive,flawless
8575,mara amfani,negative,useless
8576,mara daraja,negative,insignificant
8577,mara gida,negative,homeless
8578,mara hankali,negative,unfocused
8579,mara ilimi,negative,the uneducated
8580,mara imani,negative,unbelievable
8581,mara iyaka,negative,infinite
8582,mara jini,neutral,bloodless
8583,mara kunya,neutral,shameless
8584,mara kyau,negative,bad things
8585,mara labari,neutral,storiless
8586,mara lafiya mara lafiya,negative,a sick orphan
8587,mara laifi,positive,blameless
8588,mara lasisi,neutral,unlicensed
8589,mara manufa,negative,purposeless
8590,mara misaltuwa,neutral,indescribable
8591,mara motsi,neutral,motionless
8592,mara nauyi,neutral,weightless
8593,mara sha'awa,neutral,uninterested
8594,mara son zuciya,positive,unbiased
8595,mara suna,negative,nameless
8596,mara taimako,negative,helpless
8597,mara tallafi,negative,unsupported
8598,mara tashin hankali,positive,non-violent
8599,mara tausayi,negative,merciless
8600,mara tsaro,negative,defenseless
8601,mara tushe,negative,baseless
8602,mara wari,neutral,odorless
8603,maraba da mutumina,positive,welcome my man
8604,marandadi matuka,negative,worse indeed
8605,marandadi ne,negative,the bad
8606,maras so,neutral,unpopular
8607,maras tsada,neutral,low cost
8608,marasa aikin yi,negative,the unemployed
8609,marasa gida,negative,the homeless
8610,marasa iko,negative,the powerless
8611,marasa tsoro,negative,the fearless
8612,marasa zuciya,negative,heartless
8613,marigayi budurwa ce,negative,late is a virgin
8614,marigayi 'yata ce,negative,late is my daughter
8615,marin fuska,negative,slapping face
8616,mario ya mutu,negative,mario is dead
8617,maroka ne,negative,they are beggars
8618,maroki ne,negative,it is beggarly
8619,martaba yana nan,neutral,eminence is present
8620,martani ga wani abu,neutral,reaction to something
8621,marubuci mai aminci,positive,a faithful writer
8622,marubuci mai fara'a,positive,a cheerful writer
8623,marubuci mai hakuri,positive,a patient writer
8624,marubuci mai hankali,positive,an intelligent writer
8625,marubuci mai karfi,positive,a powerful writer
8626,marubuci mai tausayi,positive,a sympathetic writer
8627,marubuci nagari,positive,a good writer
8628,marubuci ne na kwarai,positive,he is a good writer
8629,marubucin marubuci ne,neutral,the author is an author
8630,marubucin mutum ne,neutral,the author is a person
8631,marubuciya ce ta kasa,neutral,she is a national writer
8632,marubuta masu hadin gwiwa,neutral,co-authors
8633,masana'antu ce,neutral,it's an industry
8634,masana'antu ne,neutral,it's industrial
8635,masani ne,positive,he is knowledgeable
8636,masanin abun,neutral,the expert
8637,masanin damfara,negative,expert in fraud
8638,masanin ilimin halin dan adam,neutral,a psychologist
8639,masanin kimiyya,neutral,a scientist
8640,masanin kimiyya mai aminci,positive,a loyal scientist
8641,masanin kimiyya masanin kimiyya ne,neutral,the scientist is a scientist
8642,masanin kimiyya ne,neutral,he is a scientist
8643,masanin tattalin arziki,neutral,the economist
8644,mashi yana kashewa,negative,the spear kills
8645,masifu da yawa,negative,many disasters
8646,maslahar mutum,neutral,the interests of the person
8647,masoya magoya baya ne,positive,the fans are fans
8648,masoya masu dadi,positive,happy lovers
8649,masoya masu fushi,negative,angry lovers
8650,masoya masu hankali,positive,smart fans
8651,masoya ne,positive,they are lovers
8652,masoyan mu,positive,our lovers
8653,masoyanta ne,positive,her lovers
8654,masoyi mai gaskiya,positive,an honest scavenger
8655,masoyi mai girma,neutral,honorable guardian
8656,masoyi mai hikima,positive,a wise guardian
8657,masoyi ne,positive,it's a loves one
8658,masoyi ya mutu,negative,a loved one is dead
8659,masoyinta sunje,positive,her lover gone
8660,masu adawa,negative,the dissidents
8661,masu adawa da juna,negative,the antagonists
8662,masu aminci suna da aminci,positive,the faithful are faithful
8663,masu arziki,neutral,the wealthy
8664,masu ba da shawara,neutral,advisers
8665,masu ba'a,negative,the scoffers
8666,masu bauta a fusace,negative,enraged worshipers
8667,masu bin wata akida,negative,adherents of a certain ideology
8668,masu caca,neutral,gamblers
8669,masu cin amana ne,negative,they are traitors
8670,masu cin zarafi,negative,the bullies
8671,masu fafutuka na gwamnati,neutral,government lobbyists
8672,masu farauta tausayi,positive,pity hunters
8673,masu fatan alheri,positive,well-wishers
8674,masu gata,neutral,the privileged ones
8675,masu gudanarwa,neutral,executives
8676,masu hakuri,neutral,the steadfast
8677,masu hankali,positive,the intelligent ones
8678,masu hasara,negative,the losers
8679,masu hazaka,positive,the talented
8680,masu karya doka,negative,violators of the law
8681,masu karyatawa,negative,the deniers
8682,masu kishin addini,negative,religious fanatics
8683,masu korafi,negative,the complains
8684,masu laifi ne,negative,they are criminals
8685,masu mulki,negative,an authoritarian
8686,masu nasara,positive,winners
8687,masu rinjaye,negative,the dominates
8688,masu sauraro suna zaune,neutral,the audience is seated
8689,masu shakka,neutral,the doubters
8690,masu shigar banza,negative,nonsense installers
8691,masu suka,negative,critics criticized
8692,masu suka ne,negative,they are critics
8693,masu sukar al'umma,neutral,critics of society
8694,masu taurin kai,negative,the hardliners
8695,masu tsattsauran ra'ayi,negative,the extremists
8696,masu tsegumi,negative,the gossipers
8697,masu uzuri,negative,the apologists
8698,masu uzuri ne masu neman gafara,neutral,apologists are apologists
8699,masu wariyar launin fata,negative,racists
8700,masu wuce gona da iri,negative,the exaggerates
8701,masu yankan,neutral,the cutters
8702,masu yaudara,negative,the deceivers
8703,masu yin kuskure,negative,those who make mistakes
8704,masu yunkurin juyin mulkin,negative,the coup plotters
8705,masu zalunci,negative,transgressors
8706,masu zaman lafiya,positive,peacemakers
8707,masu zamba,negative,scammers
8708,masu zanga-zanga,neutral,demonstrators
8709,masu zanga-zangar,neutral,protesters
8710,mata ce,neutral,wife
8711,mata da yawa,positive,many women
8712,mata fa?,neutral,what about women?
8713,mata mai hakuri,positive,a patient wife
8714,mata mai hankali,positive,a wise wife
8715,mata masu fushi,negative,angry women
8716,mata masu hankali,positive,smart women
8717,mata sun gamsu,positive,the women are satisfied
8718,mata suna da kyau,positive,women are good
8719,mataccen kututture,negative,a dead stump
8720,matacciyar tattabara,negative,a dead pigeon
8721,matafiya masu hankali,positive,smart travelers
8722,matafiyi kyauta,positive,a free traveler
8723,matafiyi mai farin ciki,positive,a happy traveler
8724,matafiyi mai gaskiya,positive,an honest traveler
8725,matafiyi mai hankali,positive,a smart traveler
8726,matafiyi mai hikima,positive,a wise traveler
8727,matafiyi mai karfi,positive,a strong traveler
8728,matafiyi mai ladabi,positive,a polite traveler
8729,matafiyi mai nishadi,positive,a cheerful traveler
8730,matafiyi mai taimako,positive,helpful traveler
8731,matafiyi mai tsari,positive,a well-organized traveler
8732,matafiyi ne,neutral,traveler
8733,mataimaka ne,positive,assistants
8734,mataimaki,neutral,supporter
8735,mataimakin mataimaki ne,neutral,the aide is an aide
8736,mataimakin minista,neutral,assistant minister
8737,mataimakin shugaban cocin,positive,assistant leader of the church
8738,mataimakin ya rasu,negative,the assistant died
8739,matakan sun karye,negative,the stairs are broken
8740,mataki na gaba,neutral,next step
8741,mataki ne na dabara,neutral,it is a strategic decision
8742,matakin yana da wani abu,neutral,the stage has something
8743,matalauci ne,negative,poverty
8744,matan aure sun lalace,negative,married women are corrupt
8745,matar karya ce,negative,she is a false woman
8746,matar mace ce,neutral,the woman is female
8747,matasa daban-daban,neutral,different youth
8748,matasa marasa gida,negative,homeless youth
8749,matasan matasa ne,neutral,the youth are young
8750,matashi mai kyau,positive,good cushion
8751,matashi matashi ne,neutral,the youthful is youthful
8752,matashi ne mai kwarin gwiwa,positive,he is a confident young man
8753,matashin kai,neutral,pillow
8754,matashin matashi ne,neutral,the youth is young
8755,matata ce,neutral,it is my wife
8756,matattu a cikin ruwa,negative,dead in the water
8757,matattu ne,negative,the dead
8758,matsa a hankali,negative,move slowly
8759,matsa ciki,neutral,squeeze in
8760,matsa lamba,neutral,pressure
8761,matsa sosai,negative,very tight
8762,matsa wuri,neutral,occupy a place
8763,matsakaici ne,neutral,it is average
8764,matsakaici ne ke zuwa,neutral,it is the medium that comes
8765,matsakaici zuwa babba,neutral,medium to large
8766,matsakaicin nauyi,neutral,medium in weight
8767,matsakaicin shine,neutral,the average is
8768,matsakaicin sun fi muni,negative,averages are worse
8769,matsala ce,negative,the problem
8770,matsalar birki ce,negative,it is a brake problem
8771,matsalar kwai ce,negative,it is an egg problem
8772,matsalar mu,negative,our problem
8773,matsalar namiji ce,neutral,it is a man's problem
8774,matsalar rashin gida,negative,the problem of homelessness
8775,matsalarsa ce,negative,his problem
8776,matsaloli ne,negative,they are problems
8777,matsalolin damuwa,neutral,stress variables
8778,matsalolin jini,negative,blood vessel problems
8779,matsanancin tsoro,negative,extreme fear
8780,matsar da wancan,neutral,move that one
8781,matsar da wani abu,neutral,move something
8782,matsayi daidai,neutral,equal role
8783,matsayi mai girma,positive,a great position
8784,matsayi ne,neutral,it is a position
8785,matsayi ne cikakke,positive,it is a perfect position
8786,matsayi ne mai ja da baya,negative,it's a bearish stance
8787,matsayi sama,neutral,rank up
8788,matsayi yana da daraja,neutral,the rank is rank
8789,matsayin a'a,neutral,the position of no
8790,matsayin digiri ne,neutral,the degree is a degree
8791,matsayin gaskiya,neutral,the level of truth
8792,matsayinsu mai kyau,positive,their good standing
8793,matsin lamba,neutral,the pressure
8794,matsin wauta ne,negative,the pressure is stupid
8795,matukin jirgi,neutral,a pilot
8796,matukin jirgin ya kasance matukin jirgi,neutral,the pilot was a pilot
8797,matukin matukin jirgi ne,neutral,the pilot is a pilot
8798,maudu'i ne,neutral,it's a topic
8799,maudu'i ne mai gardama,neutral,it is a argumentative topic
8800,mawaki mai hankali,positive,an intelligent poet
8801,mawaki mai hikima,positive,a wise poet
8802,mawaki mai kyau,positive,a good singer
8803,mawaki mai tausayi,positive,a compassionate poet
8804,mawakin mawaki ne,neutral,the musician is a musician
8805,mawakin mutum ne,neutral,the poet is a person
8806,mayar da hankali,positive,focus
8807,maye karya ne,negative,it is a false sorcerer
8808,mayen mata ce,negative,it is a female wizard
8809,mayya ce,negative,she is a witch
8810,maza masu hikima,positive,wise men
8811,mazauni nagari,positive,a good resident
8812,mazaunin mutum ne,neutral,the resident is a person
8813,me aka fahimta,neutral,what is understood
8814,me aka yi ba daidai ba,negative,what was done wrong
8815,me ake cewa,neutral,what is being said
8816,me ciwon kai,negative,what a headache
8817,me game da abinci?,neutral,what about food?
8818,me game da dadi,positive,what about sweet
8819,me game da mace?,neutral,what about a woman?
8820,me game da magunguna?,neutral,what about medicines?
8821,me game da tashi tsaye?,neutral,how about standing up?
8822,me game da waka?,neutral,what about a song?
8823,me ke faruwa?,neutral,what matter?
8824,me ke haifar da wani abu mai muni,negative,what causes something terrible
8825,me ke hana cututtuka,neutral,what prevents diseases
8826,me kuka kwatanta?,neutral,what do you describe?
8827,me kuke ayyana?,neutral,what do you define?
8828,me kuke kira shi?,neutral,what do you call it?
8829,me kuke nufi?,neutral,what do you mean?
8830,me suke yi?,neutral,what are they doing?
8831,me uwa,neutral,have mother
8832,me ya isa,neutral,what suffices
8833,me ya kamata mu ce?,neutral,what should we say?
8834,me yake samu?,neutral,what does he get?
8835,me yake sawa?,neutral,what is he wearing?
8836,me yasa,neutral,why
8837,me yasa taurari?,neutral,why stars?
8838,mediocrity ya fi muni,negative,mediocrity is worse
8839,memba mutum ne,neutral,the member is a person
8840,memba ne,neutral,it is a membership
8841,menene amsar,neutral,what is the answer
8842,menene basur?,neutral,what is hemorrhoids?
8843,menene fata,neutral,what a wish
8844,menene garinsu,neutral,what is their city
8845,menene gudun gudun daji?,positive,what is the wild goose pagoda?
8846,menene lahani?,neutral,what is harm?
8847,menene lambobi?,neutral,what is a digit?
8848,menene menene?,neutral,"what, what?"
8849,menene mu?,neutral,what are we?
8850,menene soyayya?,positive,what is love?
8851,menene wannan?,neutral,what is this?
8852,menene ya kamata a kwatanta?,neutral,what should be described?
8853,menene yaran suka yi?,neutral,what did the children do?
8854,mexican mutum ne,neutral,the mexican is a person
8855,miji da mata,neutral,the husband and wife
8856,mijin kotu,neutral,the husband of the court
8857,mijin mata ne,neutral,the husband is a wife
8858,mijin ya ce,neutral,the husband said
8859,mika shi ga wani mutum,neutral,pass it to another person
8860,miliyan daya,neutral,a million
8861,minista mai nasara,positive,a successful minister
8862,minti daya,neutral,the minute
8863,minti daya ne,neutral,it is a minute
8864,minti nawa?,neutral,how many minute
8865,mintuna sun shude,neutral,minutes have passed
8866,miqewa nayi,negative,stretched out
8867,misali ne,neutral,it's an instance
8868,misali ne na abin koyi,positive,it's an example of an exemplar
8869,misali zaibada,neutral,give example
8870,misalin wani abu,neutral,a sample of something
8871,miya ce,neutral,it is soup
8872,miya mai dadi,positive,delicious soup
8873,miyagu ma'aikata ne,negative,they are bad workers
8874,miyagu malamai ne,negative,they are bad teachers
8875,miyagu maza ne,negative,they are bad boys
8876,miyagu miyagu ne,negative,they are bad crooks
8877,miyagu mutane ne,negative,they are bad people
8878,miyagu shugabanni ne,negative,they are bad leaders
8879,miyagu tsofaffi ne,negative,they are bad old people
8880,miyagu yahudawa ne,negative,they are bad jews
8881,miyagu 'yan fashi ne,negative,they are bad bandits
8882,miyagu yan mata ne,negative,they are bad girls
8883,miyagu 'yan ta'adda ne,negative,they are bad terrorists
8884,miyagun 'ya'yan giwaye,negative,evil children of elephants
8885,miyagun 'ya'yan karnuka,negative,wicked sons of dogs
8886,miyagun 'ya'yan karuwai,negative,wicked sons of harlots
8887,miyagun 'ya'yan maciji,negative,evil children of the serpent
8888,miyagun 'ya'yan macizai,negative,evil children of serpents
8889,more kyakkyawan aiki,positive,more good work
8890,mota a tsare,neutral,car in custody
8891,mota ce,neutral,it is a car
8892,mota ce cikakke,positive,it is a perfect car
8893,mota ce kyakkyawa,positive,it is a beautiful car
8894,mota ce mai arziki,positive,it is a rich car
8895,mota ce mai inganci,positive,quality car
8896,mota ce mai kyau,positive,it is a neat car
8897,mota ce mai lafiya,positive,it is a healthy car
8898,mota ce mai tsafta,positive,it is a clean car
8899,mota mai daraja,positive,a classy car
8900,mota mai inganci,positive,a quality car
8901,mota mai karfi,positive,a powerful car
8902,mota mai kyau,positive,nice car
8903,mota ta musamman,positive,a special car
8904,motar da ta karye,negative,a broken car
8905,motar lafiya,positive,a safe car
8906,motar mota ce,neutral,the car is a car
8907,motar tana da girma,neutral,the truck is large
8908,motar tana motsi,neutral,the motor is moving
8909,motoci masu inganci,neutral,quality cars
8910,motoci ne masu kyau,positive,they are beautiful cars
8911,motsa jiki ne,neutral,it's an exercise
8912,motsi biyu masu kyau,positive,two good moves
8913,motsin masallaci,neutral,the movement of the mosque
8914,motsin rai,positive,vibrantly moving
8915,mu kanmu,neutral,we ourselves
8916,mu mu,neutral,we us
8917,mu ne,neutral,it's us
8918,mu rabu da shi,negative,let's get rid of it
8919,mu sake haduwa,neutral,meet again
8920,mu sani,neutral,let us know
8921,mu sanya shi haka,neutral,let us put it this way
8922,mu sayar,neutral,let's sell
8923,mu soke,negative,let's abolish
8924,mu tabbatar da hakan,neutral,let's prove it
8925,mu yi afuwa,negative,let's pardon
8926,mu yi kuka,negative,let's cry
8927,mu yi tafawa kanana,positive,let us clap for the little ones
8928,mu'amala da juna,neutral,interact with each other
8929,mu'amalar mutane zalunci ne,negative,the treatment of people is cruel
8930,mugaye ne kuma wawaye,negative,they are evil and stupid
8931,mugayen giwaye,negative,evil elephants
8932,mugayen kekuna ne,negative,they are bad bikers
8933,mugayen kujeru,negative,evil seats
8934,mugayen mata ne,negative,they are bad women
8935,mugayen mutane,negative,bad people
8936,mugayen mutane sun kewaye su,negative,surrounded by bad people
8937,mugayen sarakuna,negative,evil kings
8938,mugayen zakoki,negative,evil lions
8939,mugu da wawa,negative,bad and stupid
8940,mugu karyayye,negative,evil broken one
8941,mugu ne,negative,it is evil
8942,mugun abu ne,negative,evil is evil
8943,mugun abu ne a bata suna,negative,it's a bad thing to defame
8944,mugun aiki ne,negative,it is an evil act
8945,mugun akuya ce,negative,it is a bad goat
8946,mugun alade ne,negative,it is a bad pig
8947,mugun aljani ne,negative,it is a bad demon
8948,mugun attajiri ne,negative,he is an evil rich man
8949,mugun aure ne,negative,it is a bad marriage
8950,mugun azzalumi ne,negative,he is an evil tyrant
8951,mugun bawa ne,negative,he is a bad slave
8952,mugun beraye ne,negative,they are bad rats
8953,mugun dabba,negative,evil beast
8954,mugun dabba ce,negative,it is an evil animal
8955,mugun dattijo,negative,a wicked old man
8956,mugun fenti,negative,bad painter
8957,mugun fure,negative,a bad flower
8958,mugun fushi,negative,bad anger
8959,mugun gini ne,negative,they are bad builders
8960,mugun hali,negative,evil nature
8961,mugun iyali ne,negative,it is a bad family
8962,mugun kare,negative,bad dog
8963,mugun karkarwa,negative,a bad diversion
8964,mugun karnuka,negative,bad dogs
8965,mugun kaza,negative,bad chicken
8966,mugun kunama ce,negative,it is a terrible scorpion
8967,mugun kurma,negative,deaf evil
8968,mugun kwai,negative,the bad egg
8969,mugun ma'aikaci ne,negative,he is a terrible employee
8970,mugun maciji,negative,the evil snake
8971,mugun maciji ne,negative,it is a terrible snake
8972,mugun mafarkin dare,negative,a bad night's dream
8973,mugun mahauci,negative,an evil butcher
8974,mugun mahayi ne,negative,he is a bad rider
8975,mugun makiyayi ne,negative,he is a bad shepherd
8976,mugun malami,negative,bad teacher
8977,mugun malami ne,negative,he is a bad teacher
8978,mugun marubuci ne,negative,he is a bad writer
8979,mugun mataimakin,negative,an evil assistant
8980,mugun mayaudari ne,negative,evil traitor
8981,mugun murmushi,negative,evil smile
8982,mugun mutum ne,negative,he is a bad person
8983,mugun rauni ne,negative,it is a bad wound
8984,mugun saniya ce,negative,it is a bad cow
8985,mugun sarki,negative,the evil king
8986,mugun saurayi ne,negative,he is a bad young man
8987,mugun shugaba ne,negative,he is a bad leader
8988,mugun tunani,negative,a bad idea
8989,mugun tunani ne,negative,it's a bad idea
8990,mugun wanzami,negative,bad barbers
8991,mugun wasa ne,negative,it is a bad match
8992,mugun yaro,negative,bad boy
8993,mugun zaki,negative,evil lion
8994,mugunta da azabtarwa,negative,evil and torture
8995,mugunta da cutarwa,negative,evil and harm
8996,mugunta da makirci,negative,evil and conspiracy
8997,mugunta da mugunta,negative,evil and evil
8998,mugunta da rashin babu,negative,evil and lack of no
8999,mugunta da rashin kunya,negative,wickedness and rudeness
9000,mugunta da zafi,negative,evil and pain
9001,mugunta da zagi,negative,evil and abuse
9002,mugunta kananan kunama,negative,evil little scorpions
9003,mugunta yau da gobe,negative,evil today and tomorrow
9004,mugunyar unguwa,negative,bad neighborhood
9005,mugunyar zuriyar jimina,negative,the evil offspring of the ostrich
9006,muguwar giwa,negative,the evil elephant
9007,muguwar jimina,negative,the evil ostrich
9008,muguwar karuwa,negative,evil whore
9009,muguwar karuwai,negative,evil whores
9010,muguwar kunama,negative,the evil scorpion
9011,muguwar mace ce,negative,she is a bad woman
9012,muguwar mata,negative,bad wife
9013,muguwar uwar gida,negative,bad housewife
9014,muhalli ne,neutral,it is an environment
9015,muhalli yayi datti,negative,the environment is dirty
9016,muhawarar ta shafi wani abu ne,neutral,the debate is about something
9017,muhimmancin abarba,neutral,the importance of pineapple
9018,muhimmancin abin hawa,positive,the importance of the vehicle
9019,muhimmancin abinci,neutral,the importance of food
9020,muhimmancin abota,neutral,the importance of friendship
9021,muhimmancin abota ne,positive,it is the importance of friendship
9022,muhimmancin abu mai kyau,positive,the importance of a good thing
9023,muhimmancin abubuwa,neutral,the importance of things
9024,muhimmancin alkalami,positive,the importance of the pen
9025,muhimmancin aure ne,positive,it is the importance of marriage
9026,muhimmancin awaki,positive,the importance of goats
9027,muhimmancin basirar kwamfuta,neutral,the importance of computer skills
9028,muhimmancin basirar sadarwa,neutral,the importance of communication skills
9029,muhimmancin dabino,neutral,the importance of the date palm
9030,muhimmancin dafa abinci,neutral,the importance of cooking
9031,muhimmancin daki-daki,neutral,the importance of detail
9032,muhimmancin duwatsu ne,neutral,it is the importance of stones
9033,muhimmancin gida,neutral,the importance of home
9034,muhimmancin gida mai kyau,positive,the importance of a good home
9035,muhimmancin gina japan,neutral,the importance of building japan
9036,muhimmancin hirar,neutral,the importance of the interview
9037,muhimmancin ilimi ne,neutral,it is the importance of education
9038,muhimmancin iya damuwa,positive,the importance of being able to worry
9039,muhimmancin iya soyayya,positive,the importance of being able to love
9040,muhimmancin iya tafiya,positive,the importance of being able to walk
9041,muhimmancin jan ruwa,neutral,the importance of red water
9042,muhimmancin kallon talabijin,neutral,the importance of watching television
9043,muhimmancin karanta littafi,neutral,the importance of reading a book
9044,muhimmancin karatu,neutral,the importance of reading
9045,muhimmancin karatu ne,neutral,it is the importance of reading
9046,muhimmancin kaza,negative,the importance of chicken
9047,muhimmancin kiwo,neutral,the importance of breeding
9048,muhimmancin kwalaben lemo,neutral,the importance of lemon bottles
9049,muhimmancin kwamfuta,neutral,the importance of computers
9050,muhimmancin kyau,neutral,the importance of beauty
9051,muhimmancin magana mai kyau,positive,the importance of good speech
9052,muhimmancin masara,neutral,the importance of corn
9053,muhimmancin mata ne,neutral,it is the importance of women
9054,muhimmancin miya,neutral,the importance of soup
9055,muhimmancin motar,neutral,the importance of the car
9056,muhimmancin nama mara tabbas,neutral,the importance of unsure meat
9057,muhimmancin naman akuya,neutral,the importance of goat meat
9058,muhimmancin naman barewa,neutral,importance of deer meat
9059,muhimmancin naman giwa,neutral,the importance of elephant meat
9060,muhimmancin naman sa,neutral,the importance of beef
9061,muhimmancin naman zomo,neutral,the importance of rabbit meat
9062,muhimmancin noma,neutral,the importance of agriculture
9063,muhimmancin noman alkama,neutral,the importance of growing wheat
9064,muhimmancin rijiyar,neutral,the importance of the well
9065,muhimmancin ruwa,neutral,the importance of water
9066,muhimmancin samun damar yin ado,positive,the importance of being able to decorate
9067,muhimmancin sana'a ce,neutral,it is the importance of a profession
9068,muhimmancin sauraron rediyo,neutral,the importance of listening to the radio
9069,muhimmancin shayi,neutral,the importance of tea
9070,muhimmancin son mace ta gari,positive,the importance of loving a good woman
9071,muhimmancin son yara,positive,the importance of loving children
9072,muhimmancin soyayya,positive,it is the importance of love
9073,muhimmancin sukari,neutral,the importance of sugar
9074,muhimmancin takin gargajiya,neutral,the importance of organic fertilizers
9075,muhimmancin takin zamani,neutral,the importance of fertilizers
9076,muhimmancin tsire-tsire,neutral,the importance of plants
9077,muhimmancin tsuntsaye,neutral,the importance of birds
9078,muhimmancin wake,neutral,the importance of beans
9079,muhimmancin wayar salula,neutral,the importance of cell phone
9080,muhimmancin yara,neutral,the importance of children
9081,muhimmancin zane,positive,the importance of drawing
9082,mujalla ce,neutral,it's a magazine
9083,mujallu masu wayo,positive,smart magazines
9084,muje tafawa matar,positive,let us clap for the woman
9085,muji dadi,positive,let's enjoy
9086,muka buga buhun banza,negative,we hit the sack in vain
9087,muka tafi,neutral,we drove away
9088,muka taka birki,negative,we braked
9089,mukulli ce,neutral,key
9090,mulki haka,neutral,like leadership
9091,mulki irin na italiyanci,neutral,italian-style governance
9092,mulki ne na kama-karya,neutral,it is a totalitarian regime
9093,mulkin kama-karya ne,negative,it is a dictatorship
9094,mulkin mallaka,negative,colonization
9095,mulkin ya mutu,negative,the kingdom is dead
9096,mulkin yana da kyau,positive,the kingdom is good
9097,mummuna,negative,the bad ones
9098,mummuna cuta ce,negative,it is a bad disease
9099,mummuna ne babba,negative,it is a big bad
9100,mummuna sosai,negative,very bad
9101,mummuna ya kasance,negative,bad era
9102,mummunan abu shine,negative,the bad thing is
9103,mummunan aibi,negative,a bad flaw
9104,mummunan ayyukan al'adu,negative,poor cultural practices
9105,mummunan batu,negative,bad topic
9106,mummunan cuta,negative,a terrible disease
9107,mummunan cutar,negative,the severity of the disease
9108,mummunan hali,negative,bad attitude
9109,mummunan hatsari,negative,a terrible accident
9110,mummunan igiyoyi,negative,bad ropes
9111,mummunan ihu,negative,a bad shout
9112,mummunan karin kumallo,negative,bad breakfast
9113,mummunan kiran waya,negative,bad phone call
9114,mummunan kunya,negative,a terrible shame
9115,mummunan magana,negative,bad talker
9116,mummunan rumfuna,negative,bad stalls
9117,mummunan sa'a,negative,bad luck
9118,mummunan sha'awa,negative,bad desire
9119,mummunan shawara,negative,bad counselor
9120,mummunan toka,negative,bad ash
9121,mummunan tsoro,negative,terrible fear
9122,mummunan wurin haihuwa,negative,bad birthplace
9123,mummunan yanayi,negative,bad weather
9124,mummunan yarjejeniya,negative,bad deal
9125,mummunan zato,negative,a bad guess
9126,mummy aka kashe,negative,mummy was killed
9127,mun buga a banza,negative,we hit in vain
9128,mun ci abinci,neutral,we ate
9129,mun isa,neutral,we are enough
9130,mun ji tsoro,negative,we were scared
9131,mun samu sauki,positive,we found it easy
9132,mun sani,neutral,we know
9133,mun sha a banza,negative,we drank in vain
9134,mun tafi a banza,negative,we left in vain
9135,mun yi mamaki,neutral,we were stunned
9136,mun zo da kafa,neutral,we came on foot
9137,muna da,neutral,we have
9138,muna da namu,neutral,we have ours
9139,muna so,neutral,we want
9140,muna tsoro,negative,we are afraid
9141,muna yawo,neutral,we are flying
9142,muna yi,neutral,we do
9143,munafuki ne,negative,the hypocrite
9144,munafunci ba shi da kyau,negative,hypocrisy is not good
9145,mura ce,negative,influenza
9146,mura nadamunsa,negative,flu infection
9147,murabus ne,negative,resign
9148,murar zafi,negative,hot flu
9149,murdiyane sosai,negative,twisting of results
9150,murdiyane sosai da mugunta,negative,twisting of results and wickedness
9151,murfi ne,neutral,it is a cover
9152,murmushi aboki ne,positive,friend smile
9153,murmushi malamar makaranta yayi,positive,the smile of a school teacher
9154,murmushi malamin coci,positive,the smile of the church teacher
9155,murmushi malamin jami'a yayi,positive,the smile of a university teacher
9156,murmushi malamin primary,positive,the smile of the primary teacher
9157,murmushi manomi ne,positive,it is a farmer's smile
9158,murmushi matafiyi ne,positive,it is a traveler's smile
9159,murmushi ne,positive,smile
9160,murmushi ne na faransa,positive,it is a french smile
9161,murmushi tagwaye ne,positive,it is a twin smile
9162,murmushi 'yan uwantaka ne,positive,it is a brotherly smile
9163,murmushi yayi matashi,positive,the smile is young
9164,murmushin aure ne,positive,it is a wedding smile
9165,murmushin baby ne,positive,it is a baby's smile
9166,murmushin bayi,positive,the smile of the slaves
9167,murmushin bayin allah,positive,the smile of god's servants
9168,murmushin jin dadi,positive,smiling happily
9169,murmushin ku,positive,your smile
9170,murmushin kuruciya ce,positive,it is the smile of youth
9171,murmushin ma'aurata ne,positive,it is a couple's smile
9172,murmushin mace ce,positive,it is a woman's smile
9173,murmushin magini ne,positive,it is a builder's smile
9174,murmushin masoya ne,positive,it is the smile of lovers
9175,murmushin masu dankalin turawa,positive,the smile of the potato owners
9176,murmushin matafiyi ne,positive,it is the smile of a traveler
9177,murmushin mutanen kauye,positive,the smile of the villagers
9178,murmushin 'yan fansho,positive,the smile of pensioners
9179,murmushin yarinya ce,positive,it is a girl's smile
9180,murmushin yaro ne,positive,it is a child's smile
9181,murmushin zumunci ne,positive,it is a friendly smile
9182,murna da farin ciki,positive,joyously happy
9183,murna da gazawar wani,negative,rejoicing in someone else's failure
9184,murna don yin wani abu,positive,excited to do something
9185,murna mai kyau,positive,a good stove
9186,murna sosai,positive,very happy
9187,murnan farin cikin 'yata ne,positive,it is my daughter's happiness
9188,murnan tsofaffin mata,positive,happy old women
9189,murnar almajiran,positive,the joy of the disciples
9190,murnar magina,positive,the joy of builders
9191,murnar mai zane,positive,designer's delight
9192,murnar masu ibada,positive,the joy of worshipers
9193,murnar rayuwa,positive,the joy of life
9194,murya ce,neutral,it is a voice
9195,murya da rahama,positive,voice and mercy
9196,muryar ba ta da kyau,negative,bad voice
9197,muryar da ba daidai ba,negative,the wrong voice
9198,muryar tana da murya,neutral,the voice has a voice
9199,musafaha ,neutral,handshake
9200,musamman ma haka,neutral,especially so
9201,musamman shi ke nan,neutral,"specifically, that's what"
9202,musanya magina,neutral,exchange of builders
9203,musanya mutum ne,neutral,it is a human exchange
9204,musanya tsoffin ma'aikata,neutral,exchange of ex-employees
9205,musanya 'yan fansho,neutral,exchange of pensioners
9206,musanya yaudara ce,neutral,the exchange is treacherous
9207,musanyar dattijai ce,neutral,it is the exchange of elders
9208,musanyar rashin zuwa,neutral,absenteeism exchange
9209,musayar jami'an haraji,neutral,exchange of tax officials
9210,musayar magoya baya,neutral,exchange of fans
9211,musayar matan aure,neutral,exchange of married women
9212,musayar 'yan sanda ce,neutral,it is a police exchange
9213,musibar ba ta da kyau,negative,misfortune is not good
9214,musibar takaba ce,negative,it is the tragedy of widowhood
9215,musulunci ne,neutral,it's islamic
9216,mutane da aka kashe,negative,killed people
9217,mutane da shugabanni,neutral,followers and leaders
9218,mutane da yawa,neutral,a lot of people
9219,mutane dafa abinci,neutral,cooking people
9220,mutane kamiltattu ne,positive,they are perfect people
9221,mutane masu arziki,neutral,rich people
9222,mutane masu cutarwa,negative,harmful people
9223,mutane ne,neutral,they are people
9224,mutane ne masu kyau,positive,they are beautiful people
9225,mutane ne masu lafiya,positive,they are healthy people
9226,mutane suna gudu,negative,people are fleeing
9227,mutane suna taruwa,neutral,people gather
9228,mutanen da ke ba da shawara,positive,people who advocate
9229,mutanen da suka firgita,negative,frightened people
9230,mutanen da suka yi nasara,positive,people who won
9231,mutanen da suke arna,neutral,people who are pagans
9232,mutanen da suke kiyayya,negative,the people who are haters
9233,mutanen da suke yaudara,negative,people who are deceivers
9234,mutanen duniya,neutral,people of the world
9235,mutanen espanya ne,neutral,it's spanish
9236,mutanen kirki,positive,good people
9237,mutu kawai,negative,just die
9238,mutum a firgice,negative,terrified man
9239,mutum balagagge,positive,a mature person
9240,mutum dan yawon bude ido ne,neutral,a person is a tourist
9241,mutum daya,neutral,individual person
9242,mutum gajere,neutral,a short man
9243,mutum guda,neutral,single person
9244,mutum mai adalci,positive,man of integrity
9245,mutum mai alhaki,positive,a responsible person
9246,mutum mai aminci,positive,a safe person
9247,mutum mai arziki sosai,positive,a very wealthy person
9248,mutum mai bangaskiyar yahudawa,neutral,a person of jewish faith
9249,mutum mai basira,positive,a skillful person
9250,mutum mai cutarwa,negative,a harmful person
9251,mutum mai damuwa,negative,a troubled man
9252,mutum mai daraja,positive,a well-regarded person
9253,mutum mai fafutuka,neutral,a person who is activist
9254,mutum mai fara'a,positive,a cheerful person
9255,mutum mai fatara,negative,a bankrupt person
9256,mutum mai fushi,negative,an angry person
9257,mutum mai gaskiya,positive,an honest person
9258,mutum mai hankali,positive,a smart person
9259,mutum mai himma,negative,an avid person
9260,mutum mai ilimi,positive,well-educated person
9261,mutum mai kauna,positive,a lovable person
9262,mutum mai kaushi,negative,a grouchy person
9263,mutum mai kishi,negative,a thrifty person
9264,mutum mai kishin kasa,positive,a person who is a patriot
9265,mutum mai kwadayi,negative,a greedy person
9266,mutum mai lafiya,positive,a healthy person
9267,mutum mai matukar fushi,negative,a very angry person
9268,mutum mai mulki,negative,an authoritarian person
9269,mutum mai nasara,positive,a successful person
9270,mutum mai rai,neutral,a person alive
9271,mutum mai rashin hankali,negative,dissonant person
9272,mutum mai rowa,negative,a stingy person
9273,mutum mai rubi ne,negative,the person is delusional
9274,mutum mai sa'a,positive,a lucky person
9275,mutum mai sabo,positive,a fresh person
9276,mutum mai saurin fushi,negative,a quick-tempered person
9277,mutum mai son soyayya,positive,a very amiable person
9278,mutum mai taimako,positive,a helpful person
9279,mutum mai taurin kai,negative,a hardheaded person
9280,mutum mai tausayi,neutral,a compassionate person
9281,mutum mai tsattsauran ra'ayi,negative,a person who is extremists
9282,mutum mai wayo,positive,a witty person
9283,mutum mai yaudara,negative,a person deceiving
9284,mutum mai zafin rai,negative,an aggressive person
9285,mutum makaho ne,negative,a person is blind
9286,mutum makwabci,neutral,a person neighbor
9287,mutum manomi ne,neutral,a man is a farmer
9288,mutum mara gida,negative,a homeless person
9289,mutum mara kunya,negative,a disgraced person
9290,mutum na musamman,positive,a special person
9291,mutum ne,neutral,he is a man
9292,mutum ne amintacce,positive,he is a trustworthy person
9293,mutum ne haka,neutral,it is human like that
9294,mutum ne mai amfana,neutral,the person is the beneficiary
9295,mutum ne mai amfani,neutral,a person is a user
9296,mutum ne mai amsawa,neutral,the person is the respondent
9297,mutum ne mai arziki,positive,he is a rich man
9298,mutum ne mai daraja,positive,he is a noble man
9299,mutum ne mai hankali,positive,he is a gentleman
9300,mutum ne mai hazaka,positive,it is a talented person
9301,mutum ne mai karya,negative,the man is fake
9302,mutum ne mai muhimmanci,positive,he is an important person
9303,mutum ne mai raunin zuciya,negative,it was a broken-hearted person
9304,mutum ne mai tawali'u,positive,he is a humble person
9305,mutum ne mai tsattsauran ra'ayi,negative,he is a radical man
9306,mutum ne mai wasa,neutral,it's an athletic person
9307,mutum shaida ne,neutral,a person is a witness
9308,mutum ya bugu,negative,the person is drunk
9309,mutum ya ci nasara,positive,the person won
9310,mutum ya daure fuska,negative,the person frowns
9311,mutum ya fadi,negative,a person falls
9312,mutum ya fi haka,positive,the person does better than that
9313,mutum ya gudu,negative,a person flees
9314,mutum ya huta,positive,the person is relaxed
9315,mutum ya kamu,negative,the person addicted
9316,mutum ya mutu,negative,the person dies
9317,mutum ya rabu,neutral,the person has a break up
9318,mutum ya rage,neutral,the person is remaining
9319,mutum ya rude,negative,the person is confused
9320,mutum ya yi fice,negative,the person was outperformed
9321,mutum ya yi wa wani bacin rai,negative,a person bashing another person
9322,mutum yaci amana,negative,the person betrays
9323,mutum yana bara,negative,a person begging
9324,mutum yana cin karo,negative,a person bumping
9325,mutum yana cizo,negative,a person is biting
9326,mutum yana da baki,neutral,the person has a mouth
9327,mutum yana da girman kai,negative,the person is arrogant
9328,mutum yana da kuzari,positive,the person is energetic
9329,mutum yana da ladabi,positive,the person is courteous
9330,mutum yana gudu,neutral,the person is running
9331,mutum yana ja,negative,a person dragging
9332,mutum yana karantawa,neutral,the person is reading
9333,mutum yana karatu,neutral,a person reading
9334,mutum yana karbar baki,positive,the person is hospitable
9335,mutum yana mutuwa,negative,a person is dying
9336,mutum yana raye,neutral,a person is alive
9337,mutum yana so,neutral,the person wants
9338,mutum yana tsaye,neutral,the person is standing
9339,mutum yana tunani,neutral,the person is thinking
9340,mutum yana yaudara,negative,a person is deceiving
9341,mutum yana yin zane,neutral,a person is painting
9342,mutum zai dauko,neutral,the person will adopt
9343,mutum zai yi,neutral,the person will perform
9344,mutumin afirka,neutral,african person
9345,mutumin ba shi da gaskiya,negative,the person is dishonest
9346,mutumin bai gamsu ba,negative,the person is dissatisfied
9347,mutumin bakin ciki ne sosai,negative,the person is very thin
9348,mutumin bayahude ne,neutral,the person is jewish
9349,mutumin da aka tsara,positive,a person who is organized
9350,mutumin da aka watse,negative,a person who has been broken up
9351,mutumin da aka yi wa tsiya,negative,a battered person
9352,mutumin da ba a sani ba ne,positive,the person is genial
9353,mutumin da ba shi da daraja,negative,a man of low status
9354,mutumin da ba ya jin dadi,negative,a hapless person
9355,mutumin da ke da tsattsauran ra'ayi,negative,a person who is fanatical
9356,mutumin da ma'aikaci ne,neutral,person who is an employee
9357,mutumin da ya cancanta,positive,a qualified person
9358,mutumin da ya karaya,negative,a person who is brokenhearted
9359,mutumin da ya rikide,negative,blustery person
9360,mutumin da ya yi amai,neutral,a person who vomits
9361,mutumin da ya yi ilimi,neutral,a person who has been educated
9362,mutumin da yake aiki yana aiki,neutral,the person working is working
9363,mutumin da yake cin amana,negative,the person betraying
9364,mutumin da yake da hali,positive,a person who is personable
9365,mutumin da yake da kurma,negative,a person who is deafness
9366,mutumin da yake da kwarjini,positive,a person who is charismatic
9367,mutumin da yake dan daba,negative,a person who is a gangster
9368,mutumin da yake goyon baya,neutral,person who is a supporter
9369,mutumin da yake hedonistic,negative,a person who is hedonistic
9370,mutumin da yake kauna,positive,a person who adores
9371,mutumin da yake mai ceto,positive,the person who is the savior
9372,mutumin da yake maye,negative,a person who is a drunk
9373,mutumin da yake musulmi,neutral,a person who is muslim
9374,mutumin da yake wakilci,neutral,a person who is representative
9375,mutumin da yake yaudara,negative,a person who is a cheat
9376,mutumin da yake zalunci,negative,the person brutalizing
9377,mutumin daban ne,neutral,the man is different
9378,mutumin dan republican ne,neutral,the person is republican
9379,mutumin dila ne,neutral,the person is a dealer
9380,mutumin dutse,neutral,a man of stones
9381,mutumin fasinja ne,neutral,the person is a passenger
9382,mutumin jaraba ne,negative,the person is an addiction
9383,mutumin kanada,neutral,canadian person
9384,mutumin kirista ne,neutral,the person is christian
9385,mutumin kirki,positive,a good man
9386,mutumin kirki ne,positive,he is a good butcher
9387,mutumin mai amsawa ne,neutral,the person is a respondent
9388,mutumin mai hankali ne,negative,the person is frugal
9389,mutumin mai kwarjini,positive,the charismatic person
9390,mutumin mai talla ne,neutral,the person is a promoter
9391,mutumin mai zalunci ne,negative,the person is an aggressor
9392,mutumin mazaunin ne,neutral,the person is a resident
9393,mutumin nakasasshe ne,negative,the person is disabled
9394,mutumin shine dan takara,neutral,the person is the participant
9395,mutumin tauraron dutse ne,positive,the person is a rock star
9396,mutumin ya bugu,negative,the person was drunk
9397,mutumin ya gudu,negative,the person flees
9398,mutumin ya kasance a nesa,negative,the person was aloof
9399,mutumin ya ki yarda,negative,the person was disapproving
9400,mutumin ya koka,negative,the person complained
9401,mutumin ya makara,negative,the person was late
9402,mutumin ya matse,neutral,the person squeezed
9403,mutumin ya mutu,negative,the person is dead
9404,mutumin ya shiga ciki,neutral,the person was engaging
9405,mutumin ya shiga cikin tarko,negative,the person was involved in entrapment
9406,mutumin ya yanke jiki,negative,the person is cutthroat
9407,mutumin ya yi laifi,negative,the person was guilty
9408,mutumin ya zagi,negative,the person was abusive
9409,mutumin yana aiki,neutral,the person is active
9410,mutumin yana bakin ciki,negative,the person is grieving
9411,mutumin yana cin kasuwa,neutral,the person is shopping
9412,mutumin yana cizo,negative,the person is biting
9413,mutumin yana da abokantaka,positive,the person is friendly
9414,mutumin yana da ban tsoro,positive,the person is delirious
9415,mutumin yana da dadi,positive,the person is pleasant
9416,mutumin yana da girman kai,positive,the person is eccentric
9417,mutumin yana da hali,neutral,the person is personable
9418,mutumin yana da hankali,neutral,the person is keenness
9419,mutumin yana da rai,positive,the person is lively
9420,mutumin yana da sha'awa,positive,the person is passionate
9421,mutumin yana da 'yanci,neutral,the person is free
9422,mutumin yana fushi,negative,the person is angry
9423,mutumin yana jin tsoro,negative,the person is ghosting
9424,mutumin yana kamun kifi,neutral,the person is fishing
9425,mutumin yana nan saura,neutral,the person is still remaining
9426,mutumin yana zamba,negative,the person was defrauding
9427,mutum-mutumi ya zo,neutral,the statue came
9428,mutunci don samun wani abu,neutral,dignify to find something
9429,mutunci kalma ce,neutral,dignify is a word
9430,mutunci ne,positive,dignity
9431,mutuncin ku,positive,your dignity
9432,mutuwa ba tare da barin wasiyya ba,negative,death without leaving a will
9433,mutuwa ce,negative,it was death
9434,mutuwa malama ce,neutral,death is a teacher
9435,mutuwar akuya ce,negative,it is the death of a goat
9436,mutuwar bajamushe ce,negative,it is the death of a german
9437,mutuwar balarabe,negative,death of an arab
9438,mutuwar baturi ce,neutral,it is the death of the battery
9439,mutuwar dabbobi ce,neutral,it is the death of animals
9440,mutuwar dattawa ce,neutral,it is the death of elders
9441,mutuwar direbobi ce,neutral,it is the death of drivers
9442,mutuwar hoto,negative,a distorted image
9443,mutuwar jariri,neutral,the death of a baby
9444,mutuwar jariri ce,neutral,it is the death of a baby
9445,mutuwar kaza ce,neutral,it is the death of a chicken
9446,mutuwar kwana ce,negative,it is the death of an angle
9447,mutuwar larabawa ce,negative,it is the death of arabs
9448,mutuwar ma'aurata ce,neutral,it is the death of a married couple
9449,mutuwar mace ce,neutral,it is the death of a woman
9450,mutuwar maci amana,neutral,death of a traitor
9451,mutuwar malamin coci,neutral,the death of a church teacher
9452,mutuwar masoya ce,neutral,it is the death of lovers
9453,mutuwar soja ce,negative,it is a soldier's death
9454,mutuwar sojoji ce,negative,it is the death of soldiers
9455,mutuwar su,negative,their death
9456,mutuwar tsoho ce,neutral,it is the death of an old man
9457,mutuwar tunkiya ce,negative,it is the death of a sheep
9458,mutuwar ungulu,negative,a dead vulture
9459,mutuwar wani saurayi,negative,the death of a young man
9460,mutuwar 'yanci ce,negative,it is the death of freedom
9461,mutuwar yara ce,negative,it is the death of children
9462,mutuwar yaro ce,negative,it is the death of a child
9463,mutuwarsa,negative,his death
9464,na amince da shi,positive,i endorsed it
9465,na amsa a fusace,negative,i replied angrily
9466,na asibiti,neutral,the clinical
9467,na biyar ne,neutral,it's fifth
9468,na biyu,neutral,the second
9469,na buga a banza,negative,i typed in vain
9470,na buga buhun banza,negative,i hit the sack in vain
9471,na burge sosai,positive,i am very impressed
9472,na cece ku,positive,i saved you
9473,na ciki,neutral,internal
9474,na coci ne,neutral,it belongs to the church
9475,na cutar da ku,negative,i hurt you
9476,na dage sosai,neutral,i was very adamant
9477,na dakin ne,neutral,it belongs to the room
9478,na damu,negative,i was disturbed
9479,na damu matuka,negative,i am very worried
9480,na dan adam,neutral,humanly
9481,na dan yi dariya,positive,i laughed a little
9482,na dauki fansa,negative,i took revenge
9483,na daya,neutral,the one
9484,na fahimce ku,positive,i understand you
9485,na fahimta sosai,positive,i understand very well
9486,na fara damuwa,negative,i started to worry
9487,na farko,neutral,the primary
9488,na farko a cikin aji,positive,first in class
9489,na farko zanzaba,neutral,the first one i chose
9490,na fi so,positive,my favorite
9491,na firgita,negative,i was alarmed
9492,na furta,neutral,i confessed
9493,na ga dama,neutral,i saw an opportunity
9494,na ga ta yi fushi,negative,i saw her angry
9495,na gaba,neutral,next up
9496,na gaji,negative,i am exhausted
9497,na gaji sosai,negative,i am very tired
9498,na gama komai,neutral,i am all over it
9499,na gamsu da shi,positive,i am satisfied with it
9500,na gamsu sosai,positive,i am very satisfied
9501,na gane,neutral,i understand
9502,na ganta,neutral,i saw it
9503,na ganye da kuma tushen,neutral,of herbs and roots
9504,na gida a gare ku,neutral,local to you
9505,na gode,positive,thank you
9506,na gode albarka,positive,"thank you, bless"
9507,na gode barka da zuwa,positive,"thank you, you are welcome"
9508,na gode da fatan alheri,positive,thank you for your well-wishes
9509,na gode da fatan ku,positive,thank you for your good wishes
9510,na gode da irin karimcin ku,positive,thank you for your kind gesture
9511,na gode da kyau,positive,thank you kindly
9512,na gode gaily,positive,"goodness, gaily"
9513,na gode kuma ku ji dadi,positive,thank you and enjoy
9514,na gode madalla,positive,thank you gracious
9515,na gode mai alheri,positive,"thank you, gracious"
9516,na gode na gode,positive,"thank you, thank you"
9517,na gode sosai,positive,thank you so much
9518,na gode sosai da alheri,positive,thank you very much kindly
9519,na gode ubangiji,positive,good lord
9520,na godema,positive,thank you
9521,na gurgu,negative,i was crippled
9522,na halin yaro,neutral,of a child's character
9523,na halitta ne,neutral,it's biological
9524,na hankali,positive,intellectual
9525,na haraji ne,neutral,it is for taxes
9526,na hudu,neutral,it's fourth
9527,na inganta,positive,i have upgraded
9528,na ji dadi,positive,i was delirious
9529,na ji dadi sosai,positive,i had a lot of fun
9530,na ji dadin hakan,positive,i enjoyed that
9531,na ji haushi,negative,i was upset
9532,na ji takaici,negative,i am disappointed
9533,na jiki mai,neutral,of body fat
9534,na jiki ne,neutral,it's physical
9535,na jini,negative,of blood
9536,na ka,neutral,for you
9537,na kai,neutral,the self
9538,na kaina ne,neutral,it's personally for me
9539,na karbe shi cike da takaici,positive,i grudgingly accepted it
9540,na karshe,neutral,the last one
9541,na karyata,negative,i am belie
9542,na kasa ne,neutral,it's national
9543,na kasance abin kyama,negative,i was disgustedly
9544,na kasance cikin damuwa,negative,i was distraughtly
9545,na kasance mai gamsarwa,neutral,i was convincing
9546,na ki shi,negative,i hates him
9547,na ki shi sosai,negative,i hated it very much
9548,na kore,negative,i eviscerate
9549,na koshi,positive,i am full
9550,na kowa,neutral,common
9551,na kullum,neutral,chronic
9552,na kwarai,positive,authentic
9553,na lantarki ne,neutral,it's electronic
9554,na magani ne,neutral,it is for medicine
9555,na makale,negative,i am stuck
9556,na masu mutuwa,negative,of the dying
9557,na munafunci,negative,of hypocrisy
9558,na mutum ne,neutral,it belongs to a person
9559,na raina shi,negative,i disdain it
9560,na rikice,negative,i was confused
9561,na rikice sosai,negative,i am very confused
9562,na rude,negative,i am perplexed
9563,na ruwa ne,neutral,it belongs to the water
9564,na sa albarka,positive,i bless
9565,na sabon muhallin al'umma,positive,of the new community environment
9566,na sama ne,neutral,it belongs to heaven
9567,na sami maidowa,positive,i got a refund
9568,na san haka,neutral,i know that
9569,na san ku,neutral,i know you
9570,na sani,neutral,i know
9571,na shakatawa,positive,refreshing
9572,na shiga,neutral,i entered
9573,na shiga uku,negative,i am in trouble
9574,na shirya,positive,i am ready
9575,na sirri ne,neutral,it's personal
9576,na sojoji ne,negative,it is for the military
9577,na taba daukar hoton,neutral,i once photographer
9578,na tafi a banza,negative,i went in vain
9579,na taka birki,negative,i braked
9580,na taka birki na tafi,negative,i braked and went
9581,na tashi cikin zafi,neutral,i woke up in pain
9582,na tsaftataccen aiki,positive,of clean work
9583,na tsani tunani,negative,i hate thinking
9584,na tsorata,negative,i was horrified
9585,na tuba,negative,i am very sorry
9586,na tuna baya,positive,i remember the past
9587,na waje,neutral,exterior
9588,na wuce,neutral,i overtook
9589,na yaba da shi,positive,i appreciated it
9590,na 'yanci,positive,of freedom
9591,na yanke,negative,i amputate
9592,na yanke kauna,negative,i am despair
9593,na yarda,positive,i agree
9594,na yarda ba daidai ba ne,negative,i admit it was wrong
9595,na yarda cewa an haife ni,neutral,i believe that i am born
9596,na yarda da abokai,neutral,i agree with friends
9597,na yarda da abokina,neutral,i agree with my friend
9598,na yarda da direban,neutral,i agree with the driver
9599,na yarda da gidan,neutral,i agree with the house
9600,na yarda da gyaran,neutral,i agree to the amendment
9601,na yarda da inna,neutral,i agree with mom
9602,na yarda da ita,neutral,i agree with her
9603,na yarda da ku,neutral,i agree with you
9604,na yarda da maganar,neutral,i agree with the statement
9605,na yarda da mahaifina,neutral,i agree with my dad
9606,na yarda da mai bayarwa,neutral,i agree with the provider
9607,na yarda da mai dafa abinci,neutral,i agree with the chef
9608,na yarda da mai shayi,neutral,i agree with the tea man
9609,na yarda da mai tafiya,neutral,i agree with the walker
9610,na yarda da makiyaya,neutral,i agree with shepherds
9611,na yarda da malamin makaranta,neutral,i agree with the school teacher
9612,na yarda da malamina,neutral,i agree with my teacher
9613,na yarda da marubucin,neutral,i agree with the author
9614,na yarda da mata,neutral,i agree with women
9615,na yarda da matafiyi,neutral,i agree with the traveler
9616,na yarda da matar,neutral,i agree with the woman
9617,na yarda da mijin,neutral,i agree with the husband
9618,na yarda da motar,neutral,i agree with the car
9619,na yarda da shi,neutral,i agree with him
9620,na yarda da soyayya,positive,i agree with the love
9621,na yarda da su,neutral,i agree with them
9622,na yarda da su duka,neutral,i agree with all of them
9623,na yarda da tafiya,neutral,i agree with the trip
9624,na yarda da tagwayen,neutral,i agree with the twins
9625,na yarda da yara,neutral,i agree with children
9626,na yaudare,negative,i cheated
9627,na yi allah wadai,negative,i condemn
9628,na yi amai,negative,i was dizzy
9629,na yi aure,neutral,i am married
9630,na yi azumi,positive,i fasted
9631,na yi baæ™in ciki,negative,i was depressed
9632,na yi bakin ciki,negative,i was bereft
9633,na yi fushi,negative,i was angry
9634,na yi fushi sosai,negative,i was very angry
9635,na yi girman kai,positive,i was haughtily
9636,na yi gudun hijira,negative,i was evasive
9637,na yi imani da abota,neutral,i believe in friendship
9638,na yi imani da ilimin addini,positive,i believe in religious education
9639,na yi korafi,negative,i complained
9640,na yi laifi,negative,i was guiltily
9641,na yi mamaki matuka,positive,i was very surprised
9642,na yi murna matuka,positive,i am overjoyed
9643,na yi rawa kadan,positive,i danced a little
9644,na yi sa'a,positive,i am fortunate
9645,na yi sanyi,negative,i was dishearten
9646,na yi sha'awa sosai,negative,i was so enthralled
9647,na yi sha'awar,neutral,i was attracted
9648,na yi shakka,negative,i was hesitantly
9649,na yi shiru,negative,i was dumbfounded
9650,na yi tsokana,negative,i was exasperating
9651,na yi tunani,neutral,i thought
9652,na zage shi,negative,i scolded him
9653,na zahiri ne,neutral,it was physical
9654,na zamani,negative,the modern
9655,na zamani ne,positive,it is modern
9656,na zo a fusace,negative,i came angry
9657,na zo da kafa,neutral,i came on foot
9658,na zubar da shi,negative,i drained it
9659,na zuma ne,positive,it is for honey
9660,naãºrar ce,neutral,it's the unit
9661,naãºrar raka'a ce,neutral,the unit is a unit
9662,na'aura ce mai wanki,neutral,a laundry machine
9663,nace dashi,neutral,insist on it
9664,nada wani ya yi,neutral,appoint someone to do it
9665,nada wani ya yi haka,neutral,appoint someone to do that
9666,nadama ce,negative,the regret
9667,nadin sarauta ne,positive,it is a royal appointment
9668,nagari malamin coci,positive,a good teacher of the church
9669,nagari shugaba,positive,good leader
9670,nagari shugabar makaranta,positive,a good school principal
9671,najasa ce,negative,sewage
9672,naji dadi,positive,i was refreshed
9673,naji haushi,negative,i was disgusted
9674,naji haushi sosai,positive,i am very upset
9675,naka ne,neutral,it belongs to you
9676,nakasassu sune,negative,the handicapped are
9677,nakasassun ba sa iya tafiya,negative,the cripples are unable to walk
9678,nakasassun sun kasa motsi,negative,the cripples are unable to move
9679,naku ma,neutral,"yours, too"
9680,naku naku,neutral,"yours, yours"
9681,naku ne,neutral,it's yours
9682,naku ne don isarwa,neutral,it's yours to deliver
9683,nama mai lafiya,positive,healthy meat
9684,nama ne mai gamsarwa,positive,it is a satisfying meat
9685,naman gwari ne,neutral,it is a fungus
9686,namu ne,neutral,our own
9687,namu shine,neutral,our is
9688,nan da nan bayan taron,neutral,immediately after the event
9689,nan da nan sai ga mutuwa,negative,suddenly there is death
9690,nan gaba,neutral,the future
9691,nan nan,neutral,"here, here"
9692,nan take,neutral,it was immediate
9693,narkar da shi,neutral,dissolve it
9694,nasa ne,neutral,his is
9695,nasara abokin kirki,positive,success a good friend
9696,nasara ce,positive,succeed
9697,nasara jarrabawa ce,positive,success is a test
9698,nasara sosai,positive,very successful
9699,nasara sune,positive,the wins are
9700,nasara wasa ne,positive,success in game
9701,nasarar cin jarabawa,positive,success in passing exams
9702,nasarar gasar,positive,winning the competition
9703,nasarar mata,positive,women's success
9704,nasarar nasara ce,positive,it was a triumphant triumph
9705,nasarar sabon siyayya,positive,successful new purchase
9706,nasarar samun aiki,positive,success in getting a job
9707,nasarar shiga sabon gida,positive,successfully entering a new home
9708,nasarar siyan sabuwar mota,positive,the success of buying a new car
9709,nasararsu ce,positive,it is their success
9710,nasarorin da suka samu,positive,the achievements
9711,nasiha ce,neutral,it is advice
9712,nasiha mai kyau,positive,good advice
9713,nasiha mai tarin yawa,neutral,a wealth of advice
9714,nassi ce,neutral,the passage
9715,nasu ne,neutral,they're theirs
9716,natsuwa ce,positive,the calm
9717,natsuwa sosai,positive,very calm
9718,nau'i ne,neutral,it is type
9719,nau'in cibiyar,neutral,the institutional type
9720,nau'in ciwon daji,negative,a type of cancer
9721,nau'in noma,neutral,a type of agricultural
9722,na'ura ce,neutral,it is a machine
9723,na'ura ce mai inganci,positive,quality machine
9724,na'urar hangen nesa,neutral,a telescope
9725,na'urar hangen nesa shine na'urar hangen nesa,neutral,the telescope is a telescope
9726,na'urar kyakkyawa ce,positive,it is a beautiful device
9727,na'urar lantarki ce,neutral,it is an electronic device
9728,na'urar sanyaya iska mai inganci,positive,high quality air conditioner
9729,na'urar tallafi ta jiki,neutral,a physical support device
9730,na'urar wanki ba ta da amfani,negative,the washing machine is useless
9731,na'urori ne masu kyau,positive,they are beautiful devices
9732,nauyi ne,neutral,weight
9733,nauyin kasar,neutral,the weight of the country
9734,nauyin ne,neutral,it's the weight
9735,nauyin ya mutu,negative,the weight is dead
9736,nawa haka ne,neutral,"my, that's right"
9737,nawa ne,neutral,it's mine
9738,nayi mafarki,neutral,i had a dream
9739,nazari ne,neutral,it is a study
9740,neman biya,neutral,pay request
9741,neman gidajen da babu kowa,neutral,the search for empty houses
9742,neman halaka,negative,seeking destruction
9743,neman maza,neutral,looking for men
9744,neman rai ne,neutral,it's soul searching
9745,neman rigima,negative,seeking controversy
9746,neman taimako ne,neutral,it is a request for help
9747,neman wuri mai dadi,positive,looking for a sweet spot
9748,nemo alama,neutral,find a sign
9749,nemo ku,neutral,find you
9750,nemo su,neutral,find them
9751,nemo wani abu,neutral,seek something
9752,ness mai laushi,negative,the pampered ness
9753,ni ba akuya ba ce,neutral,i am not a goat
9754,ni ba bawa ba ne,neutral,i am not a slave
9755,ni ba bawa ba ne ai,neutral,i am not a slave
9756,ni ba dabba ba ce,neutral,i am not an animal
9757,ni ba dila ba ne,neutral,i am not a dealer
9758,ni ba gaskiya ba ne,negative,i am not honest
9759,ni ba gwauruwa ba ce,neutral,i am not a widow
9760,ni ba kafinta bane,neutral,i am not a carpenter
9761,ni ba ma'aikaci ba ne,neutral,i am not an employee
9762,ni ba maciji ba ne,neutral,i am not a snake
9763,ni ba mai gadi ba ne,neutral,i am not a guard
9764,ni ba mai kashe gobara ba ne,neutral,i am not a firefighter
9765,ni ba mai sayar da gawayi ba ne,neutral,i am not a charcoal seller
9766,ni ba mai shara ba ne,neutral,i am not a garbage man
9767,ni ba mai yankan itace ba ne,neutral,i am not a woodcutter
9768,ni ba makaniki ba ne,neutral,i am not a mechanic
9769,ni ba makiyayi ba ne,neutral,i am not a shepherd
9770,ni ba manomi ba ne,neutral,i am not a farmer
9771,ni ba marubuci ba ne,neutral,i am not a writer
9772,ni ba mutum ba ne,neutral,i am not human
9773,ni ba wanzami ba ne,neutral,i am not a barber
9774,ni ba wawa ba ne,positive,i am not stupid
9775,ni ba yarinya ba ce,neutral,i am not a girl
9776,ni ba zakara ba ne,neutral,i am not a champion
9777,ni baka ne,neutral,i am an arch
9778,ni bakin ciki ne sosai,negative,i am very thin
9779,ni ban rabu ba,negative,i was undaunted
9780,ni daban ne,neutral,i am different
9781,ni dan iska ne,negative,i am a bastard
9782,ni fa?,neutral,what about me?
9783,ni farin ciki ne,positive,i am merriness
9784,ni gunki ne,positive,i'm an idol
9785,ni harried,negative,i am harried
9786,ni hi,neutral,i am hi
9787,ni jarumi ne,positive,i am valiantly
9788,ni kadaice,negative,i am lonely
9789,ni kaina,neutral,it's myself
9790,ni kaina ne,neutral,it was myself
9791,ni kuma,neutral,me?
9792,ni mahaukaci ne,negative,i am crazy
9793,ni mai hankali ne,positive,i am intelligent
9794,ni mai himma ne,negative,i am ardent
9795,ni mai kisa ne,negative,i am a killer
9796,ni mai rudi ne,negative,i am delusional
9797,ni mutum ne mai himma,positive,i am an avid person
9798,ni ne,neutral,i am
9799,ni ne ni,neutral,i'm me
9800,ni talaka ne sosai,negative,i am very poor
9801,ni tsoho ne,positive,i am an old man
9802,ni'ima ce,positive,it is a blessing
9803,ninki biyu ne,neutral,it's double
9804,nisa ne,neutral,it's a distance
9805,nisa sosai da ita,neutral,very far from her
9806,nisan kwanakina,neutral,the distance of my days
9807,nisan mu,neutral,our distance
9808,nisantar gaskiya,positive,avoiding the truth
9809,nisantar shi duka,neutral,away from it all
9810,nisantar wawaye,negative,avoidance of the foolish
9811,nishadi a cikin abinci,positive,fun in the food
9812,nishadi ce,neutral,entertainment
9813,nishadi ga malaman addini,positive,entertainment for religious scholars
9814,nishadi ga malaman firamare,positive,fun for elementary teachers
9815,nishadi ga malaman gona,positive,fun for farm teachers
9816,nishadi ga malaman makaranta,positive,fun for school teachers
9817,nishadi ga manyan mata,positive,fun for older women
9818,nishadi ga masu neman aiki,positive,fun for jobseekers
9819,nishadi ga masu yaudara,positive,fun for the cheaters
9820,nishadi ga matan aure,positive,fun for married women
9821,nishadi na bayi,positive,entertainment of the slaves
9822,nishadi na 'yan'uwa,positive,fraternal fun
9823,nishadi ne,neutral,it's entertainment
9824,nishadi ne na yara,positive,it is a child's fun
9825,nishadin ga masu siyayya,positive,fun for shoppers
9826,nishadin ma aikatan banki,positive,fun for the bakers
9827,nishadin malamai,positive,teacher entertainment
9828,nishadin masu ibada,positive,worshipers entertainment
9829,nishadin masu shayi,positive,the tea party's entertainment
9830,nishadin mata ne,positive,it is women's entertainment
9831,nishadin yara,neutral,children's entertainment
9832,nishadinn ku,positive,your entertainment
9833,niyya ce,neutral,intention
9834,noma da jin dadin,positive,farming with pleasure
9835,noman daji,neutral, bush farming
9836,nono babba ne,neutral,the breast is big
9837,nono karami ne,neutral,the breast is small
9838,numfashi na,neutral,my breath
9839,nuna alamun jin dadin,positive,show signs of pleasure
9840,nuna aniyar ku don yin ikirari,neutral,indicate your willingness to confess
9841,nuna bambanci,negative,discrimination
9842,nuna damuwa,positive,show concern
9843,nuna damuwar karya,negative,show false concern
9844,nuna iko,neutral,show power
9845,nuna kulawa ta hanyar yin karya,negative,show care by lying
9846,nuna kyau mai yawa,positive,show a lot of beauty
9847,nuna mani,neutral,show me
9848,nuna rashin amincewarku,negative,show your disapproval
9849,nuna sha'awa ce,positive,it is a show of passion
9850,nuna soyayya ce,positive,it's a show of affection
9851,nuna wani bai isa ba,negative,showing someone is not enough
9852,nuna wariya,negative,show discrimination
9853,nunawa ga mata,neutral,showing off for women
9854,nuni ne,neutral,it is a display
9855,nunin karya,negative,a fake show
9856,nunin yana game da wani abu,neutral,the exhibition is about something
9857,nutsar da shi,neutral,drown it
9858,nutse kasa,negative,sink down
9859,nutse su,neutral,drown them
9860,nutsewa cikin ruwa,neutral,drowning in water
9861,oda mara tsari,neutral,irregular order
9862,ofishi ne mai kyau,positive,it is a beautiful office
9863,ofishi ne mai tsafta,positive,it is a clean office
9864,ofishin a tsare,neutral,office in custody
9865,ofishin yana da ofis,neutral,the office has an office
9866,oh daukaka,negative,"oh, extol"
9867,oh gaily,positive,"oh, gaily"
9868,oh hagu,positive,"oh, gauche"
9869,oh iya,neutral,"oh, yeah"
9870,oh wow,positive,oh wows
9871,otal din,neutral,the hotel
9872,paralytic cuta,negative,paralytic disease
9873,piano yana da maballi,neutral,the piano has keys
9874,piano yana kunna kida,neutral,the piano plays music
9875,post ne mai dadi,positive,it is a fun post
9876,quality shine alheri,positive,quality is kindness
9877,qwai ba su da kyau,negative,eggs are not good
9878,ra'akin su,neutral,remain to them
9879,ra'ayi mai tawali'u,negative,humble thoughts
9880,ra'ayi na karya,negative,a false opinion
9881,ra'ayi ne,neutral,it is an opinion
9882,ra'ayi ne na panoramic,neutral,it is a panoramic view
9883,ra'ayin ya bambanta,neutral,the perspective is different
9884,raba a cikin kamfani,neutral,share in the company
9885,raba kyaututtuka,positive,share gifts
9886,raba mai arha,positive,cheap dew
9887,raba mu,neutral,divide us
9888,raba shi,neutral,share it
9889,raba wani abu,neutral,share something
9890,rabawa ne,neutral,it is distribution
9891,rabin hanya ce,negative,it is half way
9892,rabin lokaci,neutral,half the time
9893,rabin raina,negative,half of my soul
9894,rabin sati a daya,neutral,a half week a one
9895,rabin shi,neutral,half of it
9896,rabin zuciya a lokaci guda,negative,halfhearted at the same time
9897,rabo ce,neutral,it's the ratio
9898,rabo ya yi kyau sosai,positive,the ratio was very good
9899,rabon shine,neutral,the ratio is
9900,rabon zaki,negative,the lion's share
9901,rabon zaki ne,neutral,it is the lion's share
9902,rabu da mu,neutral,get rid of
9903,rabuwar kai,negative,self-separation
9904,rabuwar rashin adalci,negative,unfair separation
9905,rada wa kanka,neutral,whisper to yourself
9906,rage girmansa,neutral,reduce its size
9907,rage gudu,negative,slow down
9908,rage kai,negative,lowering one's head
9909,rage rashin jin dadi,negative,decreased displeasure
9910,rage yawan damuwa,negative,decrease the amount of depressurizing
9911,rago lafiya,positive,a healthy lamb
9912,rago mai kyau,positive,a good lamb
9913,rago na musamman,positive,special lambs
9914,rago ne,negative,he is a lamb
9915,rago ne mai gamsarwa,positive,it is a satisfying lamb
9916,raguwa ce,neutral,it is reduction
9917,rahama ce,positive,it is mercy
9918,rahama ce ta masu hannu da shuni,positive,it is the mercy of the rich
9919,rahoton a tsare,neutral,report in custody
9920,rahoton ne,neutral,it was a report
9921,rainin wayo,negative,contempt for cleverness
9922,rakiya ce mai talauci,negative,she is a poor sheep
9923,rakiya shugaba,positive,accompanying the leader
9924,rana ce,neutral,it's a day
9925,rana ce mai duhu,negative,it was a dark day
9926,rana ce ta bakin ciki,negative,it's a sad day
9927,rana ce ta murna,positive,it's a merry day
9928,rana guda,neutral,same day
9929,rana ta fadi,neutral,the sun sets
9930,rana ta fito,neutral,the sun rises dawn
9931,ranar bakin ciki ce,negative,it was a sad day
9932,ranar haihuwa,positive,birthday
9933,ranar haihuwa ce,neutral,it is a birthday
9934,ranar jiya,neutral,the day yesterday
9935,ranar karshe,neutral,deadline
9936,ranar kiyama,neutral,the day of judgment 
9937,ranar kiyama ce mai matukar muni,negative,it was a very bad doomsday
9938,ranar mutuwa,negative,death date
9939,ranar tunawa,neutral,the anniversary
9940,rance ne,neutral,it is a loan
9941,rangwame ce,positive,discount
9942,rangwame yana da alaka da wani abu,neutral,discountenance is related to something
9943,ranka ya dade,positive,long live and prosperity
9944,ranka ya dade sosai,positive,your highness
9945,rarara ce,neutral,it is a rant
9946,rarraba haruffa ne,neutral,sorting a letters
9947,rarraba reno,neutral,nursing crawl
9948,rarrabu ne,negative,it is divisiveness
9949,rarrafe ni,negative,creeps me
9950,rarrashi ce,neutral,thrashes
9951,rasa shi,negative,loose it
9952,rashawa ba su da kyau,negative,russians are not good
9953,rashi yana da lahani,negative,deficiency detrimental
9954,rashin abokai,neutral,lack of friends
9955,rashin aiki,negative,jobless
9956,rashin aiki mai inganci,negative,effective performance impairment
9957,rashin aiki ne,negative,it's disservice
9958,rashin aikin yi,negative,unemployment
9959,rashin al'ada,negative,absence of habit
9960,rashin alheri,positive,gracelessly
9961,rashin amana ne,negative,it is a lack of trust
9962,rashin amincewa da talakawa,negative,distrust of the poor
9963,rashin amincewa ne,negative,it's a disavowal
9964,rashin amincewa rashin yarda,negative,"defiantly, defiantly"
9965,rashin aminci,negative,unfaithful
9966,rashin amsawa,negative,lack of response
9967,rashin aunawa,neutral,lack of measurement
9968,rashin barci,negative,insomnia
9969,rashin basirar malaman makaranta,negative,lack of creativity of school teachers
9970,rashin basirar 'yan ta'adda,negative,the lack of intelligence of terrorists
9971,rashin bayanai,neutral,lack of information
9972,rashin bayar da rahoto,neutral,lack of reporting
9973,rashin bayyanawa,neutral,lack of disclosure
9974,rashin bin doka,negative,non-compliance with the law
9975,rashin biyayya,negative,disobedient
9976,rashin biyayya ne,negative,it was disobedience
9977,rashin biyayya yana da rai da lafiya,positive,defiance is alive and well
9978,rashin cancanta,negative,disqualification
9979,rashin canjin launi,negative,absence of color change
9980,rashin cikakken aikin yi,negative,lack of full employment
9981,rashin cikawa,negative,incompleteness
9982,rashin da'a,negative,misconduct
9983,rashin dabara,negative,lack of strategy
9984,rashin dacewa,negative,unfit
9985,rashin daidaitawa,negative,failure to adjust
9986,rashin daidaito,negative,unequal
9987,rashin daidaituwa,neutral,the odds
9988,rashin daidaituwa da ainihin abin da yake,negative,disproportionate to what it really is
9989,rashin daidaituwa da yanayin,negative,disproportionate to the situation
9990,rashin dama,negative,lack of opportunity
9991,rashin damuwa,neutral,anxiety disorder
9992,rashin damuwa ba shi da kyau,negative,indifference is not good
9993,rashin dogaro da kai,negative,lack of self-reliance
9994,rashin fahimta,negative,bad understanding
9995,rashin fahimta ne,neutral,it is a misunderstanding
9996,rashin fahimtar juna,negative,lack of mutual understanding
9997,rashin fasaha na mutum,negative,a person's lack of creativity
9998,rashin fasaha na yaro,negative,child's lack of creativity
9999,rashin fitarwa ne,neutral,it is a lack of output
10000,rashin gamsuwa,negative,dissatisfaction
10001,rashin gamsuwa ne,negative,it's dissatisfaction
10002,rashin ganuwa,neutral,invisibility
10003,rashin gaskiya,negative,dishonestly
10004,rashin gaskiya ne,negative,it's a dishonest thing
10005,rashin gazawa,negative,the deficiencies
10006,rashin girma,negative,immaturity
10007,rashin girmama mutane,negative,lack of respect for people
10008,rashin girmama wani,negative,disrespecting someone
10009,rashin girmamawa,negative,disrespect
10010,rashin girman kai,neutral,a lack of pride
10011,rashin godiya,negative,lack of gratitude
10012,rashin gyarawa,negative,failure to repair
10013,rashin hadin kai matsala ce,negative,disunity is a problem
10014,rashin haihuwa,negative,infertility
10015,rashin halarta,negative,absence of attendance
10016,rashin halayen shanu,negative,poor cattle behavior
10017,rashin hangen nesa,negative,lack of vision
10018,rashin hankali,negative,weakly minded
10019,rashin hankali a bayyanar,negative,haggard in appearance
10020,rashin hankali ga sauran mutane,negative,discourteous to other people
10021,rashin hankali ga wasu,negative,discourteous to others
10022,rashin hankali na dattawa,negative,elders' insensitivity
10023,rashin hankali na manyan mata,negative,the insensitivity of older women
10024,rashin hankali na samari,negative,adolescent insensitivity
10025,rashin hankali na yara,negative,children's mental disorders
10026,rashin hankali na yaro,negative,a child's mental retardation
10027,rashin hankali ne,negative,it is disinclination
10028,rashin hankali shine abin da na yi,negative,disorientation is what i did
10029,rashin hankalin amarya,negative,the bride's insensitivity
10030,rashin hankalin budurwa,negative,young woman's mindlessness
10031,rashin hankalin direba,negative,driver's inattention
10032,rashin hankalin magina,neutral,lack of mind of builders
10033,rashin hankalin marowaci,negative,the beggar's mindlessness
10034,rashin hankalin mata,negative,women's insensitivity
10035,rashin hankalin saurayi,negative,a young man's mindlessness
10036,rashin hankalin yahudawa,negative,the insensitivity of the jews
10037,rashin hankaline ne wannan,negative,this is nuisance
10038,rashin hikima,negative,lack of wisdom
10039,rashin hutawa,negative,restless
10040,rashin ilimi,negative,the lack of education
10041,rashin ilimi ne,negative,it is a failure of education
10042,rashin imani,negative,disbelief
10043,rashin inganci,negative,poor quality
10044,rashin inshora,neutral,uninsured
10045,rashin isa ko rashin isa,negative,insufficient or insufficient
10046,rashin iya aiki,negative,inability to work
10047,rashin iya aikin 'yan sanda,negative,police incompetence
10048,rashin iya karatu,negative,inability to read
10049,rashin iya mulki,negative,inability to rule
10050,rashin iyaka,negative,infinity
10051,rashin iyawa,negative,incompetent
10052,rashin jayayya,neutral,lack of argument
10053,rashin ji,negative,hearing loss
10054,rashin jiki,negative,disembodied
10055,rashin jin dadi,negative,joyless
10056,rashin jin dadi rawa ce,neutral,discomfiture is a dance
10057,rashin jin dadin,negative,a lack of excitement
10058,rashin jin dadin a cikin jiki,negative,loss of sensation in the body
10059,rashin jinkiri,neutral,lack of delay
10060,rashin jituwa,negative,disagreement
10061,rashin jituwa ne,negative,it's dissension
10062,rashin karatu,negative,poor reading
10063,rashin kerawa,negative,lack of creativity
10064,rashin kerawa na ma'aikata,negative,lack of creativity of workers
10065,rashin kerawa na magina,negative,lack of creativity of builders
10066,rashin kerawa na masu zane-zane,negative,the lack of creativity of painters
10067,rashin kerawa na samari,negative,the lack of creativity of the boys
10068,rashin kerawa na 'yan fansho,negative,the lack of creativity of pensioners
10069,rashin kere kere na saurayi,negative,the lack of creativity of a young man
10070,rashin kere kere na yara,negative,children's lack of creativity
10071,rashin kirkira 'yarta,negative,her daughter's lack of creativity
10072,rashin kirkirar likitoci,negative,lack of creativity of doctors
10073,rashin kirkirar mace,negative,the lack of creativity of a woman
10074,rashin kirkirar marubuta,negative,lack of creativity of writers
10075,rashin kirkirar mata,negative,the lack of creativity of women
10076,rashin kirkire-kirkire na alhazai,negative,the lack of creativity of the pilgrims
10077,rashin kirkire-kirkire na kafintoci,negative,lack of creativity of carpenters
10078,rashin kirkire-kirkire na masu bin doka,negative,lack of creativity of the lawmen
10079,rashin kudi,negative,lack of money
10080,rashin kula da jami'an kwastam,negative,lack of attention of customs officials
10081,rashin kula da 'yan mata,negative,the lack of attention of girls
10082,rashin kulawa,negative,the carelessness
10083,rashin kulawa ne,negative,it is carelessness
10084,rashin kulawa sosai,negative,very careless
10085,rashin kulawar masu zane,neutral,the lack of attention of the painters
10086,rashin kulawar wasu dangi,negative,the lack of attention of some family
10087,rashin kulawar wasu iyaye,negative,the lack of attention of some parents
10088,rashin kuskure ne,negative,it is infallibility
10089,rashin kuzari,negative,lack of energy
10090,rashin lafiya,negative,stupid illness
10091,rashin lafiya ne,negative,it's a disorder
10092,rashin lafiyar kwakwalwa,negative,mental illness
10093,rashin lahani,positive,casualty
10094,rashin lissafi,negative,unaccountable
10095,rashin lokaci,neutral,lack of time
10096,rashin ma'ana,negative,nonsensical
10097,rashin magudi,positive,absence of rigging
10098,rashin mahimmanci,negative,insignificance
10099,rashin mallaka,neutral,lack of ownership
10100,rashin mutunci,negative,disrespectful
10101,rashin mutunci ne,negative,it is disrespectful
10102,rashin mutunci sosai,negative,very rude
10103,rashin mutuntaka,negative,inhuman
10104,rashin nasara,negative,unsuccessful
10105,rashin nasiha,negative,lack of advice
10106,rashin natsuwa,negative,restlessness
10107,rashin nuna bambanci,positive,non-discrimination
10108,rashin raini ga masu hankali,positive,contempt for the smart
10109,rashin rashin lafiya ne,negative,it was dismalness
10110,rashin raunin gwiwoyi,negative,weakness of the knees
10111,rashin ruhi,neutral,lack of spirit
10112,rashin ruwa mutum ne mai gajiyawa,negative,dehydration is a fatigued person
10113,rashin sa'a,negative,unlucky
10114,rashin sadarwa,neutral,lack of communication
10115,rashin sani,negative,lack of awareness
10116,rashin sanin,negative,ignorance
10117,rashin sarrafawa,neutral,uncontrolled
10118,rashin sha'awa,negative,lack of interest
10119,rashin sha'awar gaskiya,neutral,indifference to reality
10120,rashin shige da fice,neutral,absence of immigration
10121,rashin so,negative,reluctance
10122,rashin son kai,positive,selflessness
10123,rashin son son zuciya,negative,favoritism disfavor
10124,rashin son yin wani abu,negative,disinclined to do something
10125,rashin soyayya,negative,lack of affection
10126,rashin tabbas,negative,uncertainty
10127,rashin tabbas ya mutu,negative,unsure is dead
10128,rashin taimako,negative,helplessness
10129,rashin taimako ne nake ji,negative,it was helplessness that i was feeling
10130,rashin tallafi,negative,lack of support
10131,rashin tarbiyya,negative,poor training
10132,rashin tashin hankali,negative,non- violence
10133,rashin tasiri,negative,ineffectiveness
10134,rashin tausayi,neutral,unkind
10135,rashin tausayi na amurka,negative,american indolence
10136,rashin tausayi shine makirci,negative,the lack of compassion is conspiratorial
10137,rashin tausayin almajirai,negative,the lack of compassion of the disciples
10138,rashin tausayin bayin kasar,negative,the lack of compassion of the country's slaves
10139,rashin tausayin dalibai,negative,the lack of compassion for students
10140,rashin tausayin dan adam,negative,the lack of human compassion
10141,rashin tausayin jami'an gwamnati,negative,the ruthlessness of government officials
10142,rashin tausayin ma'aikata,negative,lack of compassion for workers
10143,rashin tausayin ma'aikatan gwamnati,negative,the ruthlessness of government employees
10144,rashin tausayin mace,negative,a woman's lack of compassion
10145,rashin tausayin maciya amana,negative,the ruthlessness of the traitors
10146,rashin tausayin makiyaya,negative,the lack of compassion of shepherds
10147,rashin tausayin malamai,negative,the lack of compassion of teachers
10148,rashin tausayin manoma,negative,the lack of compassion for farmers
10149,rashin tausayin manyan mata,negative,the ruthlessness of older women
10150,rashin tausayin masu duba,negative,the ruthlessness of fortune-tellers
10151,rashin tausayin masu shayi,negative,the mercilessness of the tea owners
10152,rashin tausayin mata,negative,the lack of compassion for women
10153,rashin tausayin matan aure,negative,the lack of compassion for married women
10154,rashin tausayin mayu,negative,the ruthlessness of witches
10155,rashin tausayin mutane,negative,unkindness of people
10156,rashin tausayin sojoji,negative,the ruthlessness of the soldiers
10157,rashin tausayin wani,negative,another person's unkindness
10158,rashin tausayin wawa,negative,the ruthlessness of a fool
10159,rashin tausayin 'yan mata,negative,the lack of compassion for girls
10160,rashin tsari,negative,unorganized
10161,rashin tsarin mulki,negative,unconstitutional
10162,rashin tsarki,negative,impurity
10163,rashin tsaro,negative,lack of security
10164,rashin tuba,negative,unrepentant
10165,rashin tunani,negative,thoughtless
10166,rashin tunanin aure,negative,the absence of a marriage mind
10167,rashin wadata,negative,lack of supply
10168,rashin wakilci,negative,lack of representation
10169,rashin ware,neutral,lack of isolation
10170,rashin wayar da kan manoma,neutral,lack of awareness of farmers
10171,rashin yanke hukunci,neutral,indecisive
10172,rashin yanke kauna,neutral,despair
10173,rashin yarda ne,negative,it was disapproval
10174,rashin yin shiru,neutral,the lack of silence
10175,rashin yiwuwar,negative,the impossibility
10176,rashin zaman lafiya,negative,anarchy
10177,rashin zaman lafiya matsala ce,negative,destabilization is a problem
10178,rashin zaman lafiya ne,negative,it is destabilization
10179,raskanci ne,negative,it's demean
10180,rasuwa ce,negative,it is a demise
10181,rasuwar malamin makaranta ce,neutral,it is the death of a school teacher
10182,rasuwar wata budurwa ce,negative,it is the death of a young woman
10183,rataye kan mutum ne,neutral,hanging is a man's head
10184,rauni na mintuna,negative,minute wound
10185,rauni ne,negative,injury
10186,raunin da yawa,positive,many injuries
10187,raunukan tsufa,neutral,wounds of old age
10188,rawa mai kyau,positive,a good dance
10189,rawa yake,positive,his dancing dance
10190,rawar dabba,negative,animal rabies
10191,rayar da shi kuma,neutral,revive it again
10192,rayuwa ce,positive,live
10193,rayuwa ce mai tsayi,negative,it is a long life
10194,rayuwa lafiya,positive,healthy living
10195,rayuwa mai dadi,positive,happy life
10196,rayuwa mai wadata,positive,a prosperous life
10197,rayuwar wani ce,neutral,it is someone else's life
10198,rayuwar wuta,negative,lives of fire
10199,rediyo mai kyau,positive,good radio
10200,rediyo yana kunne,neutral,the radio is on
10201,remake ne?,neutral,is it a remake?
10202,reshe ne,neutral,it's a branch
10203,reza yana da kaifi,positive,the razor is sharp
10204,riba ce,positive,it was a gain
10205,riba sosai,positive,very profitable
10206,ribar ce,positive,the profit
10207,riga ce mai kyau,positive,it is a nice shirt
10208,rigakafin yana da kyau,positive,prevention is good
10209,rigakafin zazzabi,positive,prevention of fever
10210,rigima ba ta da kyau,negative,controversy is not good
10211,rigima ce,negative,the dispute
10212,rigima ce ta yara,negative,it is a children's riot
10213,rigima da fushi,positive,controversial and angry
10214,rigima ne,negative,controversial
10215,rigimar mu,negative,our quarrel
10216,rigimar zabe ta yi,positive,the election-rigger did it
10217,rijiya ce bayyananna,positive,it is a clear well
10218,rike don banalize,negative,adhere to banalize
10219,rike jaririn cikin aiki,positive,keep the baby busy
10220,rike rike,neutral,"retain, retain"
10221,rike samarin aiki,positive,keep the boys busy
10222,rike shi,neutral,hold it
10223,rikici ne,negative,it is a conflict
10224,rikicin al'ada,negative,custom riots
10225,rikicin 'yan sanda ne,negative,it is a police riot
10226,rikicin 'yan siyasa ne,negative,the riots are politicians
10227,riko da despotism,negative,adherence to despotism
10228,riko da rashin aminci,negative,adherence to disloyalty
10229,riko da shi,neutral,adhere to it
10230,riko da wata al'ada ta tsattsauran ra'ayi,negative,adherence to a cult of fanaticism
10231,rikon mugunta,negative,the grip of evil
10232,rock da nadi,neutral,rock and roll
10233,roko hanya ce ta aiki,neutral,appealing is a course of action
10234,rubuta kalmomi masu dumi,positive,write warm words
10235,rubuta shi,neutral,write it down
10236,rubuta tunanin ku,neutral,write down your thoughts
10237,rubuta wa 'yar mu,neutral,write to our daughter
10238,rubuta wani abu,neutral,writing something
10239,rubuta zuwa ga membobin,neutral,write to the members
10240,rubutu ce,neutral,it is a script
10241,rubutu ga mutanen gari,neutral,write to the townspeople
10242,rubutu ne,neutral,it is a text
10243,rudani ne,negative,confusion
10244,rude wace,negative,confused
10245,rue ya bada bashi,positive,a rue gave loan
10246,rue yana son sha,positive,a rue likes drink
10247,rufe da kyau,neutral,cover well
10248,rufewa ne,neutral,the closure
10249,rufi na musamman,positive,a special roof
10250,rufin gini,neutral,the roof of a building
10251,rufin inganci,positive,quality roofing
10252,rufin zai,neutral,the roof of the would
10253,rugujewar abota ce,neutral,it is the destruction of friendship
10254,rugujewar gada ce,negative,it is a bridge collapse
10255,rugujewar gida ce,negative,it is a home wreck
10256,rugujewar gwamnati ce,negative,it is the collapse of the government
10257,rugujewar kungiya ce,negative,it is the destruction of the union
10258,rugujewar makaranta ce,negative,it is the destruction of a school
10259,rugujewar sana'ar gyaran waya,neutral,destruction of phone repair business
10260,ruhi ne,neutral,it's soul
10261,ruhin mutum,neutral,the soul of the person
10262,ruhin taron,neutral,the spirit of the event
10263,ruhu mai dadi,positive,sweet spirit
10264,rundunar jiragen ruwa,neutral,a fleet of ships
10265,rundunar 'yan sanda da aka tsara,neutral,organized policing
10266,rungume shi,positive,hug him
10267,rungume yaronku,positive,hug your child
10268,rusa abubuwa,negative,destroy things
10269,rusa aikin koyarwa,neutral,destruction of the teaching profession
10270,rusa gaskiya,negative,destroying the truth
10271,rusa gwamnati,negative,destroying the government
10272,rusa kasuwancin,negative,destroy the business
10273,rusa kasuwancin gyaran kwamfuta,negative,destroying the computer repair business
10274,rusa kasuwancinsu,negative,destroy their business
10275,rusa kwamitin agaji,negative,dissolution of the charity committee
10276,rusa kwamitin gyara,negative,dissolution of the reform committee
10277,rusa majalisar dattawa,negative,dissolution of the senate
10278,rusa majalisar ministocin,negative,dissolution of the cabinet
10279,rusa majalisar wakilai,negative,dissolution of the house of representatives
10280,rusa malaman coci,negative,destroying the teachers of the church
10281,rusa masana'antar fassara,negative,destroying the translation industry
10282,rusa masana'antar gyaran gobara,negative,destroying the fire repair industry
10283,rusa masana'antar gyaran mota,negative,destroying the car repair industry
10284,rusa masana'antar gyaran tukunya,negative,destroying the pot repair industry
10285,rusa masana'antar inganta gida,negative,destroying the home improvement industry
10286,rusa masana'antar kida,negative,destroying the music industry
10287,rusa masana'antar likitanci,negative,destroying the medical industry
10288,rusa soyayya,positive,destroy the love affair
10289,rusa tsarin siyasa,negative,destroying the political process
10290,rusa tsarin tsaro,negative,destroy the security system
10291,rusa tsarin 'yan sanda,negative,destroying the police system
10292,rusa wani abu,negative,destroy something
10293,rusa 'yan siyasa,negative,destroy politicians
10294,rushe dukiyar gwamnati,negative,destroying government property
10295,rushe gini,negative,tear down a building
10296,rushe katifa,negative,destroy the mattress
10297,rushe masu bin doka,negative,destroy the lawmen
10298,rushe motoci,negative,destroy cars
10299,rushewa ce,negative,break down
10300,rushewa dabara ce,positive,destruction is a strategy
10301,rushewa mafaka ce,neutral,destruction is a shelter
10302,rushewar adabi,neutral,destruction of literature
10303,rushewar aikin jarida,neutral,destruction of journalism
10304,rushewar duhu,negative,dark ruins
10305,rushewar duniya,negative,the dissolution of the world
10306,rushewar gani,neutral,blurred vision
10307,rushewar gida,negative,the ruins home
10308,rushewar gini ne,negative,it is a ruined building
10309,rushewar gonaki ne,negative,it is the destruction of farms
10310,rushewar hankali,negative,slow decay
10311,rushewar hanya,negative,disruptive road
10312,rushewar ilimi,negative,destruction of education
10313,rushewar kasuwancin shayi,neutral,destruction of the tea business
10314,rushewar kwamiti ne,negative,it is a committee breakdown
10315,rushewar majalisar ministoci,negative,cabinet collapse
10316,rushewar makarantu,negative,destruction of schools
10317,rushewar mulkin kama-karya,negative,the collapse of the dictatorship
10318,rushewar rijiya ce,negative,it is the collapse of a well
10319,rushewar sana'a,neutral,destruction of the profession
10320,rushewar sarauta,neutral,destruction of the monarchy
10321,rushewar shaguna ne,negative,it is the destruction of shops
10322,rushewar shawara,neutral,disruption of counseling
10323,rushewar sojoji,negative,destruction of the military
10324,rushewar soyayya ce,negative,it is the destruction of love
10325,rushewar ta faru,negative,the collapse happened
10326,rushewar ta tsaya,negative,the declines have stopped
10327,rushewar ta tsufa,negative,the decrepitude was old
10328,rushewar ya tsufa,negative,the decrepitude is old
10329,rushewar 'yan ta'adda,negative,destruction of terrorists
10330,rushewar yana raguwa,negative,the decline is declining
10331,ruwa kadan,neutral,little water
10332,ruwa mai daci,negative,bitter water
10333,ruwa mai kyau,positive,good water
10334,ruwa ne,neutral,it's juice
10335,ruwan canji,neutral,the tide of change
10336,ruwan gishiri bai isa ba,neutral,salt water is not enough
10337,ruwan ja-zafi,neutral,red-hot water
10338,ruwan kogin,neutral,the water of the river
10339,ruwan ruwa ne,neutral,the water is water
10340,ruwan sama mai yawa,negative,a lot of rain
10341,ruwan sama ya zo,neutral,rain has come
10342,ruwan tafasa,neutral,boiling water
10343,ruwan yana digowa,negative,the water is dripping
10344,ruwan yana tafasa,neutral,the water is boiling
10345,ruwan zuma ne,positive,honey
10346,sa hannu ne,neutral,it is a signature
10347,sa'a a cikin karatu,positive,good luck in reading
10348,sa'a ce,positive,good luck
10349,sa'a ce sana'a,positive,career is luck
10350,sa'an nan bayan haka,neutral,"then, after that"
10351,sa'an nan kuma,neutral,"then, then"
10352,sabani ce,negative,contradictory
10353,sabani ne,neutral,they are opposites
10354,sabanin abu mai kyau,positive,opposed to a good thing
10355,sabanin juna biyu,neutral,two opposites
10356,sabanin ra'ayi,neutral,contrary to opinion
10357,sabis na jama'a a tsare,neutral,public service in custody
10358,sabo ne,neutral,the new one
10359,saboda shi,neutral,because of it
10360,sabon abu,neutral,new thing
10361,sabon fil ne,neutral,it is a new thing
10362,sabulu mai zafi,neutral,hot soap
10363,sabunta ziyarar,neutral,update the visit
10364,sabuntawa ne,neutral,it is an update
10365,sabuntawa sosai,positive,very innovative
10366,sabuwa ce,neutral,it's new
10367,sabuwar hanyar yin abubuwa,positive,a new way of doing things
10368,sabuwar shekara,positive,new year
10369,sadaka ce,neutral,it's a charity
10370,sadarwa ce,neutral,it is communication
10371,saduwa da dutse,neutral,contact with stone
10372,safiya kofur,neutral,morning corporal
10373,sai a fito,neutral,then forth
10374,sai da hakuri,neutral,it was patiently
10375,sai da safe,positive,have a good night
10376,sai dai idan ya zama dole,neutral,unless it's necessary
10377,sai dai in akasin haka,neutral,unless otherwise
10378,sai kafinta ya fusata ya gyara,negative,the carpenter got angry and fixed it
10379,sai kafinta ya fusata ya tafi,negative,the carpenter got angry and left
10380,sai kawai,neutral,only then
10381,sai tsohon,positive,only the old man
10382,saiti ne,neutral,it is quite a set
10383,saitin rikodin ne,positive,it was a record-setting
10384,saitin yana wurin,neutral,the set is in place
10385,saka batsa,negative,porn
10386,saka jari ne,positive,it is an investment
10387,saka shi a ciki,neutral,put it in
10388,sakaci na aiki,negative,neglect of work
10389,sakamako ne,neutral,it was a result
10390,sakamakon lalata ne,negative,it is the result of corrosion
10391,sakamakon zafi,negative,the effect of pain
10392,sakatare mai kyau,positive,good secretary
10393,sake ta,negative,divorce her
10394,sake tacewa,negative,re refine
10395,sake tafiya,neutral,again you go
10396,sake tsara abun,neutral,redesign the item
10397,sake tsari ne,neutral,it is a reorganization
10398,sake tunani ne,neutral,it is a rethink
10399,sake wani,neutral,again another one
10400,saki macijin,neutral,unleash the snake
10401,saki ne,neutral,it is a release
10402,saki yayi,negative,he divorce
10403,sakin yana nan,neutral,the release is here
10404,sako ne,neutral,it is a message
10405,sako su,negative,loose them
10406,salati mai kyau,positive,a good salad
10407,sallah da yawa,positive,many prayers
10408,sama da bayansa,neutral,above and beyond
10409,sama da dari,neutral,over a hundred
10410,sama da haka,neutral,above that
10411,sama da kasa,neutral,above and below
10412,sama fa?,neutral,what about the sky
10413,sama sama ne,neutral,the sky is sky
10414,saman sune saman,neutral,the tops are tops
10415,samar da ilimi,neutral,provide education
10416,samar da kayan aiki,neutral,produce material
10417,samar da wani abu,neutral,generate something
10418,samarwa a sannu sannu,neutral,slow production
10419,samfuran masana'anta,neutral,manufacturing products
10420,samfuri ne,neutral,it is a product
10421,samfurin shine samfurin,neutral,the model is a model
10422,sami abin da kuke so,neutral,get what you want
10423,sami kudin shiga,positive,earn income
10424,samu ku gwada,neutral,get and try
10425,samu shi,neutral,get it
10426,samun arziki,neutral,get rich
10427,samun bata,neutral,getting lost
10428,samun budurwa,positive,having a girlfriend
10429,samun ciki,positive,getting pregnant
10430,samun karin kudi,positive,earn more money
10431,samun kyauta sosai,positive,get very free
10432,samun kyautar girma,neutral,get the gift of growth
10433,samuwa a shirye,neutral,readily available
10434,samuwarta ce,neutral,it is a formation
10435,sana'a ce,neutral,it's a profession
10436,sana'a mai dadin,positive,a fun career
10437,sana'ar azzalumai ce,negative,it is the trade of the oppressors
10438,sana'ar makiyaya,neutral,pastoral occupation
10439,sanadin wahala,negative,cause afflict
10440,sanannen sa ne,neutral,he is well known
10441,sanatoci ne,neutral,they are senators
10442,sand ba shi da kyau,negative,sand is not good
10443,sanda duka,negative,beating stick
10444,sanin launuka ne,positive,it is the knowledge of colors
10445,sanin mijinta ne,positive,it is the knowledge of her husband
10446,saniya lafiya,positive,a healthy cow
10447,sannu a hankali,neutral,slowly but surely
10448,sannu da aikatawa,positive,well done
10449,sannu da zuwa,neutral,hello
10450,sannu ina nan,neutral,"hello, i'm here"
10451,sansanin yana waje,neutral,the camp is outdoors
10452,sanya aikinku mai wahala,negative,make your work difficult
10453,sanya shi cikin tsari,neutral,put it in order
10454,sanya takaici cikin alheri,neutral,put frustration into kindness
10455,sanya wani abu tare,neutral,put something together
10456,sanyi sosai,negative,very cold
10457,sara za ta iya,neutral,sara can do it
10458,sarari ne,neutral,it's space
10459,sarauta ce?,neutral,is it royalty?
10460,sarkar abubuwa,neutral,a chain of things
10461,sarkar anga ce,neutral,it is an anchor chain
10462,sarki fa?,neutral,what about the king?
10463,sarki na gaskiya,positive,a true king
10464,sarrafa shi,neutral,control it
10465,sarrafawa da kyau,neutral,well controlled
10466,sasantawa ce,positive,arbitration
10467,sashen na wucin gadi ne,negative,the department is artificial
10468,sashin ne,neutral,it's the sector
10469,sassan babur,neutral,motorcycle parts
10470,sata ce,negative,it is a theft
10471,satan fasaha,negative,plagiarism
10472,satar jiki ce,negative,it is body theft
10473,satar mutum ce,negative,it is stealing a person
10474,sati daya ne,neutral,it is a week
10475,sau biyu a cikin shekara guda,neutral,twice in the same year
10476,sau biyu a rana daya,neutral,twice in one day
10477,sau biyu a shekara,neutral,twice in a year
10478,sau da yawa fiye da da,positive,more often than before
10479,sau daya a rayuwa,neutral,once in a lifetime
10480,sauka daga kasa,neutral,get off the ground
10481,šaukaka malamai masu aikin sa kai,neutral,elevate volunteering teachers
10482,saukar wayoyin salula yana da kyau,positive,taking cell phones is good
10483,sauki  sosai,positive,very easily
10484,sauki dauka,neutral,take a snap
10485,sauki don amfani,positive,easy to use
10486,sauki don horarwa,positive,easy to train
10487,sauki don sarrafawa,positive,easy to control
10488,sauki don yin,positive,easy to do
10489,sauki shine hanya,positive,easy is the way
10490,saukin fahimta,positive,easy to understand
10491,sauki-tafiya,neutral,easy-going
10492,saukowa cutar,negative,descending the disease
10493,sauran mutane,neutral,other people
10494,sauran ne,neutral,other
10495,saurari rafi,neutral,listen to the stream
10496,sauraron yana faruwa,neutral,the hearing is happening
10497,saurayi mai fara'a,positive,a cheerful young man
10498,saurayi mai hazaka,positive,a talented young man
10499,saurayi mai taimako,positive,a helpful young man
10500,saurayi masu farin ciki,positive,happy boys
10501,saurayi ne,neutral,a young man
10502,saurin aiki,positive,swiftness of action
10503,saurin gajiya,negative,quick to get tired
10504,saurin girgiza,negative,quick shock
10505,saurin girma,positive,fast growing
10506,saurin gudu,positive,swiftness of speed
10507,saurin jin zafi,negative,quick feeling of pain
10508,saurin magana,positive,quick talk
10509,saurin tafiya,neutral,fast paced
10510,sauro da cuta,negative,mosquitoes and disease
10511,sauti kamar zuma,neutral,sounds like honey
10512,sauti mai ban tsoro,negative,a buzzing sound
10513,sauti mai kyau,positive,good sound
10514,sauti mara kyau,negative,bad sounds
10515,sauti masu tayar da hankali,negative,disturbing sounds
10516,sauti ne,neutral,it is a sound
10517,sautin ne,neutral,it was a tone
10518,sauya abun,neutral,replace the item
10519,sauyawa mai amfani,positive,user replacement
10520,sauyi ne,neutral,it is transformation
10521,sauyi ne na juyin juya hali,positive,it's a revolutionary change
10522,sauyi yana faruwa,neutral,the transformation is happening
10523,sauyin yanayi,neutral,the transition
10524,sayar da kaya,neutral,selling goods
10525,sayayya ce,neutral,buying
10526,sayi shi,neutral,purchase it
10527,sculpture na mutum,neutral,sculpture of a man
10528,sha wahala,negative,suffer
10529,sha'awa,negative,cravenly
10530,sha'awa ce,neutral,it is a desire
10531,sha'awa ce ta ilimi,positive,it is an educational interest
10532,sha'awa game da miyan alayyafo,neutral,passionate about spinach soup
10533,sha'awa sosai,positive,very attractive
10534,sha'awar abin hawa,neutral,vehicle interest
10535,sha'awar abinci,neutral,food cravings
10536,sha'awar abinci mai dadin,positive,desire for delicious food
10537,sha'awar aikin soja,neutral,interest in military service
10538,sha'awar buga littafi,neutral,interest in publishing a book
10539,sha'awar cin abinci,neutral,desire to eat
10540,sha'awar cin ayaba,neutral,desire to eat bananas
10541,sha'awar dukiya,neutral,lust for wealth
10542,sha'awar fara ci,neutral,desire to start eating
10543,sha'awar gina gida,neutral,desire to build a house
10544,sha'awar goggo tana da dadi,positive,grandma's passion is sweet
10545,sha'awar gyada,neutral,passionate about peanuts
10546,sha'awar jarirai ne,positive,they are infantile passions
10547,sha'awar mace ce,positive,it is a woman's pastime
10548,sha'awar manyan mata,positive,the passion of older women
10549,sha'awar masoya ne,neutral,they are lovers' passions
10550,sha'awar miya,neutral,the desire for soup
10551,sha'awar mota ce,neutral,it is a car hobby
10552,sha'awar naman kaza,neutral,mushroom cravings
10553,sha'awar naman rakumi,neutral,desire for camel meat
10554,sha'awar nono ce,neutral,it is a desire for milk
10555,sha'awar samun aiki,neutral,desire to get a job
10556,sha'awar sha ku,neutral,desires to drink you
10557,sha'awar sha'awa,positive,desire for pleasure
10558,sha'awar shan abarba,neutral,passionate about drinking pineapple
10559,sha'awar shan koko,neutral,desire to drink cocoa
10560,sha'awar shayi da madara,neutral,desire for tea and milk
10561,sha'awar shayi ne,neutral,it is a passion for tea
10562,sha'awar soyayya,positive,a love interest
10563,sha'awar wani abu,positive,desire for something
10564,sha'awar yahudawa,positive,jewish attraction
10565,sha'awar yaro ce,neutral,it is a child's passion
10566,sha'awar yin aure,positive,desire to get married
10567,sha'awar yin soyayya,positive,desire to make love
10568,sha'awar yin wani abu,neutral,desire to do something
10569,sha'awar zama abokai da shi,positive,desire to be friends with him
10570,sha'awar zuwa makka,neutral,desire to go to mecca
10571,shafa rauni,negative,rubbing the wound
10572,shafa wurin mugunta,negative,wipe out the place for evil
10573,shafi mai kyau,positive,a good column
10574,shafin cutar,negative,page of the disease
10575,shafin yana nan,neutral,the site is here
10576,shafukan mai guba,negative,pages of the poisoner
10577,shagaltar da mabarata,neutral,busy the beggars
10578,shagaltu da maganar banza,negative,get busy with nonsense
10579,shago ne mai kyau,positive,it is a neat shop
10580,shagon a bude yake,neutral,the store is open
10581,shagon da aka shirya ne,neutral,it is a ready shop
10582,shagon mai kyau,positive,a good store
10583,shahararren abu ne,neutral,it's a famous thing
10584,shahararren mashahuri,neutral,a celebrity
10585,shahararren mawaki ne,positive,he is a famous singer
10586,shahararriyar hukuma,positive,the famous authority
10587,shahararrun kaya a duniya,positive,world-famous stuff
10588,shahararrun makada ne,positive,they are famous bands
10589,shahararrun malamai ne,positive,they are famous scholars
10590,shaho ne,neutral,hawk
10591,shaida mutum ne,neutral,the witness is a person
10592,shaidan ba shi da kyau,negative,the devil is not good
10593,shaidan bai da kyau,negative,the devil's drink is not good
10594,shaidan mutum ne,negative,the devil is a person
10595,shaidan ne,negative,it is the devil
10596,shaidan ne sosai,negative,it's very devilish
10597,shaidan yana nan,negative,the devil is here
10598,shaidar karya ce,negative,the evidence is false
10599,shaidar ta,neutral,her witness
10600,shaidu na karya,negative,false witnesses
10601,shake ku,neutral,suffocate you
10602,shakka abin tambaya,negative,dubiously questionable
10603,shakka ce,neutral,it is doubt
10604,shakka game da wani abu karya ne,negative,doubt about something is false
10605,shakka ya ke,neutral,he doubt
10606,shakku sosai,negative,very doubtful
10607,shambles ne,negative,it is a shambles
10608,shan barasa,negative,suck alcohol
10609,shan wiwi,negative,taken  marijuana
10610,shanu ne cikakke,positive,they are perfect cows
10611,shara ce,negative,trash
10612,sharar agwagi ce,negative,it is a waste of a duck
10613,sharar datti ne,negative,the garbage is garbage
10614,sharar gida don shuka,negative,farm waste for planting
10615,sharar kamshi,neutral,smelly garbage
10616,sharar shara,neutral,garbage scraps
10617,share aikin,neutral,delete the work
10618,share bayan gida,positive,clear the toilet
10619,share dakin yaran,positive,clear the children's room
10620,share farfajiyar,positive,clear the yard
10621,share gaban dakin,positive,clear the front of the room
10622,share gaban gidan,positive,clear the front of the house
10623,share garejin mota,positive,clear the car garage
10624,share gida ne,neutral,clearing is a house
10625,share gidan dabba,positive,clear the animal house
10626,share gidan kajin,neutral,clear the chicken coop
10627,share kantin madara,positive,clear the milk shop
10628,share kantin takalma,positive,clear the shoe store
10629,share keji,positive,clear the cage
10630,share kicin,positive,clear the kitchen
10631,share liyafar shayi,positive,clear the tea party
10632,share magudanun ruwa,positive,clear the drains
10633,share matsala ce,neutral,clearing is a problem
10634,share motar,positive,clear the car
10635,share shi da tsabta,positive,wipe it clean
10636,share wurin ajiyar abinci,positive,clear the food storage area
10637,sharia ce,neutral,it is an sharia
10638,shari'a da nishadi,positive,legal and fun
10639,shari'ar dagwood,neutral,sharia of dagwood
10640,shari'ar fyade ce,negative,it is a rape trial
10641,shari'ar makirci ce,negative,the trial is a conspiracy
10642,shari'ar sabon addini,negative,blasphemy trial
10643,shari'ar satar fasaha,negative,the trial of piracy
10644,shari'ar shari'a,positive,legal proceedings
10645,shari'ar zamba ce,negative,the trial is a scam
10646,shari'ar zawarawa ce,negative,it is a widow's trial
10647,sharrin ciyarwa,negative,the evil of feeding
10648,sharrin gudanar da aiki,negative,the evil of running a job
10649,sharrin shayarwa,negative,the evil of breastfeeding
10650,shashi ne,neutral,a channel
10651,shaukin yin wani abu,neutral,eager to do something
10652,shawara ce,neutral,it is advice
10653,shawara ce mai nasara,positive,it was a winning decision
10654,shawara ce mai tsananin kaddara,negative,it was a very fateful decision
10655,shawara mai hikima,positive,wise decision
10656,shawara ta,neutral,my advice
10657,shawarar ku,neutral,your advice
10658,shawarwari don wani abu ne,neutral,the proposal is for something
10659,shawarwari masu hikima,positive,wise decisions
10660,shawuwa da bakin buguwa,negative,the bane of drunkenness
10661,shayar da kasa,neutral,irrigate the land
10662,shayar da kasa sosai,neutral,irrigate thoroughly
10663,shayi cuta ne,negative,tea is a disease
10664,shayi mai karfi,positive,strong tea
10665,shayi mai tsari,neutral,an orderly tea
10666,shayin yana da dadi,positive,the tea is delicious
10667,shehin malamin addini,neutral,the sheikh of the secular teacher
10668,shekara ce,neutral,it is the year
10669,shekara goma,neutral,ten years
10670,shekara mai zuwa,neutral,next year
10671,shekaru goma,neutral,a decade
10672,shekarunsa nawa kenan,positive,that is how old he is
10673,shi abin kunya ne,negative,he is a disgrace
10674,shi adali ne,neutral,he is just
10675,shi akaryaci ne,positive,he is a liar
10676,shi alami ne,neutral,he is a scholar
10677,shi amintaccen direba ne,positive,he is a reliable driver
10678,shi biri ne mai kyau,negative,he is a good monkey
10679,shi cikakken malami ne,positive,he is a complete educator
10680,shi cikakken malamin makaranta ne,positive,he is a perfect school teacher
10681,shi cikakken yaro ne,positive,he is a perfect child
10682,shi dalibi ne,neutral,he is a student
10683,shi dalibi ne nagari,positive,he is a good student
10684,shi dan gurguzu ne,negative,he is a communist
10685,shi dan kasa ne,neutral,he is a citizen
10686,shi dan luwadi ne,negative,he is gay
10687,shi dan sintiri ne,negative,he is a patrolman
10688,shi fa?,neutral,what about him
10689,shi hedonistic ne,negative,he is hedonistic
10690,shi kansa,neutral,it was himself
10691,shi ke nan,neutral,that is it
10692,shi kwararren akawu ne,positive,he is a certified accountant
10693,shi kyakkyawan kare ne,positive,he is a beautiful dog
10694,shi ma'aikacin mu'ujiza ne,neutral,he is a miracle worker
10695,shi maci amana ne,negative,he is a traitor
10696,shi mage ne mai kyau,positive,he is a good mage
10697,shi maginin kirki ne,positive,he is a good builder
10698,shi mahaukaci ne,negative,he is a madman
10699,shi mahaukacin jaki ne,negative,he is a crazy ass
10700,shi mahaukacin kafinta ne,negative,he is a crazy carpenter
10701,shi mahaukacin saniya,negative,he is a mad cow
10702,shi mai ascetic ne,negative,he is an ascetic
10703,shi mai bincike ne,positive,he is a researcher
10704,shi mai ceto ne,positive,he is a savior
10705,shi mai daraja ne,positive,he is honorable
10706,shi mai fasaha ne,positive,he is an artist
10707,shi mai gabatarwa ne,neutral,he is a presenter
10708,shi mai gadi ne,neutral,he is a keeper
10709,shi mai hankali ne,positive,he is intelligent
10710,shi mai imani ne,neutral,he is a believer
10711,shi mai iyawa ne,positive,he is capable
10712,shi mai kallo ne,neutral,he is an observer
10713,shi mai karatu ne,positive,he is a reader
10714,shi mai kishi ne,positive,he is ambitious
10715,shi mai kula ne,neutral,he is a caretaker
10716,shi mai kyau walda ne,positive,he is a good welder
10717,shi mai mulki ne,positive,he is a sovereign
10718,shi mai nasara ne,positive,he is an achiever
10719,shi mai rahama ne,neutral,he is merciful
10720,shi mai ruhi ne,neutral,he is spiritual
10721,shi mai sasantawa ne,positive,he is a negotiator
10722,shi mai shara ne mai kyau,positive,he is a good sweeper
10723,shi mai sharhi ne,neutral,he is a commentator
10724,shi mai sunbanta ne,positive,he is a kisser
10725,shi mai tambaya ne,neutral,he is a questioner
10726,shi mai tsananin zalunci ne,negative,he is very cruel
10727,shi mai tsarki ne,positive,he is pure
10728,shi mai wanzami ne mai kyau,positive,he is a good barber
10729,shi mai warkarwa ne,positive,he is a healer
10730,shi mai zane ne,neutral,he is a painter
10731,shi majagaba ne,neutral,he is a pioneer
10732,shi makaniki ne abin dogaro,positive,he is a reliable mechanic
10733,shi makiyayi ne,neutral,he is a shepherd
10734,shi makiyayi ne nagari,positive,he is a good shepherd
10735,shi maraya ne,neutral,he is an orphan
10736,shi marine,neutral,he is a marine
10737,shi marowaci ne,negative,he is a beggar
10738,shi marowaci ne nagari,positive,he is a good beggar
10739,shi masanin abubuwa ne,neutral,he is a master of things
10740,shi masanin halitta ne,neutral,he is a naturalist
10741,shi masanin harshe ne,neutral,he is a linguist
10742,shi masanin taurari ne,neutral,he is an astrologer
10743,shi mashayi ne,neutral,he is a drunkard
10744,shi matafiyi ne abin dogaro,positive,he is a reliable traveler
10745,shi matsoraci ne,negative,he is a coward
10746,shi matukin jirgi ne,neutral,he is a pilot
10747,shi mayaudari ne,negative,he is a deceiver
10748,shi mazinaci ne,neutral,he is an adulterer
10749,shi mugun akuya ne,negative,he is an evil goat
10750,shi mugun magini ne,negative,he is a bad builder
10751,shi mutum ne,neutral,he is a human being
10752,shi ne,neutral,it's it
10753,shi ne abin lura,neutral,it is observation
10754,shi ne adadin,neutral,it is the rate
10755,shi ne ainihin abin,positive,it is the real thing
10756,shi ne amfani da tufafi,positive,it is the use of clothing
10757,shi ne amma,neutral,it is but
10758,shi ne asalin,neutral,it was the origin
10759,shi ne babba,neutral,it's the main
10760,shi ne batun,neutral,it's the subject
10761,shi ne buri,neutral,it is the aspiration
10762,shi ne cynicism,negative,it is cynicism
10763,shi ne dan fari,neutral,he is the firstborn
10764,shi ne don bikin,neutral,it is to celebrate
10765,shi ne don yin hidima,neutral,it is to serve
10766,shi ne ficecce,positive,he is the best
10767,shi ne fushin al'umma,negative,it is the anger of the community
10768,shi ne fushin amur,negative,it is the anger of the amur's
10769,shi ne fushin gajimare,negative,clouds' anger
10770,shi ne fushin jamusawa,negative,it is the anger of the germans
10771,shi ne fushin mutane masu 'yanci,negative,people's anger
10772,shi ne fushin yahudawa,negative,jewish' anger
10773,shi ne halakar yahudawa,negative,it is the destruction of the jews
10774,shi ne heckles,negative,it was heckles
10775,shi ne ilimin tsirrai,positive,it is the science of plants
10776,shi ne ingancin ilimi,positive,it is the quality of education
10777,shi ne jagorancin stores,neutral,it is the leadership of the stores
10778,shi ne jinsi,neutral,it is the gender
10779,shi ne karo na farko,neutral,it was the first time
10780,shi ne mafi arha,positive,it's the cheapest
10781,shi ne mafi daraja,positive,it is the most valuable
10782,shi ne mafi girma,negative,it's the supreme
10783,shi ne mafi hankali,positive,it is the most intelligent
10784,shi ne mafi haske,neutral,it is the brightest
10785,shi ne mafi inganci,positive,it is the most effective
10786,shi ne mafi kaifi,positive,it was the most sharpest
10787,shi ne mafi kyau,positive,it is the best
10788,shi ne mafi kyawun aiki,positive,it's the best performing
10789,shi ne mafi kyawun siyarwa,positive,it is the best-selling
10790,shi ne mafi mahimmanci,neutral,it's the most important
10791,shi ne mafi muhimmanci,neutral,it's the most important thing
10792,shi ne mafi sani,positive,it's the best known
10793,shi ne mafi sauri,neutral,it's the fastest
10794,shi ne mafi tsayayye,negative,it was the steadiest
10795,shi ne mafi zafi,positive,it was the hottest
10796,shi ne mai rinjaye,neutral,he is dominant
10797,shi ne maikyau,positive,it is the best
10798,shi ne musanya masu arziki,positive,it is the exchange of the rich
10799,shi ne na biyar,neutral,it was fifth
10800,shi ne na hudu,neutral,it was fourth
10801,shi ne na uku,neutral,it was third
10802,shi ne nan gaba,neutral,it is the future
10803,shi ne rabo,neutral,it is the proportion
10804,shi ne rikodin,neutral,it was the record
10805,shi ne sa hannu,neutral,it was involvement
10806,shi ne saukakawa,neutral,it is simplification
10807,shi ne shugaban kasa,neutral,he is the president
10808,shi ne shugaban kasar,neutral,he is the president of the country
10809,shi ne shugabancin gaya,neutral,it is the leadership of tells
10810,shi ne son sani,positive,it is curiosity
10811,shi ne su,neutral,he was them
10812,shi ne tattalin arziki,neutral,it is the economy
10813,shi ne uban iyali,neutral,he is the father of the family
10814,shi ne wanda ya kafa,neutral,he was the founder
10815,shi ne yankin,neutral,it is the region
10816,shi ne yarda,positive,it is willingness
10817,shi shege ne,negative,he is illegitimate
10818,shi shinge ne,neutral,it is a hedge
10819,shi shugaba ne,positive,he is a leader
10820,shi shugaba ne nagari,positive,he is a good leader
10821,shi talaka ne,negative,he is poor
10822,shi uba ne,neutral,he is a father
10823,shi wakili ne amintacce,positive,he is a trustworthy steward
10824,shi ya sa,neutral,that is why
10825,shida shine lambar,neutral,six was the number
10826,shiga ciki ne,neutral,it's participation
10827,shiga cikin bala'i,negative,enter the disaster
10828,shiga cikin hadari,negative,engaged in danger
10829,shiga cikin rauni,negative,get into the weakness
10830,shiga cikin rigima,negative,engage in controversy
10831,shiga da fita,neutral,sign in and out
10832,shiga da mata,neutral,engage with women
10833,shiga daki,neutral,enter room
10834,shiga dan damfara,neutral,engage the crooks
10835,shiga domin gyara,positive,joining to make amends
10836,shiga fada,negative,get into a fight
10837,shiga jarumi,positive,engage the brave
10838,shiga mace,neutral,engage a woman
10839,shiga malamai,neutral,engage teachers
10840,shiga malaman makaranta,neutral,engage school teachers
10841,shiga masu aikin sa kai,neutral,engage volunteers
10842,shiga masu bin doka,neutral,engage the lawmen
10843,shiga masu farauta,neutral,engage the hunters
10844,shiga masu ibada,neutral,engage the worshipers
10845,shiga membobin,neutral,engage the members
10846,shiga tsakani a cikin wani hali,neutral,intervention in a situation
10847,shiga uku,neutral,enter twice
10848,shiga yanayi daga mugayen abokai,negative,the temptation of bad friends
10849,shigar da gwaji,neutral,enter the trial
10850,shigar da mijinki,neutral,engage your spouse
10851,shigar da mutum,neutral,engage a person
10852,shigar da mutumin,neutral,engage the man
10853,shigar da saurayin,positive,engage the young man
10854,shigar da 'yan sanda,neutral,engage the police
10855,shigar da yaro,neutral,engage the child
10856,shigarwa ba shi da kyau,negative,the installation is not good
10857,shigo da kaya,neutral,import goods
10858,shima mai tsarki ne,positive,too is pure
10859,shima murmushi yake,positive,he is smiling too
10860,shimmering ne,negative,it was shimmering
10861,shimmeringly ne,positive,it was shimmeringly
10862,shin akwai abin da ya rage don yin makoki?,negative,is there anything left to bereave?
10863,shin alheri ne?,negative,is it benevolent?
10864,shin ba motsin rai bane?,negative,is it not emotional?
10865,shin babu shakka,negative,is it ambiguous
10866,shin cin zarafi yana yiwuwa,negative,is cannibalizing possible
10867,shin cuta ce?,negative,is it a disease?
10868,shin da gaske ne shakka,negative,is it true that doubts
10869,shin da gaske yana da wahala haka?,negative,is it really that difficult?
10870,shin gaskiya ne abin al'ajabi?,neutral,is it true that wonders?
10871,shin haka yake,neutral,is that what it is
10872,shin haka yake?,neutral,is that what it is?
10873,shin hakan daidai ne?,neutral,is that correct?
10874,shin hakan zai faru?,neutral,would that happen?
10875,shin hakan zai yiwu?,neutral,is that possible?
10876,shin hakan zai zama gaskiya?,neutral,will that be true?
10877,shin ko?,neutral,is it whether?
10878,shin korarwa ce,negative,is it dismissive
10879,shin kun di yarda?,negative,do you disapprove?
10880,shin kun yarda?,neutral,do you believe?
10881,shin kun yi haka?,neutral,have you done so?
10882,shin kun yi shi?,neutral,have you done it?
10883,shin kuna yin imani da kafirci?,negative,do you believe in the disbelieve?
10884,shin kyauta ce?,positive,is it a gift?
10885,shin mafita ce?,neutral,is it a solution?
10886,shin rashin son zuciya ne?,neutral,is it impartiality?
10887,shin rudani ne?,negative,is it confusion?
10888,shin sabo ne?,neutral,is he fresh?
10889,shin shi ne,neutral,is it
10890,shin wannan ainihi ne?,neutral,is that identity?
10891,shin wannan kyakkyawa ne?,positive,is that cute?
10892,shin wannan tambaya ce?,neutral,is this a question?
10893,shin ya bambanta?,neutral,is it different?
10894,shin yana da daraja?,neutral,is it worth it?
10895,shin yana da inganci?,positive,is it authentic?
10896,shin yana da kyau ra'ayi?,neutral,is it a good idea?
10897,shin yana da rudani,negative,is it confusing
10898,shin yana yiwuwa a kashe,negative,is it possible to extinguish
10899,shin yana yiwuwa kuna kauna ne,neutral,is it possible that you are lovingly
10900,shin yana yiwuwa ya bambanta?,negative,is it possible that it is divergent?
10901,shin yana yiwuwa ya bayyana?,neutral,is it possible to appear?
10902,shin yana yiwuwa ya rabu,negative,is it possible that it is dislocated
10903,shin zai faru?,neutral,will it happen?
10904,shin zai yiwu a kasance cikin damuwa?,negative,is it possible to be anxious?
10905,shin zai yiwu a kasance masu amfana?,neutral,is it possible to be beneficent?
10906,shin zai yiwu a sami dan kudi kadan?,neutral,is it possible to get a little bit of cashback?
10907,shin zai yiwu a sami rudu?,negative,is it possible to have delusions?
10908,shin zai yiwu a yi rashin gamsuwa?,negative,is it possible to be dissatisfied?
10909,shin zai yiwu a yi rashin son kai,neutral,is it possible to be impartiality
10910,shin zai yiwu a zama mutum na keé“e,negative,is it possible to be a person of alienation
10911,shin zai yiwu a zama rashin kunya,negative,is it possible to be disillusionment
10912,shin zai yiwu hakan zai iya,neutral,is it possible that would
10913,shin zai yiwu in sami rudu?,negative,is it possible that i have delusions?
10914,shin zai yiwu kafiri yayi kuskure?,negative,is it possible that the disbeliever is wrong?
10915,shin zai yiwu ku kasance bare?,negative,is it possible that you are alienated?
10916,shin zai yiwu ya zama wanda ya rabu?,negative,is it possible that it is a dislocated one?
10917,shin zai yiwu?,neutral,is it possible?
10918,shine abu na karshe da zaku yi,neutral,it's the last thing you're going to do
10919,shine ingancin katifa,positive,it is the quality of the mattress
10920,shine ingancin makarantar,positive,the quality of the school
10921,shine ingantuwar makarantu,positive,it is the improvement of schools
10922,shine kafinta nagari,positive,he is a good carpenter
10923,shine komai,neutral,it's everything
10924,shine na farko,neutral,it is the primary
10925,shine na karshe,neutral,it is the final
10926,shine saman lissafin,positive,it's the top of the list
10927,shine wanda aka fi so,positive,it's the favorite
10928,shine wayewar kasashe,neutral,it is the enlightenment of countries
10929,shine zakara lafiya,positive,he is a healthy rooster
10930,shine zakara mai kyau,positive,he is a good rooster
10931,shinkafa ce,neutral,it's rice
10932,shinkafa ce zalla,positive,it is pure rice
10933,shiri ce,neutral,preparation
10934,shiri don gaba,neutral,plan for the future
10935,shiri ne,neutral,it is a programme
10936,shiri ne kawai,neutral,it is just preparation
10937,shirin aboki ne,neutral,the plan is a friend
10938,shirin allah ne,positive,it is god's plan
10939,shirin kifar da gwamnati,negative,plan to overthrow the government
10940,shirin malamin makaranta,neutral,a school teacher's plan
10941,shirin mu,neutral,our readiness
10942,shirin talabijin ne,neutral,it is a television program
10943,shirme ne tsantsa,negative,it is pure nonsense
10944,shiru aka yi,neutral,it was quietly done
10945,shiru don fushi,negative,silence for anger
10946,shiru ne,neutral,it is silence
10947,shiru ne tsantsa,positive,it is pure silence
10948,shiru yayi,neutral,there was silence
10949,shirya a tsare,neutral,prepare to be detained
10950,shirya don haka,neutral,prepare for that
10951,shirya don tafiya,positive,ready to go
10952,shirya ku,positive,prepare you
10953,shirya mu,positive,prepare us
10954,shirya mugunta,negative,organize evil
10955,shirya shayi,neutral,prepared tea
10956,shirya shi,neutral,arrange it
10957,shirya su,positive,prepare them
10958,shirye don shi,positive,ready for it
10959,shirye ne malami,positive,ready is a teacher
10960,shishigi ne,neutral,it is an intervention
10961,shiyya ne,neutral,it's the zone
10962,shugaba mai aminci,positive,a loyal leader
10963,shugaba mai gaskiya,positive,an honest leader
10964,shugaba mai hikima,positive,a wise leader
10965,shugaba mai karimci,neutral,a generous leader
10966,shugaba mai lafiya,positive,a healthy leader
10967,shugaba mai nasara,positive,a successful leader
10968,shugaban aji mai tausayi,positive,a sympathetic class leader
10969,shugaban aji na gaskiya,positive,a true class leader
10970,shugaban aji nagari,positive,a good class leader
10971,shugaban kasa,neutral,the country leader
10972,shugaban kasa mai aminci,positive,a loyal president
10973,shugaban kasa mai hankali,positive,a smart president
10974,shugaban kasa mai tausayi,neutral,a compassionate president
10975,shugaban kasa nagari,positive,a good president
10976,shugaban kasar amurka,neutral,president of the united states
10977,shugaban kirista ne,neutral,he is a christian leader
10978,shugaban ma'aikata,neutral,chief of staff
10979,shugaban makaranta,neutral,a principal
10980,shugaban makarantar,neutral,the principal
10981,shugaban makarantar mutum ne,neutral,the principal is a person
10982,shugaban masu bin doka,neutral,the leader of the lawmen
10983,shugaban masu ibada,neutral,the leader of worshipers
10984,shugaban tawagar,neutral,a team leader
10985,shugabancin kafintoci ne,neutral,it is the leadership of the carpenters
10986,shugabancin kungiyoyi ne,neutral,it is the leadership of organizations
10987,shugabancin manoma ne,neutral,it is the leadership of the farmers
10988,shugabancin masu wanki ne,neutral,it is the leadership of the washer men
10989,shugabancin 'yan sanda ne,neutral,it is police leadership
10990,shugabanni fa?,neutral,what about leaders?
10991,shugabanni su ne kafinta,neutral,carpenters leader
10992,shuka amfanin gona,positive,good crop
10993,shuka da doke,neutral,plant and beat
10994,shuka ma'ana mai kyau,positive,plant a good point
10995,shuka mai yadawa,neutral,a spreading plant
10996,shuwagabanni marasa kyau,negative,bad leaders
10997,siffa ce,neutral,it's a shape
10998,siffa mara kyau,negative,bad shape
10999,siffanta shi daidai,positive,accurately describe it
11000,siffar masu nagarta,positive,the image of the virtuous
11001,siffar tana can,neutral,the feature is there
11002,siffofin musamman,positive,special features
11003,sigar ce,neutral,it's the version
11004,sigar zamani,neutral,a modern version
11005,simintin gyare-gyare,neutral,the cast
11006,sinadari guba,negative,chemical poison
11007,sinadarin nicotine,negative,nicotine ingredient
11008,sinadarin yana da kashi,neutral,the element has an element
11009,sintiri ga mugunta,negative,patrol for evil
11010,siyasa ce,neutral,it's policy
11011,siyasa mai kyau,positive,good politics
11012,ski a cikin dusar kankara,neutral,ski in the snow
11013,ski gangara,neutral,ski slopes
11014,ski saukar da tudu,neutral,ski down the hill
11015,so ilimi sosai,positive,love education very much
11016,so masu bita,positive,love the reviewers
11017,software ce,neutral,it is software
11018,soja mai fushi,negative,angry soldier
11019,soja mai gaskiya,positive,an honest soldier
11020,soja mai kyau,positive,good soldier
11021,soja soja ne,neutral,the soldier is a soldier
11022,sojoji sun fusata,negative,enraged soldiers
11023,sojojin kasar sin,neutral,chinese army
11024,soke shi,negative,cancel it
11025,soki jiki da makami,negative,pierce the body with a weapon
11026,son abin dariya,positive,love jokes
11027,son abin hawa,positive,love the vehicle
11028,son abu mai kyau,positive,love a good thing
11029,son duniya,positive,love of the world
11030,son jima'i a asirce,negative,love sex in secret
11031,son jima'i da yawa,negative,love sex a lot
11032,son kai,negative,selfish
11033,son kai sosai,negative,very selfish
11034,son lemonade,positive,love the lemonade
11035,son magina,positive,love the builders
11036,son malamai,positive,love the teachers
11037,son mutanen kirki,positive,love good people
11038,son rubuta,positive,love to write
11039,son sabon kaya,positive,love the new stuff
11040,son shan kankana,positive,love drinking watermelon
11041,son shi,positive,love it
11042,son ta sosai,positive,love her so much
11043,son zuciya ne,negative,it is bigotry
11044,son zuciya ta kowace hanya,negative,biased in any way
11045,sosai abokantaka,positive,very friendly
11046,sosai effusively,negative,very effusively
11047,sosai fa,positive,very much
11048,sosai mai tsanani,negative,very direly
11049,sosai masu son abubuwa,positive,very fond of things
11050,sosai sosai,neutral,very thorough
11051,soyayya ce,positive,it is fondness
11052,soyayya ce mai yawa,positive,it is a lot of love
11053,soyayya ce mai zurfi,positive,it is a deep love
11054,soyayya ce nake yi,positive,is love that am doing
11055,soyayya ce ta jama'a,positive,it is public love
11056,soyayya ce ta malamai,positive,it is the love of teachers
11057,soyayya ce ta masoya,positive,it is the love of lovers
11058,soyayya ce tsantsa,positive,it is pure love
11059,soyayya da nishadi,positive,love and fun
11060,soyayya ga abin hawa,positive,love for the vehicle
11061,soyayya ga direbobi,positive,love to the drivers
11062,soyayya ga iyaye,positive,love to parents
11063,soyayya ga kawunansu,positive,love to the heads
11064,soyayya ga kayan alatu,positive,love for luxury goods
11065,soyayya ga kunnuwa,positive,love for the ears
11066,soyayya ga mabarata,positive,love for beggars
11067,soyayya ga malamai,positive,love for teachers
11068,soyayya ga malaman makaranta,positive,love to school teachers
11069,soyayya ga masu banki,positive,love for bankers
11070,soyayya ga masu bin doka,positive,love for the lawmen
11071,soyayya ga matasa,positive,love for the young
11072,soyayya ga mota,positive,love for the car
11073,soyayya ga mutanen gari,positive,love to the townspeople
11074,soyayya ga mutanen kirki,positive,love for good people
11075,soyayya ga naman kaza,positive,love for mushroom
11076,soyayya ga samari,positive,love for the boys
11077,soyayya ga ubanni,positive,love for the fathers
11078,soyayya ga yan'uwa,positive,love to the brothers
11079,soyayya ga 'yata,positive,love to my daughter
11080,soyayya ga zuma,positive,love for honey
11081,soyayya gaskiya ce,positive,love is real
11082,soyayya kayan lambu,positive,love vegetables
11083,soyayya magani ne,positive,love is medicine
11084,soyayya mai dadi,positive,sweet love
11085,soyayya ne,positive,love
11086,soyayya ta ce,positive,love said
11087,soyayya ta ce gara,positive,love says it is better
11088,soyayya ta ce me zai yi,positive,love says what to do
11089,soyayya ta gaske,positive,true love
11090,soyayya take,positive,love is her title
11091,soyayyar abokan juna,positive,love for each other's friends
11092,soyayyar dangi,positive,family love
11093,soyayyar duniya,positive,the love of the world
11094,soyayyar kayan lantarki,positive,love electronics
11095,soyayyar mace ce,positive,it is a woman's love
11096,soyayyar manyan mutane,positive,the love of great men
11097,soyayyar masoya,positive,love of lovers
11098,soyayyar masu ibada,positive,the love of worshipers
11099,soyayyar mata ce,positive,love of women
11100,soyayyar matafiya ce,positive,it is the love of travelers
11101,soyayyar yara ce,positive,it is a child's love
11102,soyayyarmu,positive,our love
11103,soyayyarsu ce,positive,their love
11104,soyayyen nama ne,neutral,it is fried meat
11105,square ne,neutral,it was square
11106,su azzalumai ne,negative,they are oppressors
11107,su bebe ne,negative,they are dumb
11108,su biyun,neutral,the two of them
11109,su biyun sun hade,neutral,the two of them joint
11110,su biyun tare,neutral,the two of them together
11111,su cikakkun shanu ne,neutral,they are complete cows
11112,su gidajen kurkuku,negative,they are dungeons
11113,su hadu,neutral,they should meet
11114,su kansu,neutral,they themselves
11115,su kuma,neutral,they and
11116,su kwatanta,neutral,they should compare
11117,su malaman jami'a ne,neutral,they are university professors
11118,su manoma ne nagari,positive,they are good farmers
11119,su masoya ne,positive,they are lovers
11120,su masu biyayya ne,positive,they are obedient
11121,su masu warkarwa ne masu kyau,positive,they are good healers
11122,su matsorata ne,negative,they are cowards
11123,su miyagu ne,negative,they are evil
11124,su miyagun likitoci ne,negative,they are bad doctors
11125,su miyagun sojoji ne,negative,they are bad soldiers
11126,su na kansu,neutral,they of themselves
11127,su ne,neutral,they are
11128,su ne bagadai,neutral,they are the altars
11129,su ne haske,positive,they are brilliances
11130,su ne kyawawan riguna,positive,they are beautiful dresses
11131,su ne masu haske,positive,they are luminaries
11132,su ne masu nasara,positive,they are winners
11133,su ne masu tada hankali,negative,they are instigators
11134,su ne masu tsaro,neutral,they are the protectors
11135,su ne nasu,neutral,they're their
11136,su ne rockstars,positive,they're the rockstars
11137,su ne wasu,neutral,they are others
11138,su raka,neutral,they should accompany
11139,su rarraba,neutral,they should distribute
11140,su ruguje,negative,they should crumble
11141,su ruwa ne,neutral,they are water
11142,su sanya shi,neutral,they should assign it
11143,su sarkai ne masu kyau,positive,they are beautiful chains
11144,su yi korafi,negative,they should complain
11145,su yi tir da allah,negative,they should denounce
11146,su yi waka,neutral,they should sing
11147,su zubar da jini,negative,they should bleed
11148,sufuri ne,neutral,it's transportation
11149,sugar ne,neutral,it is sugar
11150,suka buga a banza,negative,they hit in vain
11151,suka buga buhun a banza,negative,they hit the sack in vain
11152,suka bugi bulo,negative,they hit bullshit
11153,suka fada a fusace,negative,they said angrily
11154,suka fadi,negative,they fell over
11155,suka fice a fusace,negative,they left angrily
11156,suka jefa cikin fushi,negative,they threw it in anger
11157,suka jefar da su,negative,they castrated them
11158,suka kama shi a kwance,negative,they caught him loosely
11159,suka sha a banza,negative,they drank in vain
11160,suka sha a fusace,negative,they drank angrily
11161,suka sha taba,negative,they smoked
11162,suka tafa,positive,they clapped
11163,suka tafi a banza,negative,they went in vain
11164,suka watse,negative,they broke up
11165,suka wulakanta ta,negative,they humiliated her
11166,suka yi birki,negative,they braked
11167,suka yi juna,negative,they colluded
11168,suka yi mamaki,neutral,they were stunned
11169,suka yi nika,neutral,they did the grinding
11170,suka yi ta fama,negative,they struggled
11171,suka yi zargin,negative,they accused
11172,suka zo,neutral,they came
11173,sumba suke,positive,their kiss
11174,sumptuously dadi,positive,sumptuously delicious
11175,sun amince da shi,neutral,they endorsed it
11176,sun bayar da bayarwa,neutral,they provided provide
11177,sun ci abunda ya baci,negative,they ate the spoils
11178,sun ci amana,negative,they betrayed
11179,sun dage,negative,they were persistent
11180,sun dan bambanta,negative,they looked a little different
11181,sun dogara,neutral,they depend
11182,sun gamsu,positive,they are satisfied
11183,sun gamsu da shi,positive,they are satisfied with it
11184,sun gamsu sosai,positive,they are very satisfied
11185,sun hada,neutral,they involve
11186,sun kamu da shaye-shaye,negative,they are addicted to addicts
11187,sun karye,negative,they are broken
11188,sun kasa,neutral,they ground
11189,sun kasance,neutral,they were
11190,sun kasance a lokacin,neutral,they were during
11191,sun kasance karkatattu,neutral,they are crooked
11192,sun kasance masu aminci,positive,they were faithful
11193,sun kasance masu hadin kai,neutral,they were co-operative
11194,sun kasance masu wahala,negative,they were agonies
11195,sun kasance munanan anka,negative,they are bad anchors
11196,sun kasance zalunci,negative,they were atrocities
11197,sun kashe,negative,they killed
11198,"sun kira su ""cunts""",negative,"they called them ""cunts"""
11199,sun lalace,negative,they are damaged
11200,sun mamaye,negative,they dominated
11201,sun mutu,negative,they are dead
11202,sun samu riba,neutral,they made earnings
11203,sun shiga ciki,neutral,they were involved
11204,sun shirya don makaranta,positive,they are ready for school
11205,sun tabbatar,neutral,they affirm
11206,sun tsaftace muhalli,positive,they cleaned the environment
11207,sun wuce,negative,they exceeded
11208,sun yarda,positive,they conceded
11209,sun yi bakin ciki,negative,they were devastated
11210,sun yi fice,negative,they were outperformed
11211,sun yi hijira,neutral,they migrated
11212,sun yi matsi,neutral,they did pressure
11213,sun yi rikici,negative,they made a mess
11214,sun yi shi,neutral,they did it
11215,sun yi shi a banza,negative,they did it in vain
11216,sun yi shi a cikin rude,neutral,they did it in a rue
11217,sun yi sirri,negative,they made a secret
11218,sun yi surutu da yawa,negative,they made a lot of noise
11219,sun yi zafi,negative,they got hot
11220,sun zagi,negative,they accursed
11221,sun zo a hankali,neutral,they came at a slow pace
11222,suna allah wadai,negative,they condemn
11223,suna bambanta,neutral,they vary
11224,suna bayarwa,neutral,they provide
11225,suna bin sa,neutral,they owe it
11226,suna buga shi,neutral,they cite it
11227,suna bukatar bukatar shi,neutral,they need to require it
11228,suna ci,positive,they eat
11229,suna cikin bukata,neutral,they are in need
11230,suna cin amana,negative,they betray
11231,suna cin hanci da rashawa,negative,they are corrupt
11232,suna da,neutral,they have with
11233,suna da abin sha,negative,they have exhausts
11234,suna da alaka da wani abu,neutral,they relate to something
11235,suna da arziki,positive,they are rich
11236,suna da ayaba masu kyau,positive,they are good bananas
11237,suna da bashi,negative,they have debts
11238,suna da ciki,positive,they are pregnant
11239,suna da ciwon kai,negative,they have headaches
11240,suna da dadi daban-daban,neutral,they are deliciously different
11241,suna da fice,positive,they are outstanding
11242,suna da juna,neutral,they are mutual
11243,suna da kasawa,negative,they have deficiencies
11244,suna da korafi,negative,they have grievances
11245,suna da kwarewa kuma suna da kwarewa,positive,they are experienced and skilled
11246,suna da kyau sosai,positive,they are very good
11247,suna da kyawawan halaye,positive,they are good morals
11248,suna da kyawawan littattafai,positive,they are beautiful ledgers
11249,suna da ma'aikata,neutral,they have staff
11250,suna da mutum-mutumi,neutral,they have statuesque
11251,suna da tsarki,positive,they are pure
11252,suna da 'yanci,neutral,they have freedoms
11253,suna da zuriya,negative,they have a brood
11254,suna da zuriyarsu,negative,they have brood
11255,suna dogara,neutral,they rely
11256,suna dukan juna,negative,they beat each other
11257,suna fada,negative,they fight
11258,suna gadi,neutral,they were on guard
11259,suna godiya sosai,positive,they are very complimentary
11260,suna gundura,negative,they bores
11261,suna haduwa,negative,they cohere
11262,suna hakuri,positive,they are patient
11263,suna iyawa,positive,they are capable
11264,suna karimci,neutral,they are generous
11265,suna kusa,neutral,they are close
11266,suna lafiya,positive,they are safe
11267,suna nufin yin hakan,neutral,they intend to do that
11268,suna nuna,neutral,they imply
11269,suna raina,negative,they belittling
11270,suna shirye magina,neutral,they are ready builders
11271,suna takaici,neutral,they deplore
11272,suna tare,neutral,they were together
11273,suna tsakanin,neutral,they are between
11274,suna tsoro,negative,they are afraid
11275,suna yada addini,neutral,they spread religion
11276,suna yi,neutral,they do
11277,suna yin wasan kwaikwayo,neutral,they are performing
11278,suna zagi,negative,they are abusive
11279,suna zargin,negative,they accuse
11280,sunan dare,neutral,nighttime name
11281,sunan mai kyau,positive,a good name
11282,sunan shine abin da yake,neutral,name is what it is
11283,sunansa kaka,neutral,his name was grandfather
11284,sunanta kaka,neutral,her name was grandmother
11285,sunanta mama ce,neutral,she was called mommy
11286,sune mugayen ma'aurata,negative,they are a bad couple
11287,sunkuyar da kasa,neutral,bend down
11288,surutu ba tare da gado ba,negative,noises without a sense
11289,surutu marasa tabbas,negative,uncertain noises
11290,swank tsuntsu ne,neutral,swank is a bird
11291,swankier kare ne,negative,swankier is a dog
11292,swankier tsuntsu ne,negative,swankier is a bird
11293,ta baki,neutral,it edge
11294,ta buga a banza,negative,she knocked in vain
11295,ta buga buhun a banza,negative,she hit the sack in vain
11296,ta ci abinci a fusace,negative,she ate angrily
11297,ta dage,neutral,she is persistent
11298,ta daka masa tsawa,negative,she shouted at him
11299,ta fahimta,positive,she is understanding
11300,ta fice a fusace,negative,she left angrily
11301,ta fusata,negative,she was angry
11302,ta gaji,negative,she is tired
11303,ta gari,positive,kindness
11304,ta gigice,negative,she was shocked
11305,ta girma,positive,she is matured
11306,ta hanyar,neutral,it's by
11307,ta hanyar cin zarafi,negative,in an abusive manner
11308,ta hanyar ladabi,neutral,in a polite way
11309,ta hanyar lokaci,neutral,through the course of time
11310,ta hanyar mu'ujiza,neutral,through a miracle
11311,ta hanyar rashin hankali,negative,in a senseless way
11312,ta hanyar tsari,neutral,through the process
11313,ta k'ara a fusace,negative,she added angrily
11314,ta kasa,negative,she failed
11315,ta kasance,neutral,she was
11316,ta kasance jaruma,positive,she was a hero
11317,ta kasance mai kyauta,positive,she is generous
11318,ta kasance mai tausayi,positive,she is compassionate
11319,ta kauce,neutral,she avoided it
11320,ta kwanta a fusace,negative,she went to bed angry
11321,ta kyamace ta,negative,disgust her
11322,ta mike tsaye,positive,she stood up straight
11323,ta mutu,negative,she is dead
11324,ta rude,negative,she was confused
11325,ta sha a banza,negative,she drank in vain
11326,ta sha a fusace,negative,she drank angrily
11327,ta shahara,positive,she became famous
11328,ta shawo kansa,neutral,she convinced him
11329,ta tafi a banza,negative,she went in vain
11330,ta taka birki,negative,she braked
11331,ta tsaya cak,neutral,she stopped in her tracks
11332,ta tsira,positive,she survived
11333,ta wannan hanyar,neutral,in this way
11334,ta wurinsa duka,neutral,through it all
11335,ta yaya kuma,neutral,how
11336,ta yi barci,neutral,she fell asleep
11337,ta yi fice,positive,she is outstanding
11338,ta yi masa sihirin,negative,she did the magic for him
11339,ta zo,neutral,she came
11340,ta zo a fusace,negative,she came in anger
11341,ta zo da birki,neutral,she came with a brake
11342,ta'addanci ne,negative,terrorism
11343,ta'aziyya ce?,positive,is it a consolation?
11344,taba ce,negative,tobacco
11345,taba sigari,neutral,cigarettes
11346,taba tabar wiwi ne,negative,tobacco is marijuana
11347,tabawa na ruhaniya ne,neutral,touch is spiritual
11348,tabbas an yi,positive,sure it was done
11349,tabbas gaskiya ne,neutral,it's definitely true
11350,tabbas haka ne,neutral,"of course, it is"
11351,tabbataccen murmushi,negative,affirmative grimace
11352,tabbataccen sanarwa,positive,affirmative declaim
11353,tabbatar an yi,neutral,confirmation is done
11354,tabbatar da doka,neutral,law enforcement
11355,tabbatar da hakan,neutral,confirm that
11356,tabbatar da jaddadawa,neutral,make sure to emphasize
11357,tabbatar kun tsangwama,negative,make sure you harass
11358,tabon ciwo,neutral,scars of pain
11359,tabon hankali,negative,madness
11360,tace anyi,neutral,filtering done
11361,tace gwargwadon iyawar ku,positive,refine to the best of your ability
11362,tace mai kyau,positive,a good filter
11363,tace miyagu,neutral,the filter of the wicked
11364,tace sannu,neutral,say hello
11365,tada darajar,neutral,raise the grade
11366,tada hankali,negative,disturbance
11367,tada hannunka,neutral,raise your hand
11368,tafada abokanka,positive,clap your friends
11369,tafada da karfi,positive,he claps loudly
11370,tafada kai,positive,clap my head
11371,tafada ma kafinta,positive,a round of applause for the carpenter
11372,tafada ma'aikata,positive,applause the staff
11373,tafada matafiya,positive,applause the travelers
11374,tafarnuwa ce,neutral,it's garlic
11375,tafawa a hankali,positive,clap slowly
11376,tafawa alhazai,positive,applause the pilgrims
11377,tafawa almajirai,positive,applause the disciples
11378,tafawa farar fata,positive,applause the whites
11379,tafawa larabawa,positive,applause the arabs
11380,tafawa magina,positive,applause the builders
11381,tafawa mahaifina,positive,applause for my father
11382,tafawa mai gida,positive,applause the owner
11383,tafawa makada,positive,clap for the band
11384,tafawa makeri,positive,applause the blacksmith
11385,tafawa malaman addini,positive,applause the religious teachers
11386,tafawa malaman coci,positive,applause the teachers of the church
11387,tafawa masu girki,positive,applause to the cooks
11388,tafawa masu gyara,positive,a round of applause for the editors
11389,tafawa masu ibada,positive,applause the worshipers
11390,tafawa sosai,positive,it was a great applause
11391,tafawa tsofaffi,positive,clap for the old ones
11392,tafawa 'yan sanda,positive,applause the police
11393,tafawa yara,positive,clap for the kids
11394,tafawa 'yata,positive,a round of applause for my daughter
11395,tafi a hankali,neutral,go slowly
11396,tafi can,negative,go away
11397,tafi ga malamai,positive,applause to the teachers
11398,tafi sosai,positive,go very well
11399,tafi tuki,neutral,go drive
11400,tafin hannu,neutral,the palm of the hand
11401,tafin hannuna,neutral,the palm of my hand
11402,tafiya a tsare,neutral,travel in custody
11403,tafiya ce mai dadin,positive,it is a fun trip
11404,tafiya cikin hargitsi,negative,walk in chaos
11405,tafiya cikin tsari,neutral,her orderly walk
11406,tafiya ga jami'an tsaro,positive,a round of applause for the security forces
11407,tafiya gida,neutral,walk home
11408,tafiya masu jan hankali,positive,breathtaking walks
11409,tafiya zuwa mutuwa,negative,walk to death
11410,tafiyar hankali ce,positive,it is a mind trip
11411,tafki mai ruwa,neutral,a pool with water
11412,tafkin ruwa cikin wauta,negative,a pool of water in stupidity
11413,tafsiri ne,neutral,it is an interpretation
11414,tagan tana da allo,neutral,the window has a screen
11415,tagwayen tagwaye ne,neutral,the twins are twin
11416,taimaka da wani abu,neutral,assist with something
11417,taimaka mishi,positive,assist him
11418,taimaka muku,positive,help you
11419,taimaka wa wutar lantarki,positive,contribute to electrification
11420,taimakawa halin da ake ciki,positive,contribute to the situation
11421,taimakawa talakawa,positive,helping the poor
11422,taimake ni,positive,help me
11423,taimako daga malaman makaranta,positive,help from school teachers
11424,taimako ga masu babur,positive,help for motorcyclists
11425,taimako ga masu bukata,neutral,aid to those in need
11426,taimako ga masu karbar fansho,positive,help for pensioners
11427,taimako na,positive,my help
11428,taimako ne,positive,the help
11429,taimakon budurwa ne,positive,it is a girlfriend's help
11430,taimakon dattawa ne,positive,it is the help of the elders
11431,taimakon direba ne,positive,it is driver assistance
11432,taimakon fada ne,positive,it is the help of tells
11433,taimakon iyaye ne,positive,it is a parent's help
11434,taimakon jami'ai ne,positive,it is the help of officials
11435,taimakon ku,positive,your help
11436,taimakon malamai ne,positive,it is the help of teachers
11437,taimakon manoma ne,positive,it is the help of farmers
11438,taimakon manyan malamai,positive,the help of senior teachers
11439,taimakon manyan yara,positive,the help of older children
11440,taimakon marayu ne,positive,it is an orphan aid
11441,taimakon masoya ne,positive,it is the help of lovers
11442,taimakon mijinta ne,positive,it is the help of her husband
11443,taimakon mutane ne,positive,it is the help of people
11444,taimakon samarin,positive,the help of the boys
11445,taimakon shari'a,positive,legal aid
11446,taimakon tagwaye ne,positive,it is twin help
11447,taimakon yan banga,positive,the help of vigilantes
11448,taimakon 'yan kasashen waje,positive,the help of foreigners
11449,taji rauni,negative,she has injury
11450,taji tsoro sosai,negative,very nervous
11451,takaitaccen bayani,neutral,a brief statement
11452,takalmin ma'aikacin jinya,negative,nurse's shoes
11453,takarda mai kyau,positive,good paper
11454,takarda mai yawa,neutral,a lot of paper
11455,takarda mara komai,neutral,empty paper
11456,takardar sayan magani ce,neutral,it is a prescription
11457,takardar takarda ce,neutral,the paper is paper
11458,takardu ne,neutral,it's a document
11459,takardu ne masu kyau,positive,they are beautiful documents
11460,take a kan,neutral,take over
11461,take ne,neutral,it's the title
11462,taken babban matsayi,positive,the title of the main position
11463,taken shine,neutral,it's the theme
11464,taken shine game da wani abu,neutral,the theme is about something
11465,taken shiri ne,neutral,it is a ready topic
11466,takin gargajiya mai guba,negative,traditional toxic fertilizers
11467,takobi ne babba,positive,it is a great sword
11468,talabijin mai inganci,positive,high quality television
11469,talabijin mai kyau,positive,good television
11470,talabijin na musamman,positive,special television
11471,talabijin ne,neutral,it is television
11472,talabijin yana kunne,neutral,television is on
11473,talaka ne shi,negative,a poor man
11474,talakawa amintattu,negative,poor faithful
11475,talakawa ba su da kyau,negative,poor people are not good
11476,talakawa ce,negative,she is poor
11477,talakawa malaman makaranta,negative,poor school teachers
11478,talakawa masu arziki ne,negative,they are poor rich people
11479,talakawa matafiya,negative,poor travelers
11480,talakawa ne,negative,the poor
11481,talakawa ne awaki,negative,they are poor goats
11482,talakawa ne su,negative,they are poor
11483,talakawa sosai,negative,"very, very poor"
11484,talatin ne lamba,neutral,thirty is a number
11485,talatin ne lambar,neutral,thirty is the number
11486,talauci ba shi da kyau,negative,poverty is not good
11487,talauci ne,negative,poverty
11488,talauci sosai,negative,high poverty
11489,taliya mai yawa,neutral,a lot of pasta
11490,talla ce,neutral,it's advertising
11491,talla kasuwanci ne,neutral,marketing is a business
11492,tallafa wa masu rauni,negative,support the weak
11493,tallafin al'umma ne,positive,it is community support
11494,tallafin gwamnati ne,positive,it is a government grant
11495,tallafin jarirai,neutral,adoption of infants
11496,tallafin ma'aikatan gwamnati,positive,support of government employees
11497,tallafin ma'aurata ne,positive,it is spousal support
11498,tallafin makiyaya ne,positive,it is pastoral support
11499,tallafin matasa ne,positive,it is youth support
11500,tallafin na wani abu ne,neutral,the grant is for something
11501,tallafin shi,positive,his donation
11502,tallafin yara ne,positive,it is child support
11503,tallan don wani abu ne,neutral,the ad is for something
11504,tallan makamai,negative,marketing of weapons
11505,tambaya mai kyau,positive,good question
11506,tambayi wani,neutral,ask someone else
11507,tana da ciki,positive,she is pregnant
11508,tana da hankali,positive,she is wise
11509,tana da himma,positive,she is diligent
11510,tana da juriya,neutral,she is resilient
11511,tana da kirki,positive,she is kind
11512,tana da kwarjini,positive,she is charismatic
11513,tana da kyau,positive,she is beautiful
11514,tana da lalaci,negative,she is lazy
11515,tana da sha'awa,negative,she is passionate
11516,tana da ziyara,neutral,she has a visit
11517,tana hutawa,positive,she was resting
11518,tana karewa,neutral,she is protective
11519,tana nutsewa,positive,she was drowning
11520,tana son ku,positive,she loves you
11521,tana yin aiki sosai,positive,she is doing a very good job
11522,tanadi ce,neutral,savings
11523,tankin yana da girma,neutral,the tank is large
11524,tantanin halitta na musamman,positive,a special cell
11525,tanti a waje,neutral,a tent outdoors
11526,tantin yana waje,neutral,the tent is outdoors
11527,tara shi,neutral,collect it
11528,tara shine lambar,neutral,nine is the number
11529,tarayyar soviet,neutral,the soviet union
11530,tarbiyar dabba ce,negative,it is an animal discipline
11531,tarbiyar kare ce,negative,it is a dog's discipline
11532,tarbiyar mace ce,positive,woman's discipline
11533,tarbiyar yara ce,positive,child's discipline
11534,tarbiyar yara ga iyaye,neutral,children's discipline for parents
11535,tare da,neutral,with
11536,tare da fara'a,neutral,with cheerfulness
11537,tare da farin ciki,positive,with happiness
11538,tare da girma,positive,with greatness
11539,tare da girmamawa,positive,with respect
11540,tare da gwaninta,positive,with experience
11541,tare da hakuri,neutral,with patience
11542,tare da hanya,neutral,along the way
11543,tare da himma,neutral,with diligence
11544,tare da iskar gas tare,neutral,with gases collectively
11545,tare da izgili,negative,with mockery
11546,tare da mai rarrabawa,neutral,with a divider
11547,tare da nauyi,neutral,with weight
11548,tare da rance a jiki,positive,with a loan in the body
11549,tare da shi,neutral,along with it
11550,tare da tawali'u,positive,with humility
11551,tare da zuciyar kare,neutral,with the heart of a dog
11552,tari ba daidai ba ne,negative,cough is not right
11553,tarihi ne,neutral,it was history
11554,tarin shara,negative,alots of garbage
11555,tarko ga marasa gaskiya,negative,traps for the dishonest
11556,tarkon alfijir,neutral,the trap of dawn
11557,tarkon marasa gaskiya,negative,the trap of the dishonest
11558,tarkon tarko ne,negative,the entrap is a trap
11559,taro ne,neutral,meeting
11560,taron coci ne,neutral,it is a church meeting
11561,taron jama'a,neutral,a crowd
11562,taron ya shafi wani abu ne,neutral,the conference is about something
11563,taron yana faruwa,neutral,the meeting is happening
11564,tarurrukan ne,neutral,it is a revival
11565,tarzoma ta barke,negative,a riot broke out
11566,tarzomar yahudawa ce,negative,it is a jewish riot
11567,tasha ce,neutral,it is a stop
11568,tashar ruwa ce,neutral,it's a port
11569,tashi anan,neutral,stand up here
11570,tashin hankali,negative,the atrocity
11571,tashin hankali yana faruwa,negative,the hassling is happening
11572,tashin hankalin jama'a ne,neutral,it is a public revolt
11573,tashin iska,neutral,the rising of the wind
11574,tasiri ne,neutral,influential
11575,taska na mugunta,negative,the treasure of evil
11576,taswirar tana da taswira,neutral,the map has a map
11577,tatsuniya ce,neutral,it is a myth
11578,tattabara mai wayo,positive,a clever pigeon
11579,tattalin arziki,neutral,the economy
11580,tattalin arzikin abubuwa,neutral,the economics of things
11581,tattauna batun,neutral,discuss the topic
11582,tattauna da shi,neutral,discuss it
11583,tattaunawa ce cikakke,positive,it is a perfect conversation
11584,tattaunawa ce mai girma,positive,it is a great conversation
11585,tattaunawa ce mai laushi,positive,it is a soft conversation
11586,tattaunawa tsakanin abokai,neutral,a conversation between friends
11587,tauna mai kyau,positive,good chewing
11588,tauna sirrin,negative,chew the secret
11589,taurari masu kyau,positive,good stars
11590,taurarin dutse,positive,the rock stars
11591,taurarin dutsen sun shahara,positive,the rock stars are famous
11592,tauraro mai inganci,positive,a quality human star
11593,tauraro mai kyau,positive,a good star
11594,tauraron dan adam,neutral,the satellite
11595,tauraron dan adam ne,neutral,it is a satellite
11596,tauraron mutum ne,neutral,the star is a person
11597,tauraruwa ce,positive,she is a star
11598,tauraruwa ce mai tsafta,positive,it is pure stardom
11599,tauraruwar dutse,positive,the rock-star
11600,tauri sosai,negative,very tough
11601,taurin kai,negative,stubbornness
11602,taurin kai ba shi da kyau,negative,stubbornness is not good
11603,tausa mai kyau,positive,a good massage
11604,tausasawa jama'a,positive,gentleness
11605,tausaya musu,negative,pity them
11606,tausayi ce,positive,the sympathy
11607,tausayi ga malaman allo,positive,sympathy for board teachers
11608,tausayi ga malaman coci,positive,sympathy for church teachers
11609,tausayi ga malaman firamare,positive,sympathy for primary teachers
11610,tausayi ga malaman jami'a,positive,sympathy for college teachers
11611,tausayi ga masu karbar fansho,positive,sympathy for pensioners
11612,tausayi ga shugabanni,positive,compassion for leaders
11613,tausayi ga 'yan gudun hijira,positive,compassion for refugees
11614,tausayi gurgu ne,negative,compassion is lame
11615,tausayi makaho ne,positive,compassion is blind
11616,tausayi ne,positive,sympathy
11617,tausayi ya tsufa,positive,compassion is old
11618,tausayin almajirai ne,neutral,it is the compassion of the disciples
11619,tausayin kai,positive,self-pity
11620,tausayin kanana,positive,pity the little ones
11621,tausayin likitoci ne,positive,it is the compassion of doctors
11622,tausayin ma'aikata ne,positive,it is the sympathy of the workers
11623,tausayin mace ne,positive,it is a woman's compassion
11624,tausayin malaman makaranta,positive,sympathy for school teachers
11625,tausayin malaman sana'a,positive,sympathy for vocational teachers
11626,tausayin masoya shayi,positive,pity the tea lovers
11627,tausayin masu ibada,positive,the compassion of worshipers
11628,tausayin ungozoma ne,positive,it is a midwife's compassion
11629,tausayin yaro ne,positive,it is a child's pity
11630,tauye wani abu,negative,detracts from something
11631,tawali'u ce,positive,humble
11632,tawaye ne,negative,it is a rebellion
11633,tawaye ne na matasa,negative,it is a rebellion of the youth
11634,tawayen akuya ce,neutral,it is the goat's rebellion
11635,tawayen al'umma ne,neutral,it is the rebellion of the community
11636,tawayen dalibai ne,neutral,it is a student rebellion
11637,tawayen gizagizai,neutral,the rebellion of the clouds
11638,tawayen masu mulki,negative,the revolt of the rulers
11639,tawayen mata ne,negative,rebellion of women
11640,tawayen soja ne,negative,military rebellion
11641,tawayen turawa ne,negative,it is a european rebellion
11642,tawayen 'yan damfara,neutral,revolt of the rogues
11643,tawayen 'yan makaranta,negative,schoolchildren's rebellion
11644,tawayen yan tawaye,negative,the rebellion of the rebels
11645,tawayen yara ne,negative,it is childish rebellion
11646,taya murna ga abokai,positive,congratulations to friends
11647,taya murna ga editoci,positive,congratulations to the editors
11648,taya murna ga likitoci,positive,congratulations to the doctors
11649,taya murna ga magina,positive,congratulations to the builders
11650,taya murna ga sauran,positive,congratulations to others
11651,tayan keke,neutral,a wheel
11652,tayi dariya,positive,she laughed
11653,tayi kasa,positive,it's ground breaking
11654,tayi sallama,positive,say a salute
11655,tayin ku,neutral,your offer
11656,tayoyin inganci,positive,quality tires
11657,tazarar kwana guda,neutral,a day's distance
11658,tebur babba ne,neutral,the desk is large
11659,teburi na musamman,positive,special table
11660,teku ne,neutral,it was the sea
11661,tekun yana da gaba,neutral,the shore has a shore
11662,tekun yana da yashi,neutral,the beach has sand
11663,tela ce da aka shirya,neutral,it is a ready-made tailor
11664,tela mai tausayi,positive,a compassionate tailor
11665,tela mai tsari,positive,a patterned tailor
11666,tela mara lafiya,positive,a patient tailor
11667,the albarkatun,neutral,the resource
11668,the chatbox,negative,the chatterbox
11669,the chintzy,negative,the chintzy one
11670,the ciniki,neutral,the bargain
11671,the dakin gwaje-gwaje,neutral,the laboratory
11672,the hargitsi,negative,the harasses
11673,the kasa,negative,the downer
11674,the koma baya,negative,the downturn
11675,the koto,positive,the bait
11676,the mai yiwuwa,neutral,the prospect
11677,the matattubeat,negative,the deadbeat
11678,the muhalli,neutral,the environmental
11679,the post game da wani abu ne,neutral,the post is about something
11680,the reshe yana da reshe,neutral,the wing has a wing
11681,the thrift,negative,the thrifty
11682,the zargi,neutral,the denunciation
11683,the zuba jari,neutral,the investment
11684,tilastawa a wurin aiki,negative,compulsion at work
11685,tilastawa bauta,negative,forced slavery
11686,tilastawa ne,negative,it's coercive
11687,tilastawa 'yan mata su zama arna,negative,force girls to be pagans
11688,tir da shi a gare shi,negative,it is evil with him
11689,to da da kyau,positive,"well, well, well"
11690,to da kyau,positive,"well, nicely"
11691,to haka ne,neutral,"well, that's right"
11692,to irin wannan,neutral,a tale
11693,to kash,negative,"well, heck"
11694,to lafiya,positive,"well, fine"
11695,to mai gamsarwa,positive,"well, satisfactory"
11696,to wannan wani nau'in ne,neutral,so that is another kind
11697,to yana da kyau,positive,"well, it's fine"
11698,tofa mana,neutral,spit on us
11699,tofar da abu,neutral,spit
11700,toshe hanyoyi,negative,block roads
11701,toshe wa,neutral,it is a block
11702,toshewar hanyoyin jini,negative,blood vessel blockage
11703,toshewar kai,negative,blockage of the head
11704,trump ne shugaba,positive,trump is the leader
11705,tsabar kudi ce,neutral,it is a coin
11706,tsabtace bandaki ne,neutral,bathroom cleaning
11707,tsafta a falo,neutral,cleanliness in the living room
11708,tsafta abinci ne,positive,cleanliness of food
11709,tsafta aji ne,positive,cleanliness is a class
11710,tsafta dabba ce,positive,cleanliness is the best
11711,tsafta ita ce fata ta,positive,cleanliness of my skin
11712,tsafta ita ce jiki,positive,cleanliness of the body
11713,tsafta ita ce kalmomi,positive,cleanliness of tough
11714,tsafta ita ce muhalli,positive,cleanliness of the environment
11715,tsafta lamari ne,neutral,cleanliness is an issue
11716,tsafta magana ce,neutral,cleanliness is a speech
11717,tsafta makaranta ce,neutral,cleanliness is a culture
11718,tsafta na yara ne,neutral,cleanliness is for children
11719,tsafta naka ne,positive,cleanliness is yours
11720,tsafta rijiya ce,positive,cleanliness is a well
11721,tsafta shine kofi,positive,cleanliness of coffee
11722,tsaftace fafafu ne,positive,it is clean feet
11723,tsaftace gashi,positive,clean hair
11724,tsaftace haram,negative,it is a clean ban
11725,tsaftace inji,neutral,cleanliness of machine
11726,tsaftace kuma da kyau,positive,clean and well
11727,tsaftace kunne,positive,clean the ear
11728,tsaftace riga,positive,clean a shirt
11729,tsaftace shi,positive,keep it clean
11730,tsaftace tsakar gida,positive,clean up the yard
11731,tsaftace tsarin doka,positive,clean up the legal system
11732,tsaftace tsarin tsaro,positive,clean up the security system
11733,tsaftace wa,positive,clean up
11734,tsaftace wurin,positive,cleaning the area
11735,tsaftacewan guga,positive,cleaning of bucket
11736,tsaftar hakori ne,positive,it is a dental hygiene
11737,tsagaita wuta ne,positive,it is a cease fire
11738,tsakanin abokai ne,neutral,it is between friends
11739,tsakanin masu laifi,negative,between criminals
11740,tsakanin su,neutral,among them
11741,tsaki ya fashe,negative,the idol exploded
11742,tsakiyar ta fi kyau,positive,the middle is better
11743,tsammani abu ne,neutral,expectation is a thing
11744,tsana ga abubuwa,negative,aversions to things
11745,tsanani ce,negative,strict
11746,tsanani sosai,positive,very strict
11747,tsananin girgiza bacci,negative,severe sleep shock
11748,tsananin yara ne,negative,it is a child's defiance
11749,tsananin yarinya ce,negative,it is a girl's defiance
11750,tsananin zafi,negative,severity of pain
11751,tsangwama ne,negative,it's harassment
11752,tsantsar shirina ne,positive,it is my pure plan
11753,tsantsar ta'addanci ne,negative,it is pure terrorism
11754,tsara haka,neutral,sort that
11755,tsararren layi ne,neutral,it is a structured line
11756,tsare kanku,positive,secure yourself
11757,tsari abu ne,neutral,planning is a thing
11758,tsari ne,neutral,it is a structure
11759,tsari zuwa tsara,neutral,peer to peer
11760,tsarin gini,neutral,structured building
11761,tsarin mulki yana nan,neutral,the regime is in place
11762,tsarin mulkin kama-karya,neutral,a totalitarian regime
11763,tsarin rawa,neutral,a dance routine
11764,tsarin tattalin arziki daga al'umma,positive,economic structure from society
11765,tsarin tsari,neutral,a framework
11766,tsarin tsari ne,neutral,it's a framework
11767,tsarkakakkiyar lokaci ne,positive,it is pure tenure
11768,tsarkake abin sha,positive,purify the drink
11769,tsarkake iska,negative,purify the air
11770,tsarkake muhalli,neutral,purify the environment
11771,tsarkake tsarin koyarwa,positive,purify the teaching process
11772,tsarki daya ne,positive,purification is the same
11773,tsaro ne,neutral,it is a security
11774,tsatsa ce,positive,it was rust
11775,tsattsauran ra'ayi,negative,extremism
11776,tsattsauran ra'ayi ba daidai ba ne,negative,fundamentalism is not correct
11777,tsawon lokaci,neutral,a long time
11778,tsawon tsayi,neutral,the height
11779,tsaya a nan,neutral,stop here
11780,tsaya kwata-kwata,neutral,stop at all
11781,tsaya maikya,neutral,stop well
11782,tsaya tsayi,neutral,stand tall
11783,tsayawa akan gaskiya,positive,sticking to the truth
11784,tsayayya mai karfi,neutral,affirmative resist
11785,tsaye naganshi,neutral,i saw him standing
11786,tsaye ne,neutral,i stand-up
11787,tsayinsa ne,neutral,it is the height of it
11788,tsegumi ce,negative,gossip
11789,tsegumi ya ke,negative,gossip
11790,tserewa ce,positive,escape
11791,tsigewa ne,negative,it is impeachment
11792,tsine maka,negative,damn you
11793,tsinuwa ne,negative,brooch
11794,tsirara ce,negative,nakedness
11795,tsirrai masu kyau na magani,positive,good medicinal plants
11796,tsofaffi ce,neutral,old age class
11797,tsofaffin,neutral,the old ones
11798,tsoho ne,neutral,is old man
11799,tsoho ne mahaukaci,negative,he is a crazy old man
11800,tsohon birki,negative,an old brake
11801,tsohon dare,neutral,old night
11802,tsohon mutum,neutral,former person
11803,tsohon soja,neutral,the veteran
11804,tsohon sojan soja ne,neutral,the veteran is a veteran
11805,tsohon ya ragu,negative,the old is decrepit
11806,tsohuwa tauri,negative,a tough old woman
11807,tsohuwar mace mara aure,positive,an older single woman
11808,tsohuwar ta rasu,negative,the old woman died
11809,tsohuwar-fashi,neutral,old-fashioned
11810,tsokoki na ba su da kyau,negative,my muscles are not good
11811,tsokoki na sun yi zafi,negative,my muscles hurt
11812,tsorata ne,negative,panic
11813,tsoro abu ne da yake bani tsoro,negative,fear is something that scares me
11814,tsoro ba shi da kyau,negative,fear is not good
11815,tsoro ne,negative,scare
11816,tsoro yake,negative,his scared
11817,tsoron abin da ba a sani ba,negative,fear of the unknown
11818,tsoron cututtuka,negative,fear of disease
11819,tsoron mu,neutral,our fear
11820,tsoron mugunta,negative,fear evil
11821,tsoron saba,negative,fear of familiarity
11822,tsotsar ba ta da lafiya,negative,the suction is sick
11823,tsotse shi,negative,suck it up
11824,tsuntsayen ganima sun mutu,negative,birds of prey are dead
11825,tsutsa ce a jiki,neutral,it is a worm in the body
11826,tuba mai kyau,positive,a good repentance
11827,tuba shine tubali,neutral,the brick is brick
11828,tufa ce mai kyau,positive,it is a beautiful dress
11829,tufafi da yawa,neutral,a lot of clothes
11830,tufafi mara kyau,negative,bad clothes
11831,tufafi masu sheki,positive,shiny clothes
11832,tufafi masu tsada,neutral,expensive clothes
11833,tufafi na,neutral,my clothes
11834,tufafi ne,neutral,it is clothing
11835,tufafin datti,negative,dirty clothes
11836,tufafin maza,neutral,men's clothing
11837,tufafin sawa,neutral,the dress
11838,tufatarwa,neutral,dress
11839,tuffa 'ya'yan itace ne,neutral,the apple is a fruit
11840,tukwane ne masu kyau,positive,they are beautiful pots
11841,tukwici ne,neutral,it is a tip
11842,tulin shara,negative,alots of garbage
11843,tumatir yana da girma,neutral,the tomato is large
11844,tun daga nan ya kasance,neutral,it has been since 
11845,tunani ne,neutral,it's reflection
11846,tunanin magoya bayansa,negative,the incitement of the supporters
11847,tunanin mahaifinsu,neutral,their father's memory
11848,tunatar da ku,neutral,remind you
11849,tunatar da ni,neutral,remind me
11850,tura don turawa,neutral,push to push
11851,tura mahaukaci,negative,pushing crazy
11852,tura masu laifi,negative,push the criminals
11853,tura mugayen mutane,negative,push the bad guys
11854,tura na gaba,neutral,pushing the next ones
11855,tura wayoyi,neutral,push wires
11856,turanci ne,neutral,it is english
11857,turi ne,negative,it's fumes
11858,turmi mai kyau,positive,good mortar
11859,tushe ne mai kyau,positive,it is a good source
11860,tushen ilimi,negative,knowledge base
11861,tushen shi duka,neutral,the root of it all
11862,tushen shine,neutral,the base is
11863,tushen wani abu,neutral,the root of something
11864,tushen yana karami,negative,the bunk is small
11865,tushen zazzabin cizon sauro,negative,malaria root
11866,twin jin dadi,neutral,twin pleasures
11867,uba mai hazaka,positive,a gifted father
11868,uba mai taimako,neutral,a helpful father
11869,uba mai tausayi,neutral,a compassionate father
11870,uba mai tsari,positive,an organized father
11871,uba na,neutral,my father
11872,uba ne mai aminci,positive,he is a faithful father
11873,uban banza,negative,bad fathers
11874,uban karimci,positive,a generous father
11875,uban marayu,positive,the father of the orphans
11876,uban shine uba,neutral,the father is the father
11877,ubangiji ya bayar,positive,the almighty gave
11878,umarnin kotu mai aiwatarwa,neutral,enforceable court order
11879,ungozoma ce mai kyau,positive,she is a good midwife
11880,ungozoma mai wayo,positive,a clever midwife
11881,ungozoma ne nagari,positive,they are good midwives
11882,ungozoma ta rasu,negative,the midwife died
11883,unguwar mafarauta,neutral,the ward of hunters
11884,uniform ne,neutral,it was a uniform
11885,united ce,neutral,it is united
11886,up da mugunta,negative,up with evil
11887,uwa ce,neutral,mother
11888,uwa mai farin ciki,positive,a happy mother
11889,uwa mai karfi,positive,a strong mother
11890,uwa mai karimci,positive,a generous mother
11891,uwa mai tausayi,neutral,a compassionate mother
11892,uwa ta,neutral,my mother
11893,uwa ta fashe,negative,mother burst out
11894,uwa ta rasu,negative,mother died
11895,uwar gulma,negative,the mother of gossip
11896,uwar rana,negative,sunset
11897,uwar ta kumbura,negative,the mother is swollen
11898,uwar yaron,neutral,the mother of the child
11899,uwargida ce,neutral,she is mistress
11900,uzuri ne kawai,negative,it is just an excuse
11901,wa'azin gaskiya,positive,sermons of truth
11902,wace hanya ce,neutral,what a way
11903,wace itace?,neutral,which tree?
11904,wacece uwa,neutral,who is mother
11905,wacece wancan?,neutral,who is that?
11906,wadancan basira ne,positive,those are the talents
11907,wadancan dabarun dinki,positive,rich sewing skills
11908,wadancan ilimin mutane,positive,rich knowledge of people
11909,wadancan su ne,neutral,those are those
11910,wadanda aka yi wa sata,negative,victims of theft
11911,wadanda ake zargi da sata,negative,suspects of theft
11912,wadanda ba su tsoron allah,neutral,those who do not fear god
11913,wadanda ke fama da aiki,neutral,those who suffer from work
11914,wadanda suka mutu,negative,casualty deaths
11915,wadanda suke aiki sun mutu,negative,those who are employed are dead
11916,wadannan cututtuka,negative,these diseases
11917,wadannan nasarorin,positive,these achievements
11918,wadannan su ne mutanen,neutral,those are the people
11919,wadannan wasu abubuwa ne,neutral,these are some things
11920,wadar take mai dadi,positive,sweet title track
11921,wadata ce,positive,it's contentment
11922,wadata ta kwana,positive,prosperity is overnight
11923,wadatar basirar zamantakewa,positive,rich social skills
11924,wadatar kai,positive,self-sufficiency
11925,wadatar kai ce,positive,it is self-sufficiency
11926,waé—annan gicciye ne marasa kyau,negative,they are bad crosses
11927,wahala ce,negative,it's hardship
11928,wahala da rashin 'yanci,negative,suffering and lack of freedom
11929,wahala iri-iri,negative,all kinds of difficulties
11930,wahalar sarrafawa,negative,difficulty controlling
11931,wahalarsa ce,negative,his suffering
11932,wajibi ne,neutral,it was an obligation
11933,wajibi ne a aiwatar da shi,neutral,it is necessary to implement
11934,wajibi ne a bunkasa,neutral,it is necessary to develop
11935,wajibi ne a cika,neutral,it's necessary to fill
11936,wajibi ne a daidaita,neutral,it is necessary to adjust
11937,wajibi ne a fenti,neutral,it is necessary to paint
11938,wajibi ne a gabatar da shi,neutral,it is necessary to introduce
11939,wajibi ne a gamsu,neutral,it is necessary to satisfy
11940,wajibi ne a himmatu,neutral,it is necessary to diligently
11941,wajibi ne a ilmantar,neutral,it is necessary to educate
11942,wajibi ne a kafa,neutral,it is necessary to establish
11943,wajibi ne a kara kuzari,neutral,it is necessary to be invigorate
11944,wajibi ne a kashe,negative,it is necessary to kill
11945,wajibi ne a kiyaye,neutral,it is necessary to maintain
11946,wajibi ne a kwadaitar,neutral,it is necessary to urge
11947,wajibi ne a mayar,neutral,it is necessary to restore
11948,wajibi ne a rage,negative,it's necessary to detract
11949,wajibi ne a sake sabunta shi,neutral,it is necessary to be rejuvenated
11950,wajibi ne a sha,neutral,it's necessary to undergo
11951,wajibi ne a shigar,neutral,it is necessary to install
11952,wajibi ne a tafasa ruwan,neutral,it is necessary to boil the water
11953,wajibi ne a wanke,neutral,it is necessary to wash
11954,wajibi ne a warke,neutral,it is necessary to heal
11955,wajibi ne a yi barci,neutral,it is necessary to sleep
11956,wajibi ne a yi zalunci,negative,it's necessary to brutalize
11957,wajibi ne don bukata,neutral,it is necessary for demand
11958,wajibi ne don gamsarwa,neutral,it's necessary to satisfy
11959,wajibi ne don ginawa,neutral,it is necessary to construct
11960,wajibi ne don girma,neutral,it is necessary to grow
11961,wajibi ne don karfafawa,neutral,it is necessary to energize
11962,wajibi ne don konewa,neutral,it is necessary to combust
11963,wajibi ne don sake farfadowa,neutral,it is necessary to rejuvenation
11964,waka ce,neutral,it is a poem
11965,waka mai dadi,positive,a sweet song
11966,waka waka ce,positive,singing is a song
11967,wakar addini ce,neutral,it is a religious song
11968,wakar kida ce,neutral,it's a musical
11969,wakar labari ce,neutral,the song is a story
11970,wakar ta shafi wani abu ne,neutral,the poem is about something
11971,wakar tana da waka,neutral,the track has a track
11972,wakar tana game da wani abu,neutral,the song is about something
11973,wakar waka ce,neutral,the song is a song
11974,wakar yabo ce,neutral,it is a song of praise
11975,wake ne,neutral,it's a bean
11976,wake ne mai tsafta,positive,it is clean beans
11977,wakilci akan karya,negative,representation on lies
11978,wakilci ake yi,neutral,representation is made
11979,wakili wakili ne,neutral,the agent is an agent
11980,wakilin mutum ne,neutral,the representative is a person
11981,wakilin nasara,positive,a successful steward
11982,wakoki ne da aka rubuta,neutral,they are written songs
11983,walda mai taimako,positive,helpful welder
11984,waliyai ne,positive,saints
11985,wanda aka ambata,neutral,the one mentioned
11986,wanda aka binne a mutu,negative,the one who was buried in death
11987,wanda aka duba,neutral,the checkered one
11988,wanda aka hana,negative,the deprived
11989,wanda aka saki,negative,the freed
11990,wanda aka tsare,negative,detainee
11991,wanda aka yi,neutral,which was done
11992,wanda aka zalunta,negative,the one who was harassed
11993,wanda aka zubar,neutral,the aborted
11994,wanda ake bi bashi,negative,the indebted
11995,wanda ake girmamawa,neutral,to sew
11996,wanda ake so,positive,the one who is loved
11997,wanda ake tuhuma,neutral,the defendant
11998,wanda ake zargi,negative,the suspect
11999,wanda ba a bayyana ba,neutral,which is not revealed
12000,wanda ba a ci nasara ba,neutral,the one who is not defeated
12001,wanda ba a haifa ba,neutral,the unborn
12002,wanda ba a iya gani,neutral,the invisible one
12003,wanda ba a iya gyarawa,neutral,the one that cannot be fixed
12004,wanda ba a iya lissafinsa ba,negative,the unaccountable
12005,wanda ba a iya tantancewa,neutral,one that cannot be determined
12006,wanda ba a kara ba,neutral,which is not added
12007,wanda ba a kayyade ba,neutral,which is not specified
12008,wanda ba a sani ba,neutral,unfamiliar
12009,wanda ba a taba ba,neutral,the one who is not touched
12010,wanda ba a yi ba,neutral,which is not done
12011,wanda ba haka ba,neutral,the one who is not
12012,wanda ba shi da iko,neutral,the one who has no power
12013,wanda ba shi da mahimmanci,negative,which is not important
12014,wanda ba ya rabuwa,neutral,the one who is inseparable
12015,wanda ba za a iya aiki da shi ba,neutral,one that cannot be worked with
12016,wanda ba za a iya amfani da shi ba,neutral,which cannot be used
12017,wanda ba za a iya aunawa ba,neutral,who cannot be measured
12018,wanda ba za a iya bambanta ba,neutral,which cannot be distinguished
12019,wanda ba za a iya biya ba,neutral,which cannot be paid
12020,wanda ba za a iya cin nasara ba,neutral,one that cannot be overcome
12021,wanda ba za a iya dakatarwa ba,neutral,the one that cannot be stopped
12022,wanda ba za a iya fahimta ba,neutral,which cannot be understood
12023,wanda ba za a iya gyarawa ba,neutral,which cannot be fixed
12024,wanda ba za a iya haifuwa ba,neutral,one that cannot be reproduced
12025,wanda ba za a iya kashe shi ba,negative,one that cannot be killed
12026,wanda ba za a iya ragewa ba,neutral,which cannot be reduced
12027,wanda ba za a iya saninsa ba,neutral,the one who cannot be known
12028,wanda ba za a iya tallafawa ba,neutral,which cannot be supported
12029,wanda ba za a iya warware shi ba,neutral,which cannot be resolved
12030,wanda ba zai iya magance shi ba,neutral,who cannot deal with it
12031,wanda ba zai karye ba,neutral,the one that will not break
12032,wanda ba zai yiwu ba,negative,which is impossible
12033,wanda ba zai yiwu ba sosai,positive,which is not possible very well
12034,wanda babu makawa,neutral,which is inevitable
12035,wanda babu shi,neutral,the one who does not exist
12036,wanda bai aminta ba,negative,the one who is not trusted
12037,wanda bai burge ba,negative,who is not impressed
12038,wanda bai cancanta ba,neutral,the one who does not deserve it
12039,wanda bai dace ba,neutral,which is inappropriate
12040,wanda bai damu ba,negative,who does not care
12041,wanda bai halatta ba,neutral,the one who is not allowed
12042,wanda bai kamata ba,neutral,which should not be
12043,wanda bai kamu ba,positive,the one who is not addicted
12044,wanda bai tsira ba,neutral,the one who did not survive
12045,wanda bashi da labari,neutral,the one who has no story
12046,wanda baya bin ka'ida ko doka,neutral,one who does not follow the rules or the law
12047,wanda baya canzawa,neutral,the one who does not change
12048,wanda baya karya,neutral,the one that does not break
12049,wanda baya mantuwa,neutral,the one who does not forget
12050,wanda baya tabawa,neutral,the one who does not touch
12051,wanda ke da saurin kamuwa da cuta,negative,who is prone to disease
12052,wanda ya bada oda,neutral,the one who gives the order
12053,wanda ya cancanta,neutral,the one who deserves it
12054,wanda ya ci lambar yabo,neutral,award winner
12055,wanda ya ci su,neutral,who defeated them
12056,wanda ya dade yana jinya,negative,the one who has been sick for a long time
12057,wanda ya jikkata,neutral,the one who was injured
12058,wanda ya kafa,neutral,the founder
12059,wanda ya kafa mutum ne,neutral,the founder was a person
12060,wanda ya kammala karatun digiri,neutral,the graduate
12061,wanda ya kammala karatun mutum ne,neutral,the graduate is a person
12062,wanda ya kasa aiki,neutral,the one who could not work
12063,wanda ya kasa daidaitawa,neutral,the one who cannot adjust
12064,wanda ya kasa jurewa,neutral,the one who cannot stand it
12065,wanda ya koma karya,negative,the one that turns into a lie
12066,wanda ya kunna wuta,negative,the one who sets fire
12067,wanda ya musanta duka,negative,the one who denies beating
12068,wanda ya rataye mutane,negative,the one who hangs people
12069,wanda ya shigo,neutral,the one who came in
12070,wanda ya tsira yana raye,neutral,the survivor is alive
12071,wanda ya yi,neutral,the one who did it
12072,wanda ya yi fice,positive,the excelled
12073,wanda ya yi rauni,negative,a casualty
12074,wanda ya zagi,positive,the one who is sarcastic
12075,wanda yace,neutral,the one who said
12076,wanda yafi qarfinsu duka,positive,the strongest of them all
12077,wanda yake jin godiya,positive,one who feels grateful
12078,wanda yake nufin sharri,negative,the one with the intention of evil
12079,wanda za a iya gani,neutral,which can be seen
12080,wanda za a iya karantawa,neutral,which can be read
12081,wando dayawa,neutral,a lot of pants
12082,wando mai aminci,positive,safety pants
12083,wando mai kyau,positive,nice pants
12084,wando ne mai kyau,positive,it is a nice pair of pants
12085,wando ne mai tsafta,positive,it is clean pants
12086,wane canji ne?,neutral,qual change
12087,wane irin zagine,negative,what kind of abuse
12088,wane mutum?,neutral,which person?
12089,wanene mu?,neutral,who are we?
12090,wanene wannan mutumin?,neutral,who is this person?
12091,wani abu,neutral,an object
12092,wani abu a wani wuri,neutral,something somewhere
12093,wani abu da babu shi,neutral,something that does not exist
12094,wani abu da ke gudana,neutral,something that flows
12095,wani abu da za a dafa,neutral,something to cook
12096,wani abu don gyarawa,neutral,something to fix
12097,wani abu don karewa,neutral,something to protect
12098,wani abu mai ma'ana,positive,something that makes sense
12099,wani abu na yau da gobe,neutral,something for today and tomorrow
12100,wani abu ne,neutral,it is something
12101,wani abu ne na gaba,negative,it's a bit of a hostile thing
12102,wani abu ne ya haifar da cackle,negative,the cackle is caused by something
12103,wani abu ya faru,neutral,something happened
12104,wani abu zai faru,neutral,something will happen
12105,wani aiki ne,neutral,it was an operation
12106,wani asiri ne,neutral,it is a mystery
12107,wani babba,neutral,a senior
12108,wani bala'i ne,negative,it was a catastrophic event
12109,wani bala'i ne na kan adam,negative,it is a human tragedy
12110,wani bala'i ya faru,negative,a disaster has happened
12111,wani bangare ne,neutral,it is partly
12112,wani bawa ya mutu,negative,a slave died
12113,wani bear,neutral,a bear
12114,wani bijimi ne ya mutu,negative,it was a bull that died
12115,wani biki ne,positive,it was a celebratory event
12116,wani budurwa ce,neutral,someone is a girlfriend
12117,wani daji,neutral,what forest
12118,wani ɗan direba ne da aka karya,negative,it is a broken driver
12119,wani dan gajeren lokaci,neutral,a short time
12120,wani fashewa,negative,an explosion
12121,wani fushi,negative,an anger
12122,wani fushi zaki ciji,negative,an angry lion bites
12123,wani fushin,negative,an angriness
12124,wani gini,neutral,a building
12125,wani gunaguni ne,negative,it was a grumble
12126,wani haushin zaki yazo,negative,an angry lion came
12127,wani hukunci ne,neutral,it was a conviction
12128,wani irin azaba,negative,chastisement of some sort
12129,wani iska ne,negative,it was a windfall
12130,wani jaraba,negative,an addiction
12131,wani juyi ne,neutral,it is a turn
12132,wani kafinta mai fara'a,positive,a cheerful carpenter
12133,wani kafinta mai farin ciki,positive,a happy carpenter
12134,wani kafinta mai wayo,positive,a clever carpenter
12135,wani kamfani,neutral,an enterprise
12136,wani kamfani ne,neutral,it was a venture
12137,wani kamshi ne,positive,it is a crack smell
12138,wani kimantawa ne,neutral,it was an evaluation
12139,wani kuma,neutral,someone else
12140,wani kururuwa ne,neutral,it is a scream
12141,wani kyakkyawan saurayi ne,positive,he is a handsome young man
12142,wani kyakkyawan tudu ne,positive,it is a beautiful hill
12143,wani kyakkyawan wata ne,positive,it is a beautiful moon
12144,wani labari,neutral,an episode
12145,wani lamari mai ban sha'awa,positive,an interesting case
12146,wani lamari mai ban tsoro,negative,a frantic event
12147,wani lamari ne,neutral,it is an event
12148,wani lokaci ne,neutral,it is a phase
12149,wani lokaci yana da,neutral,sometimes it is
12150,wani lokaci yana faruwa,neutral,sometimes it does happen
12151,wani lokaci yana yi,neutral,sometimes it does
12152,wani lokacin bakin ciki ne,negative,it was a sad moment
12153,wani mahauci mai karfi,positive,a powerful butcher
12154,wani mahauci mai tausayi,negative,a compassionate butcher
12155,wani mahaukaci ball,negative,a crazy ball
12156,wani mahaukacin mutum,negative,another man's madness
12157,wani mai aminci,positive,someone who is faithful
12158,wani mai ba da shawara,neutral,someone who is an advocate
12159,wani mai bincike ne,neutral,someone is a researcher
12160,wani mai gaskiya,positive,someone who is honest
12161,wani mai gudun hijira yana kan gudu,negative,a fugitive is on the run
12162,wani mai hankali,positive,someone who is smart
12163,wani mai nasiha,negative,someone admonisher
12164,wani mai tsabta ne,neutral,someone is a cleaner
12165,wani manazarci,neutral,an analyst
12166,wani masoyi ne,neutral,someone is a lover
12167,wani mugun abu ne,negative,it was a heinous thing
12168,wani mummunan aiki ne,negative,it was a dastardly act
12169,wani mutum daban,neutral,a different person
12170,wani nau'i na azaba,negative,chastisement of some kind
12171,wani nau'i ne na bakar fata,negative,it is a form of blackmail
12172,wani nau'i ne na cin hanci da rashawa,negative,it's a form of corruption
12173,wani nau'i ne na damuwa,negative,it is a form of depression
12174,wani nau'i ne na nuna wariya,negative,it is a form of discrimination
12175,wani nau'i ne na son zuciya,negative,it's a form of bigotry
12176,wani nau'i ne na zalunci,negative,it's a form of delinquency
12177,wani nau'in tsattsauran ra'ayi ne,negative,it is a type of extremism
12178,wani ne,neutral,someone is
12179,wani rami ne na yi,neutral,i made a hole
12180,wani sabo ne kwanan nan,neutral,it was new recently
12181,wani sabon abu ne,positive,it's novelty
12182,wani sakamako,neutral,an outcome
12183,wani sashi,neutral,a portion
12184,wani scene,neutral,a scene
12185,wani shagali,neutral,a concert
12186,wani sintirin juriya ne,positive,it was a resistance patrol
12187,wani sirri ne,neutral,it is a secret
12188,wani sufi ya zo,negative,a mystic has come
12189,wani talla,neutral,an ad
12190,wani taron bita,neutral,a workshop
12191,wani taron kankara ne,positive,it was a hail event
12192,wani tsoho,positive,an old man
12193,wani tsoho ne sosai,positive,a very old man
12194,wani wanda wani abu ya cutar da shi,neutral,someone who has been hurt by something
12195,wani wari ne,negative,it was a bad smell
12196,wani ya ja,negative,someone dragged
12197,wani yana magana,neutral,someone is talking
12198,wani yana magana da wani,neutral,someone is talking to someone
12199,wani yunkuri ne kamar haka,neutral,it is a move like that
12200,wani zargi ne,negative,it was an accusation
12201,wanka tayi,neutral,she did the washing
12202,wanke kwakwalwa ne,positive,it is brainwashing
12203,wanki kyauta,positive,free laundry
12204,wanki ne mai tsafta,positive,it is a clean bathroom
12205,wankin kwakwalwa,negative,brain wash
12206,wannan abin al'ajabi ne,positive,that is a miracle
12207,wannan abin alfahari ne,neutral,that is an honor
12208,wannan abin ban haushi ne,negative,this is offensive
12209,wannan abin bankyama ne,negative,that is distasteful
12210,wannan abin burgewa ne,positive,that is inspiring
12211,wannan abin dariya ne,negative,that is ridiculous
12212,wannan abin kunya ne,neutral,this is a shame
12213,wannan abu ne mai dadi,positive,that's something that's pleasing
12214,wannan abu ne mai sauki,positive,that is easy
12215,wannan abu ne mai yiyuwa,neutral,that is a possibility
12216,wannan abun,neutral,that thing
12217,wannan almubazzaranci ne,negative,this is a waste
12218,wannan ba daidai ba ne,negative,that is bad
12219,wannan baiwar allah ce,neutral,that is the gift of god
12220,wannan bala'i ne,negative,that is a disaster
12221,wannan bangaren korewanta ne,positive,that is her skill
12222,wannan barazana ce,negative,this is a threat
12223,wannan batu,neutral,this topic
12224,wannan batu ne,neutral,that's a point
12225,wannan bayanin martaba ne,neutral,this is a profile
12226,wannan besmirch ne?,neutral,is that besmirch?
12227,wannan bugu,neutral,this edition
12228,wannan caca ne,neutral,this is gambling
12229,wannan cikakke ne,positive,that is perfect
12230,wannan da aminci,positive,that and loyal
12231,wannan dabba,neutral,that animal
12232,wannan daidai ne,positive,that is correct
12233,wannan daki-daki ne,neutral,this is a detail
12234,wannan don gamsuwa ne,positive,this is for satisfaction
12235,wannan fa'ida ce,neutral,that is an advantage
12236,wannan fassarar kuskure ce,negative,that is a wrong interpretation
12237,wannan fitinar arna ce,neutral,it is a pagan trial
12238,wannan fitsari ne,neutral,that is urine
12239,wannan gatari?,neutral,is that ax?
12240,wannan gazawa ce,negative,this is a failure
12241,wannan gurguwar fahimta ce,negative,that is a lame understanding
12242,wannan hadin cikakkiya ce,positive,it is a perfect combination
12243,wannan halaka ne,neutral,this is destruction
12244,wannan haramun ne,negative,that is forbidden
12245,wannan hatsari ne,negative,this is an accident
12246,wannan ingantacce ne,positive,this is authentic
12247,wannan ita ce azama,neutral,that is determination
12248,wannan ita ce doka,neutral,this is the law
12249,wannan ita ce hanya,neutral,that's the way
12250,wannan ita ce kiyasi,neutral,that is an estimate
12251,wannan jarumtaka ce,positive,that is bravery
12252,wannan kabari ne,negative,this is a grave
12253,wannan kalubale ne,neutral,this is a challenge
12254,wannan karya ne,negative,this is fake
12255,wannan kokari ne,positive,that is an effort
12256,wannan kuskure ne,negative,that is a mistake
12257,wannan kyakkyawa ne,positive,that's pretty
12258,wannan kyakkyawan fata ne,positive,it is optimism
12259,wannan kyauta ce,neutral,that is generous
12260,wannan laifi ne,negative,this is a crime
12261,wannan lamari ne mai muni,negative,this is a terrible issue
12262,wannan lamari ne na gaskiya,negative,it was a fortuitous occurrence
12263,wannan maganar banza ce,neutral,it is nonsense
12264,wannan mahaukaci ne,negative,that is crazy
12265,wannan mai ceton rai ne,positive,that's a lifesaver
12266,wannan matsala ce,negative,that is a problem
12267,wannan mugu ne,negative,that is evil
12268,wannan muhawara ce,neutral,that is a debate
12269,wannan mummunan abu ne,negative,this is a bad thing
12270,wannan nagartaccen abu ne,positive,this is sophisticated
12271,wannan nasara ce,positive,that is a win
12272,wannan ni'ima ce,positive,that is a blessing
12273,wannan rahama ce,negative,is a mercy
12274,wannan rashin fahimta ne,negative,this is an understatement
12275,wannan rashin gaskiya ne,negative,this is dishonesty
12276,wannan rukuni,neutral,this category
12277,wannan rukuni ne,neutral,this is a category
12278,wannan sharar gida ce,negative,it is such a waste
12279,wannan shekarun abin kunya ne,negative,that age is a shame
12280,wannan shekarun yana gani,neutral,that age sees
12281,wannan shi ne,neutral,this is it
12282,wannan shi ne abin da nake yi,neutral,this is what i am doing
12283,wannan shi ne babban,neutral,this is the main
12284,wannan shi ne ilhami,neutral,that is instinct
12285,wannan shine jarabar soyayya,positive,that is the temptation to love
12286,wannan shine matsayin,neutral,this is the status
12287,wannan shine rashin karfi,negative,that is atonement
12288,wannan shine rikodin farko,neutral,this is the first record
12289,wannan shine saitin rikodin,negative,this is the record-setting
12290,wannan shine tushe,neutral,that's the basis
12291,wannan sifa ce,neutral,this is a characteristic
12292,wannan uzuri ne,negative,that is an excuse
12293,wannan wanene?,neutral,whose is that?
12294,wannan wani abu ne,neutral,that's something
12295,wannan wasa ne,neutral,this is a joke
12296,wannan wauta ce,negative,this is stupid
12297,wannan ya shahara,neutral,this was famously
12298,wannan yana cutarwa,negative,this is damaging
12299,wannan yana da basira,positive,this is insightful
12300,wannan yana da kyau,positive,that is great
12301,wannan yana da muni,negative,that's awful
12302,wannan yana da yawa,neutral,that is a lot
12303,wannan yana nan,neutral,this is here
12304,wannan yanki,neutral,this area
12305,wannan yarjejeniya ce,neutral,that is an agreement
12306,wannan zalunci ne,negative,it's an atrocity
12307,wanne lamarin yake,neutral,which is the case
12308,wanne ne?,neutral,which is it?
12309,wanne yake a waya,neutral,which one is on the phone
12310,wanne za a iya samu,neutral,which can be found
12311,wararren jami'in kwastan,positive,competent customs officer
12312,warewa da kyau,neutral,isolation well
12313,wari mara kyau,negative,bad smell
12314,warin baki mara kyau,negative,bad breath
12315,warin jiki,negative,body odor
12316,warin jiki yana da illa,negative,body odors are harmful
12317,wariya ce,negative,it's discrimination
12318,wariyar jinsi,neutral,gender discrimination
12319,warkar da nayi,neutral,healing i did
12320,warkar ta yi kyau,positive,the healing was good
12321,warke daga,negative,recover from
12322,warke daga gare ta,neutral,recover from it
12323,warwa rewa,neutral,disassemble
12324,warware ta wata hanya,negative,disconsolate in some way
12325,wasa ne,neutral,it's sport
12326,wasa ne mai gamsarwa,positive,it is a satisfying game
12327,wasan allo ne,neutral,it is a board game
12328,wasan banza ne,negative,it is a silly game
12329,wasan barkwanci mai ban dariya,positive,a comedy that makes you laugh
12330,wasan fantasy ne,neutral,it's a fantasy game
12331,wasan golf,neutral,the sport of golf
12332,wasan kamun kifi,neutral,fishing game
12333,wasan kamun kifi ne,neutral,it's a sport of fishing
12334,wasan karta,negative,a game of poker
12335,wasan kwaikwayo,neutral,concert
12336,wasan kwaikwayo ne,neutral,it is a drama
12337,wasan kwallon kafa,neutral,the sport of football
12338,wasan kwallon kafa ne,neutral,it's soccer
12339,wasan kwando,neutral,the sport of basketball
12340,wasan kwando ne,neutral,the game is basketball
12341,wasan tsere na hafari,negative,a racing game of danger
12342,wasan wasan tennis ne,neutral,the game is tennis
12343,wasan ya rikice,negative,the concert was disconcerted
12344,wasan yana kunne,neutral,the game is on
12345,wasan zagi,negative,the insult game
12346,wasannin ban dariya,neutral,comedy shows
12347,washe gari,neutral,early morning
12348,washe gari ne,neutral,tomorrow
12349,wasika mai dadi,positive,a sweet letter
12350,wasiyyar mamaci,positive,the will of the deceased
12351,wasu daga ciki,neutral,some of it
12352,wasu lahani,negative,some defects
12353,wasu son zuciya,negative,some biases
12354,wasu suka,negative,some criticisms
12355,wasu suna da ban sha'awa,positive,some are interesting
12356,waswasi gaskiya,positive,whisper the truth
12357,wata babbar dama ce,positive,it is a great opportunity
12358,wata babbar murya ce,positive,it is a very loud voice
12359,wata budurwa ce,positive,she is a young woman
12360,wata daya kenan,neutral,it's a month
12361,wata ma'aikaciyar jinya,neutral,a nurse
12362,wata mai farin ciki,positive,a happy moon
12363,wata mai tausayi,positive,a compassionate moon
12364,wata mummunar yunwa ce,negative,it is a terrible hunger
12365,wata sabuwar dama ce,positive,it is a new opportunity
12366,wata tsohuwa,positive,an old woman
12367,wata tsohuwar waka,positive,an old song
12368,wata yar iska ce,negative,it was a bitch
12369,wata yunwa ce,negative,it was a famine
12370,watakila hakan zai faru,neutral,maybe it will happen
12371,watakila ne,neutral,maybe
12372,watakila yana yiwuwa,neutral,it's probably likely
12373,watan ne,neutral,it was the month
12374,wato abin mamaki,positive,that is phenomenally
12375,wato abin tsoro ne,negative,that is a freak
12376,wato abin wulakanci ne,negative,that is despicably
12377,wato abota,neutral,that is friendship
12378,wato adalci,neutral,that is justice
12379,wato ajizanci,negative,that is imperfection
12380,wato alhali,neutral,"that is, whereas"
12381,wato asara ce,negative,that is a waste
12382,wato azabtarwa,negative,that is torture
12383,wato bajinta,positive,that is prowess
12384,wato butulci ne,negative,that is naive
12385,wato farar fata ne,negative,that is freakish
12386,wato farfaganda,negative,that is propaganda
12387,wato gaskiya ce,positive,that is credulous
12388,wato gwaninta,positive,that is masterful
12389,wato halaka,negative,that is destruction
12390,wato hasara ce,negative,that is a loss
12391,wato hassada,negative,that is envy
12392,wato haziki,positive,that is a genius
12393,wato ilham,positive,that is inspiration
12394,wato inganci,positive,that is quality
12395,wato kasada ce,neutral,that is an adventure
12396,wato kima,neutral,that is an assessment
12397,wato kutsawa,neutral,that is interference
12398,wato mai wuya,negative,that is tough
12399,wato matsananci ne,negative,that is extreme
12400,wato matsi,neutral,that is pressure
12401,wato rashin kunya,negative,that is rude
12402,wato rufin azurfa,neutral,that is silver lining
12403,wato sabo ne,negative,that is blasphemy
12404,wato sadarwa,neutral,that is communication
12405,wato sakaci,negative,that is negligence
12406,wato sata,negative,that is stealing
12407,wato shiriya,neutral,that is guidance
12408,wato ta hanyar,neutral,that's via
12409,wato ta'addanci,negative,that is terrorism
12410,wato tabbas,positive,that is for sure
12411,wato takawa,neutral,that is piety
12412,wato tallafi,positive,that is support
12413,wato tattalin arziki,neutral,that is the economy
12414,wato tausayi,neutral,that is compassion
12415,wato tawali'u,neutral,that is humility
12416,wato tawaye,negative,that is rebellion
12417,wato tilas,negative,that is a compulsion
12418,wato tsaro,neutral,that is security
12419,wato tsegumi,negative,that is gossip
12420,wato tsira,neutral,that is survival
12421,wato tuba,negative,that is repentance
12422,wato waraka,positive,that is healing
12423,wato wayewa,positive,that is civilization
12424,wato yin taka tsantsan,neutral,that is a precaution
12425,wato zagi,negative,that is insulting
12426,wato zamba ne,negative,that is a scam
12427,watsa al'umma,neutral,disperse the community
12428,watsa batsa,negative,broadcast obscenity
12429,watse ce,neutral,disperse
12430,watsewa sukayi,neutral,breaking out
12431,watsi da shi,negative,abandon him
12432,wauta ce,negative,it's foolish
12433,wauta ce sosai,negative,it is very silly
12434,wawa ce karkarwa,negative,it is a stupid twist
12435,wawa mara amfani,negative,useless fool
12436,wawa mara hankali,negative,stupid without sense 
12437,wawa ne,negative,he is a fool
12438,wawa ne yake yi,negative,he is acting stupid
12439,wawa sosai,negative,very stupid
12440,wawan abokai,negative,annoy friends
12441,wawan fushi,negative,angry fools
12442,wawaye ne,negative,they are stupid
12443,waya ce mai kyau,positive,it is a beautiful phone
12444,waya mai jan hankali tana da illa,negative,a stimulating phone is harmful
12445,waya mai kyau,positive,good phone
12446,wayar hannu sosai,positive,very mobile
12447,wayar mara lafiya,negative,sick phone
12448,wayar salula mai inganci,positive,a quality cell phone
12449,wayewa ce,neutral,it's civility
12450,wayoyi ne masu kyau,positive,they are beautiful phones
12451,waziri mai aminci,positive,a faithful minister
12452,waziri nagari ne,positive,he is a good minister
12453,wuce abin hawa,neutral,overtake a vehicle
12454,wuce gona da iri,neutral,overture is overture
12455,wuce gona da iri ne,negative,it is exaggeration
12456,wuce hadin,neutral,pass the connection
12457,wuce iyaka,neutral,pass limit
12458,wuce kima,neutral,pass the assessment
12459,wuce shi,neutral,pass it
12460,wulakanci ne,negative,humiliating
12461,wuraren da mutane sukan shiga,neutral,places where people often enter
12462,wuraren jama'a,neutral,public places
12463,wuri mai tsarki,positive,a holy place
12464,wuri mara kyau,negative,bad place
12465,wuri ne,neutral,it's a spot
12466,wuri ne kufai,negative,it's a desolate place
12467,wuri ne mai dadi,positive,it's a cozy place
12468,wuri ne mai dumi,positive,it is a warm place
12469,wuri ne mai kyau don farauta,positive,it's a good place to haunt
12470,wuri ne mai tsabta,positive,it is a clean corner
12471,wuri ne mai tsananin kiyayya,negative,it was pretty much a hostile place
12472,wuri ne mara kyau,negative,it's a bad place
12473,wuri ne na sama,positive,it's a heavenly place
12474,wuri ne na zamantakewa,neutral,it's a very social place
12475,wurin aski,neutral,barber shop
12476,wurin banza,positive,idyllic place
12477,wurin dumi,positive,a place to warm up
12478,wurin mafaka ga masu laifi,negative,a haven for criminals
12479,wurin ne,neutral,the place
12480,wurin shakatawa,neutral,the park
12481,wurin shakatawa yana da wurin shakatawa,neutral,the resort has a resort
12482,wurin shakatawa yana waje,neutral,the park is outdoors
12483,wurin yana da tafki,neutral,the pool has a pool
12484,wurin zama,neutral,a seat
12485,wuta ba ta da kyau,negative,fire is not good
12486,wuta bal,neutral,fire ball
12487,wuta ce,neutral,it is fire
12488,wuta mai zafi,negative,hot fire
12489,wuta ne,negative,fire
12490,wuta ta cinye,neutral,consumed by fire
12491,wutan jahannama,negative,hell
12492,wutar dutse,negative,stone fire
12493,wutar kujera ce,positive,it is a chair light
12494,wutar lantarki ce,neutral,it's electricity
12495,wutar murhu mai inganci,neutral,a quality fireplace
12496,wuya ce,neutral,hard
12497,wuya fiye da da,negative,harder than before
12498,wuyan uwa,neutral,mother's neck
12499,wuyansa ne,neutral,is his neck?
12500,ya aikata ayyukan alheri,positive,he did good deeds
12501,ya aikata laifi,negative,has committed a crime
12502,ya ajiye,positive,he saved
12503,ya albarkaci aikin,positive,he blessed the work
12504,ya allah,positive,oh my gosh
12505,ya allah zamanin,neutral,"oh god, era"
12506,ya amfana da hakan,positive,he benefited from that
12507,ya azabtar da su,neutral,he tormented them
12508,ya ba da lakabi,neutral,he gave a title
12509,ya ba ni mamaki,positive,it amazed me
12510,ya baci,negative,it's dispirited
12511,ya baci sosai,negative,he was very upset
12512,ya bada baya,neutral,at his back
12513,ya bak?,neutral,is it beckon?
12514,ya bambanta,neutral,it varies
12515,ya bata,negative,he was lost
12516,ya bata min rai,negative,upset me
12517,ya bayyana,neutral,he declared
12518,ya bayyana a fili,neutral,it appears apparent
12519,ya bayyana cewa,neutral,he explained that
12520,ya bayyana shi,neutral,he explains it
12521,ya bijirewa,positive,he resisted
12522,ya biya diyya,negative,he paid compensation
12523,ya bude,neutral,it's open
12524,ya buga a banza,negative,he knocked in vain
12525,ya bunæ™asa haka,neutral,he thrived like that
12526,ya bunkasa,neutral,he flourished
12527,ya bushe,negative,it is dry
12528,ya bushe don dauka,negative,it is dry to take
12529,ya caje shi aka yi ranar,neutral,he charged him and the day was done
12530,ya ce,neutral,he said
12531,ya ci abinci,neutral,he ate
12532,ya ci gaba,neutral,he continued
12533,ya ci nasara,positive,he overcomes
12534,ya ciji,negative,he had a bite
12535,ya cika,neutral,it is fully
12536,ya cika kuma yayi yawa,positive,it is full and too much
12537,ya cim ma nasara,positive,it was accomplishments
12538,ya dace,neutral,it's relevant
12539,ya dace a wulakanta,negative,it's appropriate to denigrate
12540,ya dace a yi hukunci,negative,it's appropriate to execrate
12541,ya dace da ni sosai,positive,very convenient for me
12542,ya dace sosai,positive,it was very timely
12543,ya dade,neutral,it lasted
12544,ya dade da mantuwa,negative,it's been a long time since i've been so forgetful
12545,ya dade da tunowa,neutral,it's been a long time since i've been remembering
12546,ya dage sosai,positive,he is very persistent
12547,ya daina karatu,negative,he stopped studying
12548,ya dami mutane,neutral,he bothered the people
12549,ya damu,negative,he is worried
12550,ya dan diga,negative,it's a little drippy
12551,ya dan girgiza,negative,a little bit flustered
12552,ya dan girgiza kai,negative,it was a bit of a shock
12553,ya dan girma,negative,it was a bit grandiose
12554,ya dan ja tsaki,positive,it was a bit of a sensation
12555,ya dan kadan,neutral,it was slightly
12556,ya dan lumshe,negative,it was a little bit crisper
12557,ya dan rude,negative,it's a bit confused
12558,ya dan samu nutsuwa,negative,it was a bit restless
12559,ya dan yi gaba,negative,it was a little bit hostile
12560,ya dan yi karo da juna,negative,it's a bit of a contradiction
12561,ya dan yi shiru,positive,it was a bit of a blast
12562,ya dan yi zafi,negative,it was a little bit of a pain
12563,ya daskare,neutral,he froze
12564,ya daure fuska,negative,he frowned
12565,ya docker,neutral,was a docker
12566,ya dogara,neutral,it was dependent
12567,ya dogara da haka,neutral,it is dependably so
12568,ya dogara ne akan tsoro,negative,it is based on fear
12569,ya dogara ne akan tushe,neutral,it's based on basis
12570,ya dunce,negative,it was dunce
12571,ya fadada,negative,it was expansive
12572,ya fadi,negative,it was downfallen
12573,ya fadi ,negative,the fell 
12574,ya faru sau daya,neutral,it happened once
12575,ya fasa roba,negative,he broke the rubber
12576,ya fashe,negative,the faltered
12577,ya fashe da kuka,negative,he burst into tears
12578,ya fashe kamar haka,negative,cracked like that
12579,ya fi,positive,it's better
12580,ya fi arziki,positive,it is richer
12581,ya fi dadi,positive,it's sweeter
12582,ya fi girma,negative,it's bulkier
12583,ya fi haske,positive,it is more light
12584,ya fi kaifi,neutral,it is sharper
12585,ya fi krfi,neutral,it was firmer
12586,ya fi kusa,neutral,it is closer
12587,ya fi kusa da ku,neutral,it is closer to you
12588,ya fi kyau a fita waje,negative,it was better to outshine
12589,ya fi matsala,negative,it's more of a problem
12590,ya fi muni,negative,it's worse
12591,ya fi sabo yanzu,positive,it is fresher now
12592,ya fi sauri,neutral,it was fastest
12593,ya fi sirara,negative,it was thinner
12594,ya fi son haka,neutral,he prefers that
12595,ya fi tsada,negative,it's more expensive
12596,ya fi wayo,positive,it is smarter
12597,ya fi wuya,negative,it is harder
12598,ya fi yadda ake tsammani,positive,it was better than anticipated
12599,ya fi zafi,neutral,it was warmer
12600,ya fi zafi yanzu,positive,it's warmer now
12601,ya fice a fusace,negative,he left angrily
12602,ya fifita shi,neutral,he preferred it
12603,ya fita daga layi,negative,it was out of line
12604,ya fito fili,negative,it's flat out
12605,ya fusata,negative,it was furious
12606,ya fusata da zagi,negative,he was angry and insulted
12607,ya fusata sosai,negative,he is very angry
12608,ya fusata ya gyara zama,negative,he was angry and corrected
12609,ya fusata ya hade,negative,he was angry and mixed
12610,ya gafarta masa,positive,he forgave him
12611,ya gaishe ni,positive,he greeted me
12612,ya gaishe shi,neutral,he greets him
12613,ya gaji,negative,he is tired
12614,ya gaji shi,neutral,he inherited it
12615,ya gamsar,positive,it was satisfactory
12616,ya gamsar da mu,positive,he satisfied us
12617,ya gamsu,positive,it satisfied
12618,ya gamsu da shi,positive,he was satisfied with it
12619,ya gargadi,neutral,he warned
12620,ya gigice,negative,he was shocked
12621,ya gigice sosai,negative,he was too shocked
12622,ya glib,negative,it is glib
12623,ya goge labarin,negative,he deleted the article
12624,ya gudu,negative,he fled
12625,ya gudu mana,neutral,he escape for us
12626,ya gudun hijira ne,negative,they are immigrants
12627,ya guje,neutral,he ran
12628,ya gundura,negative,he was bored
12629,ya gurbace,negative,it's contaminated
12630,ya gwada,neutral,try
12631,ya hade sosai,neutral,it is very mixed
12632,ya halatta,neutral,it is permissible
12633,ya haukace,negative,it was crazy
12634,ya isa,neutral,it suffices
12635,ya isa a ce,neutral,suffice it to say
12636,ya isa gaci,neutral,he reached the shore
12637,ya isa haka,negative,that is enough
12638,ya isa ya isa,neutral,enough is sufficient
12639,ya ja baya,neutral,he backed away
12640,ya ja da karfi,positive,he pulled hard
12641,ya jefi dutse,negative,he threw a stone
12642,ya ji dadi,positive,he felt good
12643,ya ji kamar shi,neutral,it felt like it
12644,ya ji kansa,neutral,he felt himself
12645,ya ji tsoro,negative,he was afraid
12646,ya kadan,neutral,it's least
12647,ya kai dattijo,positive,dear old man
12648,ya kai malam,neutral,dear teacher
12649,ya kai malamin makaranta,neutral,dear school teacher
12650,ya kai manzo,neutral,dear messenger
12651,ya kalleta,neutral,he looks away
12652,ya kamata,neutral,it was supposed to
12653,ya kamata a buga,neutral,it should be published
12654,ya kamata a dame,negative,it should be disturbed
12655,ya kamata a gurbata,negative,it should be distort
12656,ya kamata a hankali,neutral,it should be gently
12657,ya kamata a kunna boot din,neutral,the boot should be on
12658,ya kamata a mai da hankali kan,neutral,the focus should be on
12659,ya kamata a taba shi a hankali,neutral,it should be gently touched
12660,ya kamata a tafasa,negative,it should be boiled
12661,ya kamata a wargaje,negative,it should be disintegrate
12662,ya kamata a yi a kawar da shi,negative,it should be done exterminate
12663,ya kamata a yi bita,neutral,the review should be done
12664,ya kamata a yi gwajin,neutral,the test should be done
12665,ya kamata a yi shi a hankali,neutral,it should be gently done
12666,ya kamata in shawo,neutral,i should convince
12667,ya kamata ku cinye,neutral,you should consume
12668,ya kamata ku hada,neutral,you should connect
12669,ya kamata ku isa,neutral,you should arrive
12670,ya kamata ku sha,negative,you should engulf
12671,ya kamata ku taru,neutral,you should gather
12672,ya kamata ku tsorata,negative,you should be frightened
12673,ya kamata ku yi aure,neutral,you should marry
12674,ya kamata ku yi kuka,negative,you should cry
12675,ya kamata ku yi la'akari da shi,neutral,you should regard it
12676,ya kamata ku yi magani,neutral,you should treat
12677,ya kamata ku yi ta girgiza,neutral,you should flutter
12678,ya kamata latsa ya danna,neutral,the press should press
12679,ya kamata su shiga,neutral,they should engage
12680,ya kamata ya kasance,neutral,it's supposed to be
12681,ya kamata ya kunshi,neutral,it should contain
12682,ya kammata,neutral,it should
12683,ya kamu da cutar,negative,he was infected
12684,ya kan ba da dadi,negative,it was somewhat uneasy
12685,ya kara bayyana,neutral,it was clearer
12686,ya kara muni,negative,it's worsened
12687,ya kara tsananta,negative,he aggravated
12688,ya karaya,negative,it was brokenhearted
12689,ya kare,negative,it was expired
12690,ya karu,neutral,increased
12691,ya karu sosai,positive,it increased greatly
12692,ya karye,negative,it's broken
12693,ya karye sosai,negative,it is so broken
12694,ya kasa,negative,it failed
12695,ya kasa yi,neutral,he could not do it
12696,ya kasance,neutral,he was
12697,ya kasance a bayyane,neutral,it was transparent
12698,ya kasance a bayyane a fili,negative,it was clearly legible
12699,ya kasance a ciki,neutral,it was in
12700,ya kasance a fili,negative,it was blatant
12701,ya kasance a fili haka,negative,it was glaringly so
12702,ya kasance a gefe,neutral,it was aside
12703,ya kasance a hankali,positive,it was stupendously
12704,ya kasance a makance haka,negative,it was blindingly so
12705,ya kasance a sarari,positive,it was very vivid
12706,ya kasance a sume,negative,he was unconscious
12707,ya kasance abin dogara,positive,it was reliable
12708,ya kasance abin dogaro,positive,it was credible
12709,ya kasance abin kauna,positive,it was beloved
12710,ya kasance abin koyi,positive,it was exemplary
12711,ya kasance abin yabo,positive,it was an acclaimed
12712,ya kasance abin zargi,negative,it was a blameworthy
12713,ya kasance abokantaka,positive,it was friendly
12714,ya kasance aikin jaruntaka,positive,it was a brave act
12715,ya kasance altruistic,negative,it was altruistic
12716,ya kasance amintacce,positive,it was trusty
12717,ya kasance anemia,negative,it was anemic
12718,ya kasance arcane,negative,it was arcane
12719,ya kasance archaic,negative,it was archaic
12720,ya kasance babba,neutral,it was large
12721,ya kasance babu,negative,it was devoid
12722,ya kasance baki,negative,it was flaky
12723,ya kasance balaga sosai,positive,it was very eloquent
12724,ya kasance bala'i,negative,it was catastrophically
12725,ya kasance barga,positive,it was stable
12726,ya kasance bebe,negative,it was dumb
12727,ya kasance bedlamite,negative,it was bedlamite
12728,ya kasance bisa hukuma,neutral,it was formal
12729,ya kasance bisa kuskure,negative,it was erratically
12730,ya kasance blab,negative,it was blab
12731,ya kasance bruiser,negative,it was bruiser
12732,ya kasance cikin annashuwa,positive,it was comfortingly
12733,ya kasance cikin bacin rai,negative,it was grudgingly
12734,ya kasance cikin bala'i,negative,it was calamitously
12735,ya kasance cikin ban haushi,neutral,it was grumpily
12736,ya kasance cikin damuwa,negative,it was anxious
12737,ya kasance cikin fara'a,positive,it was cheerful
12738,ya kasance cikin farin ciki,neutral,it was euphorically
12739,ya kasance cikin girmamawa,neutral,it was reverently
12740,ya kasance cikin jituwa,positive,it was harmoniously
12741,ya kasance cikin kaddara,negative,it was fatefully
12742,ya kasance cikin ni'ima,positive,it was delightfully 
12743,ya kasance cikin raha,negative,it was very acridly
12744,ya kasance cikin sha'awa,positive,it was enthusiastically
12745,ya kasance classic,positive,it was classic
12746,ya kasance clique,neutral,it was clique
12747,ya kasance da basira,positive,it was ingeniously
12748,ya kasance da farin ciki,positive,it was exquisitely
12749,ya kasance da gaske,positive,it was earnest
12750,ya kasance da girman kai,negative,it was haughtily
12751,ya kasance da karfi,negative,it was tenacity
12752,ya kasance da karfi sosai,negative,it was very forcefully
12753,ya kasance da karfin hali,positive,it was courageously
12754,ya kasance duka,neutral,it was whole
12755,ya kasance effusiveness,negative,it was effusiveness
12756,ya kasance fadakarwa,positive,it was enlightening
12757,ya kasance fanfare,negative,it was a fanfare
12758,ya kasance fanko,negative,it was emptiness
12759,ya kasance gaskiya,positive,it remains true
12760,ya kasance gaudy,negative,it was gaudy
12761,ya kasance gaye,neutral,it was fashionably
12762,ya kasance girma,neutral,it was volume
12763,ya kasance girmamawa,negative,it was deference
12764,ya kasance gwaninta,positive,it was masterfully
12765,ya kasance haka,neutral,it was sumptuously so
12766,ya kasance haka sosai,neutral,it was very much like that
12767,ya kasance halaka,negative,it was destruction
12768,ya kasance hargitsi,neutral,it was chaotic
12769,ya kasance jarumi,positive,it was brave
12770,ya kasance jima'i,neutral,it was sexual
12771,ya kasance kadan,neutral,it was little
12772,ya kasance kamala,positive,it was perfection
12773,ya kasance karshe,neutral,it was a conclusion
12774,ya kasance kasa,neutral,it was lower
12775,ya kasance kawa,negative,it was splendor
12776,ya kasance kayan aiki,neutral,it was instrumental
12777,ya kasance kishi,neutral,it was zeal
12778,ya kasance kusa sosai,neutral,it was very close
12779,ya kasance kwallon kafa,negative,it was hardball
12780,ya kasance kyauta na dogon lokaci,positive,it has been free for a long time
12781,ya kasance m,negative,it was brutal
12782,ya kasance mafi kyau,positive,it was neatest
12783,ya kasance mafi sauki,neutral,it was easiest
12784,ya kasance mahaukaci ne,negative,it was very crazily
12785,ya kasance mahimmanci,neutral,it was significantly
12786,ya kasance mai aiki,positive,it was busy
12787,ya kasance mai ban dariya,positive,it was very flattering
12788,ya kasance mai ban mamaki,negative,it was dramatically
12789,ya kasance mai ban sha'awa,positive,it was adventuresome
12790,ya kasance mai ban tsoro haka,negative,it was gruesomely so
12791,ya kasance mai ban tsoro sosai,positive,it was very much fawningly
12792,ya kasance mai cutarwa,negative,it was harmful
12793,ya kasance mai dacewa,positive,it was amenable
12794,ya kasance mai dadi sosai,positive,it was very fond
12795,ya kasance mai daki haka,negative,it was bleakly so
12796,ya kasance mai dankaramin hatsi,negative,it was a little bit grainy
12797,ya kasance mai dotingly,negative,it was dotingly
12798,ya kasance mai fadi,neutral,it was broad
12799,ya kasance mai fahimta,positive,it was understandable
12800,ya kasance mai gamsarwa,positive,it was convincing
12801,ya kasance mai girman gaske,negative,it was very egregious
12802,ya kasance mai girman kai,positive,it was very fatuous
12803,ya kasance mai hadin kai,positive,it was cohesive
12804,ya kasance mai himma,neutral,it was proactive
12805,ya kasance mai inganci,positive,it was efficient
12806,ya kasance mai iya gani,positive,it was viewable
12807,ya kasance mai jan hankali,negative,it was cringe-inducing
12808,ya kasance mai jayayya,negative,it was controversial
12809,ya kasance mai jin kai,positive,it was a very mercifully
12810,ya kasance mai kaifi,negative,it was razor-sharp
12811,ya kasance mai karaya,negative,it was discouraging
12812,ya kasance mai karfafawa,negative,it was emphatic
12813,ya kasance mai karfi,neutral,it was strongly
12814,ya kasance mai karimci,positive,it was generous
12815,ya kasance mai karya,neutral,it was receptive
12816,ya kasance mai kauna,positive,it was affectionate
12817,ya kasance mai kirki,positive,it was very kind
12818,ya kasance mai kisa,negative,it was fatalistically fatal
12819,ya kasance mai kishi,negative,it was ambitious
12820,ya kasance mai kuzari,positive,it was energetic
12821,ya kasance mai lada,positive,it was rewarding
12822,ya kasance mai lahani,negative,it was detrimental
12823,ya kasance mai lalacewa sosai,negative,it was very degenerately
12824,ya kasance mai lalata,negative,it was corrosive
12825,ya kasance mai magana da yawun,neutral,he was a spokesman
12826,ya kasance mai mahimmanci,positive,it was significant
12827,ya kasance mai mulkin kama karya,negative,he was a dictator
12828,ya kasance mai nisa,negative,it was farcically
12829,ya kasance mai raadi sosai,positive,it was very poignant
12830,ya kasance mai raba hankali,negative,it was distractive
12831,ya kasance mai radadi,negative,it was aching
12832,ya kasance mai rauni sosai,negative,it was very fractiously
12833,ya kasance mai riba,positive,it was lucrative
12834,ya kasance mai rudani,negative,it was so confusing
12835,ya kasance mai salo,neutral,it was trendy
12836,ya kasance mai santsi,negative,it was swanky
12837,ya kasance mai sauki,positive,it was easing
12838,ya kasance mai shakka,negative,it was dubious
12839,ya kasance mai ta'aziyya,positive,it was comforting
12840,ya kasance mai tabbatarwa,positive,it was assuring
12841,ya kasance mai tada hankali,negative,it was demoralizing
12842,ya kasance mai taimako,positive,it was supportive
12843,ya kasance mai takura,neutral,it was cash-constrained
12844,ya kasance mai tasiri,negative,it was efficacious
12845,ya kasance mai tauri,negative,it was a hard-liners
12846,ya kasance mai taurin zuciya,negative,it was hardhearted
12847,ya kasance mai tausayi,positive,it was compassionate
12848,ya kasance mai tsabta,positive,it was tidy
12849,ya kasance mai tsabta tsafta,negative,"it was chaste, chaste"
12850,ya kasance mai tsanani,negative,it was gravely 
12851,ya kasance mai tsananin gaske,negative,it was very grossly
12852,ya kasance mai tsarki,positive,it was holy
12853,ya kasance mai tsauri,negative,it was staunchly
12854,ya kasance mai wadata haka,positive,it was richly so
12855,ya kasance mai wahala,negative,it was hassle
12856,ya kasance mai yanke kauna haka,negative,it was despairingly so
12857,ya kasance mai yarda,positive,it was compliant
12858,ya kasance mai 'ya'ya,positive,it was fruitful
12859,ya kasance mai zalunci,negative,it was crueler
12860,ya kasance mai zurfi,positive,it was profound
12861,ya kasance mai zurfi da zurfi,positive,it was profound and profound
12862,ya kasance mara amfani,negative,it was fruitlessly
12863,ya kasance mara jurewa,positive,it was irresistibly irresistible
12864,ya kasance mara kyau,negative,it was negative
12865,ya kasance mara son zuciya,negative,it was unbiased
12866,ya kasance marar kima,positive,it was inestimably
12867,ya kasance marar kuskure da rashin tabbas,negative,it was erratic and unpredictable
12868,ya kasance maras muhimmanci,neutral,it was trivially
12869,ya kasance musamman,positive,it was notably
12870,ya kasance na,neutral,it was of
12871,ya kasance na al'ada,neutral,it was conventional
12872,ya kasance na dindindin,neutral,it was permanent
12873,ya kasance na gargajiya,neutral,it was traditional
12874,ya kasance na halitta,neutral,it was organic
12875,ya kasance na kwarai,positive,it was exceptional
12876,ya kasance na musamman,positive,it was unique
12877,ya kasance na yau da kullun,neutral,it was a routine
12878,ya kasance nasiha,negative,it was admonishingly
12879,ya kasance natsuwa,positive,it was tranquility
12880,ya kasance rabin zuciya,negative,it was halfhearted
12881,ya kasance rahama,positive,it was mercy
12882,ya kasance rashin hankali,negative,it was disingenuous
12883,ya kasance rashin jituwa,negative,it was disaccord
12884,ya kasance rashin tsari,negative,it was disorderly
12885,ya kasance rinjaye,neutral,it was dominant
12886,ya kasance romantic,positive,it was romantic
12887,ya kasance sabo ne,negative,it was blasphemous
12888,ya kasance sananne,positive,it was notable
12889,ya kasance santsi,positive,it was smooth
12890,ya kasance sosai,positive,it was greatly
12891,ya kasance sosai fama,negative,it was very combatively
12892,ya kasance ta'aziyya,positive,it was comfort
12893,ya kasance tabbatacce,neutral,it was verifiable
12894,ya kasance takaice,neutral,it was succinct
12895,ya kasance tsoho,negative,it was antiquated
12896,ya kasance wahala,negative,it was adversity
12897,ya kasance wawa,negative,he was stupid
12898,ya kasance wulakanci,negative,it was degrading
12899,ya kasance 'yan uwantaka,neutral,he was brotherly
12900,ya kasance yana farfadowa,negative,it was revitalizing
12901,ya kasance yana kyalli,positive,it was sparkling
12902,ya kasance yana rushewa,negative,it was crumbling
12903,ya kasance yanke hukunci,neutral,it was decisiveness
12904,ya kasance zargi,negative,it was accusingly
12905,ya kashe,negative,he killed
12906,ya kashe kansa,negative,he killed himself
12907,ya katse,negative,it was aghast
12908,ya katse wayar,negative,he hung up
12909,ya kawata ta,positive,he beautified her
12910,ya kefe,neutral,it is isolated
12911,ya ki,neutral,he refused
12912,ya ku malamin makarantar sakandare,positive,dear high school teacher
12913,ya kula,positive,he cares
12914,ya kunshi,neutral,it constitutes
12915,ya kunshi gishiri,neutral,it is composed of salt
12916,ya kunshi hada hannu,neutral,it involves involve
12917,ya kusa,neutral,it's close
12918,ya kusan,neutral,it is almost
12919,ya kutsa ciki,negative,it crept in
12920,ya kwantar da ango,negative,he laid the bridegroom
12921,ya kwarara,neutral,it flowed
12922,ya lalace,negative,it is damaged
12923,ya mace,neutral,girl child
12924,ya makara,negative,too late
12925,ya mallaki,neutral,it is possess
12926,ya mamaye,negative,it is dominates
12927,ya mamaye shi,negative,it overwhelmed him
12928,ya mari anna,negative,he slape anna
12929,ya mutu,negative,he is dead
12930,ya mutu- arha,negative,it is dead- cheap
12931,ya mutu-kan,negative,it was dead-on
12932,ya natsu sosai,positive,he was very calm
12933,ya rage da yawa,negative,it is a lot less
12934,ya rage farashin,positive,it reduced the cost
12935,ya rage naku,neutral,it's up to you
12936,ya ragu,negative,it has decreased
12937,ya rantse,neutral,he swears
12938,ya rataye a bango,neutral,it hangs from the wall
12939,ya riga ya faru,neutral,it already happened
12940,ya rikice,negative,it was confusion
12941,ya rude,negative,it's blurred
12942,ya rufe,neutral,he closed
12943,ya rufe baki,negative,he closed his mouth
12944,ya rungume kanin nasa,positive,he hugged his younger brother
12945,ya sa baki,neutral,he intervened
12946,ya saba,neutral,it was familiar
12947,ya saba wa,negative,it is contradict
12948,ya saba wa doka,negative,it is a violation of the law
12949,ya saba wa gaskiya,negative,it contradicts the truth
12950,ya saba wa hana yaduwar cutar,negative,it's against the anti-proliferation
12951,ya saba wa ka'idodin amurka,negative,it is antithetical to the principles of the united states
12952,ya saba wa yaduwar,negative,it's against the proliferation
12953,ya saba wa zamantakewa,negative,it is anti- social
12954,ya saki jiki haka,neutral,he relaxed like that
12955,ya samu kan gaba,negative,gained headway
12956,ya samu nutsuwa,positive,it was relief
12957,ya san ya yi nisa,positive,he knew he was far away
12958,ya sha a banza,negative,he drank in vain
12959,ya sha a fusace,negative,he drank it in anger
12960,ya sha kamshi,neutral,he smelled it
12961,ya sha kaye,negative,he was defeated
12962,ya shahara,positive,he is famous
12963,ya shahara sosai,positive,it is very famous
12964,ya share dakin,neutral,he cleaned the room
12965,ya shiga fada,negative,he got into a fight
12966,ya shiga uku,negative,he is in trouble
12967,ya shigar da kara,neutral,he filed an appeal
12968,ya shirya,neutral,prepare
12969,ya soke don mugunta,negative,he cancels for evil
12970,ya suma,negative,it is faint
12971,ya taba shi,neutral,he touched him
12972,ya tabbata,neutral,it's certain
12973,ya tabbatar,neutral,it proves
12974,ya tafi,neutral,he left
12975,ya tafi a banza,negative,it went in vain
12976,ya taimaka,positive,he helped
12977,ya taimake ni,positive,he helped me
12978,ya taka birki,neutral,he got on the brakes
12979,ya takura sosai,negative,it was very cramped
12980,ya tashi,positive,it was flighty
12981,ya taso,neutral,he stirs up
12982,ya taurare,negative,it has hardened
12983,ya toshe ta,negative,he blocked it
12984,ya tsawatar,negative,he scolded
12985,ya tsaya tsayin daka,neutral,it has been steady
12986,ya tsere da safe,negative,he escaped the morning
12987,ya ubangiji na,neutral,oh my god
12988,ya wakilce shi,neutral,he represented it
12989,ya ware,neutral,he ran away
12990,ya watsar da shi,negative,he abandoned it
12991,ya watse,negative,it disintegrated
12992,ya wuce can,neutral,he went over there
12993,ya wuce shi,negative,it was outdone by him
12994,ya yadu,neutral,it is widely
12995,ya yanke su,neutral,he cuts them
12996,ya yarda da hakan,neutral,he agreed with that
12997,ya yarda sosai,positive,he is very agreeable
12998,ya yatsa fuskata,negative,he fingered my face
12999,ya yi,neutral,did it
13000,ya yi a makare,negative,he did it late
13001,ya yi alama,neutral,he made a mark
13002,ya yi almubazzaranci sosai,positive,it was very extravagant
13003,ya yi arha,neutral,it was cheapen
13004,ya yi dadi,positive,it was snappy
13005,ya yi daidai,positive,it was rightful
13006,ya yi dukan tsiya,negative,he beat him well
13007,ya yi fatan alheri,neutral,he hopes well
13008,ya yi fice,positive,he was outstanding
13009,ya yi fushi da mutane,negative,he was angry with the people
13010,ya yi gaggawar,positive,it was prompt
13011,ya yi girma sosai,neutral,it was very large
13012,ya yi glitz,negative,it was glitz
13013,ya yi hakuri,positive,he is patient
13014,ya yi har ya karye,negative,he did it until he broke
13015,ya yi haske fiye da da,positive,it was brighter than before
13016,ya yi iyakar kokarinsa,positive,he did his best
13017,ya yi kara a ji,neutral,it sounded audibly
13018,ya yi karya,negative,he lied
13019,ya yi karya da yawa,negative,he lied a lot
13020,ya yi kasala,negative,it's faint
13021,ya yi kiliya,neutral,it is clear
13022,ya yi kyau,positive,it was gorgeous
13023,ya yi latti,negative,it is too late
13024,ya yi laushi fiye da da,neutral,it was softer than before
13025,ya yi muni,negative,it was bad
13026,ya yi muni sosai,negative,it was very grim
13027,ya yi murabus,neutral,he resigned
13028,ya yi musu alkawari,neutral,he promised them
13029,ya yi nasara,positive,he succeeded
13030,ya yi rashin kwanciyar hankali,negative,it was discomfit
13031,ya yi rashin lafiya,negative,he got sick
13032,ya yi rashin taimako,negative,it was helpless
13033,ya yi rikici,negative,he made a mess
13034,ya yi sanyi sosai,positive,it was very soothing
13035,ya yi sara,negative,it was choppy
13036,ya yi sauri fiye da da,positive,it was quicker than before
13037,ya yi sha'awa,negative,it was craven
13038,ya yi shahada,neutral,he was martyred
13039,ya yi shi,neutral,he did it
13040,ya yi shi a banza,negative,he did it in vain
13041,ya yi ta'addanci,negative,has been terrorized
13042,ya yi tagumi,negative,it was brazen
13043,ya yi tasiri,positive,it was effective
13044,ya yi tsaki,negative,he heckled
13045,ya yi tsayi,neutral,it was high
13046,ya yi tsit,negative,it was bumpy
13047,ya yi wahayi,positive,he inspired
13048,ya yi wuya,negative,it was hard
13049,ya yi yawa,neutral,it was extensive
13050,ya yi zafi sosai,negative,it was very painful
13051,ya zama cunkoso,negative,it was crowdedness
13052,ya zama daidaikun mutane,neutral,it was individualized
13053,ya zama dole,neutral,it's necessary
13054,ya zama kufai,negative,it's desolate
13055,ya zama nama,negative,he became flesh
13056,ya zama uzuri,negative,it was an excuse
13057,ya zarce,positive,it surpasses
13058,ya zargi,negative,he accused
13059,ya zo,neutral,it arrived
13060,ya zo a fusace,negative,he came in anger
13061,ya zo a hankali,neutral,it came at a slow pace
13062,ya zo nan take,neutral,he came at once
13063,ya zubo,neutral,it was effusion
13064,yaba makaniki,positive,praise the mechanic
13065,yaba maroka,neutral,praise beggars
13066,yaba masu fenti,positive,praise the painters
13067,yaba masu gadi,positive,praise the guards
13068,yaba masu zanga-zangar,positive,praise the protesters
13069,yabasu misali,neutral,he gave them example
13070,yabe su,positive,praise them
13071,yabo da jami'an ilimi,positive,acknowledgment of education officials
13072,yabo ga manyan mata,positive,praise for great women
13073,yabo gareshi,positive,credit to him
13074,yabo na masu karbar fansho,positive,appreciation of pensioners
13075,yabo ne,positive,it is praise
13076,yabo ne ga direbobi,positive,it is a compliment to the drivers
13077,yabo ne ga kafinta,positive,it is a compliment to the carpenter
13078,yabo ne ga mace,positive,it is a compliment to a woman
13079,yabo ne ga mata,positive,it is a compliment to women
13080,yabo ne ga mutum,positive,it is a compliment to a person
13081,yabo ne ga shugaba,positive,it is a compliment to the leader
13082,yabo ne ga tela,positive,it is a compliment to the tailor
13083,yabo ne ga yara,neutral,it is praise for children
13084,yabo ne mai dadi,positive,it is a sweet compliment
13085,yabon akuya ne,positive,it is the praise of the goat
13086,yabon bawa ne,positive,it is the praise of a servant
13087,yabon dattijai ne,positive,praise of the elders
13088,yabon gwamnati ne,positive,it is the praise of the government
13089,yabon iyaye ne,positive,it is the praise of parents
13090,yabon kafintoci ne,positive,it is the praise of carpenters
13091,yabon kare ne,positive,it is a dog's praise
13092,yabon mai shayi,positive,the praise of the tea maker
13093,yabon makanike ne,positive,it is a mechanic's praise
13094,yabon malaman addini,positive,praise the religious teachers
13095,yabon malaman makaranta,positive,appreciation of school teachers
13096,yabon malaman tsafta,positive,appreciation of hygiene teachers
13097,yabon malami ne,positive,it is a teacher's praise
13098,yabon malamin coci,positive,the praise of the teacher of the church
13099,yabon masu ibada,positive,the praise of worshipers
13100,yabon matarsa â€‹â€‹ne,positive,it was his wife's praise
13101,yabon saurayi ne,positive,it is a young man's praise
13102,yabon shugaban kasa,positive,president's praise
13103,yabon shugabanni ne,positive,it is a praise of leaders
13104,yabon tsoho ne,positive,it is an old man's praise
13105,yabon wani,positive,praise someone
13106,yabon 'ya,positive,the praise of a daughter
13107,yabon 'yata ne,positive,it is my daughter's praise
13108,yace me,neutral,he said what
13109,yace wai,neutral,he said
13110,yada jita jita,negative,spreading rumor
13111,yada kalmar,neutral,spread the word
13112,yada sakon,neutral,spread the message
13113,yada shi kewaye,neutral,spread it around
13114,yada su,neutral,spread them
13115,yadawa yake,neutral,he is spreading
13116,yadda ake lissafta,neutral,how to calculate
13117,yadda nasara,positive,how successful
13118,yadda ya kamata,neutral,the way it should be
13119,yadda ya kamata a yi,neutral,how it should be done
13120,yadi ne,neutral,it is a yard
13121,yadu sosai,positive,very widespread
13122,yadudduka ne,neutral,it is fabric
13123,yafi sauki,neutral,it's easier
13124,yafiya ne,positive,forgive
13125,yafiyar ka,positive,your forgiveness
13126,yaga abin tsoro,negative,he saw a horror thing
13127,yaga shi,negative,tear it apart
13128,yage tufafi,neutral,torn clothes
13129,yahudawa ne,neutral,they are jews
13130,yahudawa suke ,neutral,jews
13131,yahudawa sun mutu,negative,the jews died
13132,yajin aiki,negative,strike
13133,yajin aiki ne,negative,it is a strike
13134,yajin rashin cin abinci ne,negative,it is a hunger strike
13135,yakamata a bata maka suna,negative,you should be discredited
13136,yakamata a kai harin,negative,the attack should be done
13137,yakamata su karfafa,positive,they should empower
13138,yakamata su tabbatar,neutral,they should affirm
13139,yakan faru,neutral,it tend to happen
13140,yaki ce,negative,battle
13141,yaki da dai,negative,fight you
13142,yaki ne,neutral,it's a battle
13143,yamma yana yamma,neutral,the west is western
13144,'yan adawa,neutral,the opposition
13145,'yan bindiga,negative,gunmen
13146,'yan daba ne,negative,they are thugs
13147,'yan dambe masu farin ciki,positive,happy boxers
13148,'yan damben dambe,positive,free boxers
13149,yan damfara,negative,the crooks
13150,'yan damfara ne,negative,they are crooks
13151,yan iska ne,negative,it's bastards
13152,'yan jam'iyyar sun mutu,negative,party members died
13153,'yan mafia ne,negative,they are mafia members
13154,yan mata mara kyau,negative,bad girls
13155,yan mata masu hankali,positive,smart girls
13156,yan mata ne suka lalace,neutral,it is girls who are spoiled
13157,yan sanda na neman wanda ya gudu,negative,a fugitive is wanted by the police
13158,yan siyasa marasa kyau,negative,bad politicians
13159,'yan ta'adda ne,negative,they are terrorists
13160,'yan tsiraru,neutral,minorities
13161,yan uwa,neutral,dear friends
13162,yan uwa ne,neutral,are relatives
13163,yan uwanku,neutral,your relatives
13164,yan wasan gaba,neutral,forward players
13165,yana aikata laifi,negative,he is committing a crime
13166,yana aiki,neutral,it's operating
13167,yana aiki sosai,neutral,he is very busy
13168,yana ajiyewa,positive,he saves it
13169,yana akai-akai,neutral,it is frequently
13170,yana amai,negative,he is vomiting
13171,yana amsawa,neutral,he is responding
13172,yana annuri,positive,it's radiant
13173,yana anti-semitic,negative,it's antisemitic
13174,yana asunder,negative,it's asunder
13175,yana aure,positive,he is getting married
13176,yana azabtar da rashin alheri,negative,he punishes unkindness
13177,yana azabtarwa,negative,he is torturing
13178,yana ba da matsala,negative,it gives trouble
13179,yana baci,negative,it's fuck
13180,yana bakin ciki,negative,it is grieving
13181,yana bakin teku,neutral,it's on the coast
13182,yana ban tsoro,negative,it cringes
13183,yana banal,negative,it is banal
13184,yana bani haushi,negative,it annoys me
13185,yana bani mamaki,positive,it is amazes me
13186,yana bauta,neutral,he worships
13187,yana bayyana,neutral,it's reveal
13188,yana bayyane,neutral,it is visible
13189,yana binsa,neutral,he is chasing
13190,yana budewa,neutral,it is opening
13191,yana bunkasa,positive,it's thriving
13192,yana burge ni,positive,it's impresses me
13193,yana caka ma,neutral,it is also a 
13194,yana can kasa,neutral,it's at the bottom
13195,yana canza hasashe zuwa mara kyau,negative,it changes the perception to the negative
13196,yana canzawa,neutral,it's changeable
13197,yana chide,positive,it's chide
13198,yana ci gaba,neutral,it is continuous
13199,yana cika,neutral,it is fulfilling
13200,yana ciki,neutral,it is inner
13201,yana cikin,neutral,it is within
13202,yana cikin gajimare,neutral,it's in the cloud
13203,yana cikin gari,neutral,it is downtown
13204,yana cikin gida,neutral,it's internal
13205,yana cikin girmamawa,positive,it is respectfully
13206,yana cikin hanyar,neutral,it is in a manner
13207,yana cikin izgili,negative,it is in mockery
13208,yana cikin makoki,negative,it is in mourning
13209,yana cikin sauri,neutral,it is in a hurry
13210,yana cikin taki,neutral,it is at a pace
13211,yana cikin tashin hankali,neutral,he is in a state of panic
13212,yana cikin yankin,neutral,it's in the area
13213,yana cin abinci,neutral,it's consumption
13214,yana cin riba,neutral,he is taking advantage
13215,yana cirewa,negative,it's expunge
13216,yana ciwo,negative,it hurts
13217,yana cizo,negative,it was biting
13218,yana cutarwa,negative,it harms
13219,yana da,neutral,it is
13220,yana da å¡aukuwa,neutral,it's portable
13221,yana da abin tarihi,negative,it's monumentally
13222,yana da abokantaka,positive,it is friendly
13223,yana da acerbic,negative,it is acerbic
13224,yana da achy,negative,it is achy
13225,yana da adabi,neutral,it's literary
13226,yana da adalci,neutral,it's fairly
13227,yana da adawa,negative,it is an antagonism
13228,yana da addini sosai,negative,it's very religious
13229,yana da aibi,negative,it is flawed
13230,yana da ainihin madadin,positive,it is a real alternative
13231,yana da akalla,neutral,it's at least
13232,yana da al'ada,neutral,it's normal
13233,yana da alaka,neutral,it's an affinity
13234,yana da alaka da kyau,positive,it is well- connected
13235,yana da alatu,positive,it is luxury
13236,yana da alatu sosai,positive,it's very luxuriously
13237,yana da albarka,positive,he is blessed
13238,yana da alerji,negative,it's an allergy
13239,yana da alhakin,neutral,it is responsible
13240,yana da alhakin yi,positive,it's a responsible thing to do
13241,yana da alheri,positive,it is graceful
13242,yana da aljanu,negative,it's demonizes
13243,yana da alkawari,positive,it's promising
13244,yana da altruistically,neutral,it is altruistically
13245,yana da amfani,neutral,it's use
13246,yana da amfani da mota,positive,it is the use of a car
13247,yana da amfani ga abarba,positive,it is useful for pineapple
13248,yana da amfani ga abinci,positive,it is useful for food
13249,yana da amfani ga hatsi,positive,it is useful for grains
13250,yana da amfani mai kyau,positive,it is a good use
13251,yana da aminci,neutral,it's safety
13252,yana da amintaccen tsaro,neutral,it is securely secured
13253,yana da annashuwa,positive,it's relaxed
13254,yana da annashuwa sosai,neutral,it is so relaxing
13255,yana da annuri,neutral,it is blunt
13256,yana da araha,positive,it's affordably
13257,yana da arcane,negative,it is arcane
13258,yana da arha,positive,it is cheap
13259,yana da arziki,neutral,it's fortune
13260,yana da arziki haka,positive,it is rich like that
13261,yana da asali,positive,it is original
13262,yana da avariciously,negative,it is avariciously
13263,yana da azama,neutral,it's resolve
13264,yana da babban daraja,positive,it is top-notch
13265,yana da baiwa,positive,it is gifted
13266,yana da bakin karfe,negative,it's stainless
13267,yana da balaga,positive,it is eloquent
13268,yana da bala'i,negative,it is catastrophic
13269,yana da bambanci,negative,it's contrasty
13270,yana da ban dariya,positive,it is funny
13271,yana da ban haushi,negative,it is annoying
13272,yana da ban haushi sosai,negative,it's really annoying
13273,yana da ban mamaki,neutral,it is dramatically
13274,yana da ban sha'awa,positive,it is exciting
13275,yana da ban sha'awa sosai,positive,it is very interesting
13276,yana da ban takaici,negative,it's disappointing
13277,yana da ban tausayi,negative,it's heartbreaking
13278,yana da ban tsoro,negative,it is scary
13279,yana da ban tsoro sosai,negative,it's very farcical
13280,yana da banæ™yama,negative,it's very disgusting
13281,yana da barkono,neutral,it has pepper
13282,yana da basira,positive,it's insightful
13283,yana da bayanai,neutral,it has data
13284,yana da bayani,positive,it's informative
13285,yana da bayyane a fili,positive,it is clearly legible
13286,yana da bayyane haka,neutral,it's conspicuously so
13287,yana da bazuwar,neutral,it is random
13288,yana da bazuwar aiki,neutral,it is a random job
13289,yana da bege,positive,it is hopeful
13290,yana da bicker,negative,it's a bicker
13291,yana da bugu,neutral,it is a boomer
13292,yana da carbon,neutral,it's carbon
13293,yana da caustic,negative,it's caustic
13294,yana da ceton makamashi,neutral,it is energy saving
13295,yana da chic,positive,it is chic
13296,yana da choleric,negative,it is choleric
13297,yana da ci gaba,neutral,it's progressive
13298,yana da ci gaban kasuwanci,positive,it is a business improvement
13299,yana da ci gaban masana'antu,positive,it is an industrial improvement
13300,yana da cikakke,positive,it is perfect
13301,yana da cikakken hankali,positive,he is completely intelligent
13302,yana da cikakken ilimi,neutral,he is fully educated
13303,yana da cikakken kofi,positive,it is a perfect coffee
13304,yana da cikakken kyauta,neutral,it's completely free
13305,yana da cikakken rufin,positive,it is a perfect roof
13306,yana da cikakkiyar dama,positive,it is a perfect opportunity
13307,yana da cikakkiyar wargi,positive,it is a complete joke
13308,yana da cikakkiyar wata,positive,it is a perfect moon
13309,yana da cikakkiyar yanayi,positive,it is a perfect condition
13310,yana da classic,positive,it is classic
13311,yana da clique,negative,it is clique
13312,yana da congenial,neutral,it is congenial
13313,yana da cream,neutral,it was cream
13314,yana da cunkoso,negative,it's congested
13315,yana da cutarwa,negative,it's contaminating
13316,yana da dabara,positive,he is strategic
13317,yana da dabba,positive,it is beastly
13318,yana da dabi'a,neutral,it's naturally
13319,yana da dacewa,neutral,it's fitness
13320,yana da daci,negative,it is bitter
13321,yana da dadi,positive,it's comfortable
13322,yana da dadi ai,positive,it is fun
13323,yana da dadi kawai,positive,it is just delicious
13324,yana da dadi sosai,positive,it is very tasty
13325,yana da dadin,positive,it is delicious
13326,yana da dadin fada,positive,it is the joy of tells
13327,yana da dadin ga yara,positive,it is fun for kids
13328,yana da daidaitacce,neutral,it is adjustable
13329,yana da daidaito,neutral,it is balanced
13330,yana da daidaituwa,positive,it's coherent
13331,yana da dalili,neutral,it's cause
13332,yana da damnably dama,negative,it's damnably right
13333,yana da damuwa,negative,it is depressing
13334,yana da damuwa da gajiya,negative,it is stressful and exhausting
13335,yana da damuwa na gaya,neutral,it is a concern of tells
13336,yana da dan,neutral,it is somewhat
13337,yana da dan damuwa,negative,it's a bit bothersome
13338,yana da dan faduwa,negative,it's a bit crass
13339,yana da dan karfi,negative,it's a bit sturdier
13340,yana da dan kunci,negative,it's a bit cheesy
13341,yana da dan lokaci,neutral,it is temporary
13342,yana da dan natsuwa,negative,it's a bit restless
13343,yana da dan rashin jin dadi,negative,it is a bit uncomfortable
13344,yana da dan rashin tabbas,negative,it's a bit unpredictable
13345,yana da dan wayo,positive,he has bit wisdom
13346,yana da dan zabe,negative,it's a bit picky
13347,yana da daraja,neutral,it's value
13348,yana da daraja sosai,positive,it is very prestigious
13349,yana da daraja wani abu,positive,it's worth something
13350,yana da datti,negative,it is so dirty
13351,yana da datti sosai,negative,it is very dirty
13352,yana da datti-mai arha,negative,it's dirt-cheap
13353,yana da daukaka,positive,it is glorious
13354,yana da deft,negative,it's deft
13355,yana da dijital,neutral,it's digital
13356,yana da dindindin,neutral,it's permanent
13357,yana da dissocial,negative,it's dissocial
13358,yana da dissonantly,negative,it is dissonantly
13359,yana da dogaro da kai,negative,it's self-reliant
13360,yana da doka,neutral,it's legal
13361,yana da downbeat,negative,it is downbeat
13362,yana da duhu,negative,it's blurry
13363,yana da duniya,neutral,it is global
13364,yana da durkusa,neutral,it is lean
13365,yana da eccentricity?,neutral,is it eccentricity?
13366,yana da effusiveness,negative,it is effusiveness
13367,yana da excel,neutral,it's excel
13368,yana da fadi,neutral,it is wide
13369,yana da fahimi,neutral,it's cognitive
13370,yana da fahimta,neutral,it's understanding
13371,yana da fa'ida,negative,it is advantageous
13372,yana da fallacious,negative,it is fallacious
13373,yana da fallaciously,negative,it's fallaciously
13374,yana da fare,neutral,it's bet
13375,yana da fasaha,neutral,it's skill
13376,yana da fashion,neutral,it's fashion
13377,yana da fatalwa,negative,it is ghosting
13378,yana da fiber,neutral,it's fiber
13379,yana da fifiko,neutral,it is a priority
13380,yana da fifiko daya,neutral,it's priority one
13381,yana da frequency,neutral,it is frequency
13382,yana da fushi,neutral,it is furiously
13383,yana da fuska,negative,it is facetiously
13384,yana da fuskantarwa,neutral,it is orientation
13385,yana da gaba daya roba,neutral,it is completely synthetic
13386,yana da gado,neutral,it has heritage
13387,yana da gamsarwa,positive,it is satisfactory
13388,yana da gamsarwa sosai,positive,it's very satisfying
13389,yana da gamsarwa sosai ga rai,negative,it's very soul-satisfying
13390,yana da gasa,neutral,it's competitive
13391,yana da gaske gaske,neutral,it's actually real
13392,yana da gaskiya,neutral,it's realistic
13393,yana da gaudy,negative,it is gaudy
13394,yana da gawk,negative,it's gawk
13395,yana da gaye,positive,it's fashionable
13396,yana da geeky,negative,it is geeky
13397,yana da gimmicky,negative,it is gimmicky
13398,yana da girke-girke,neutral,it's a recipe
13399,yana da girma,neutral,it's high
13400,yana da girman kai,negative,it's egotistically
13401,yana da guba,negative,it is poisonous
13402,yana da gurbatacce,negative,it's a pollutant
13403,yana da guré“atacce,negative,it's an contaminate
13404,yana da gutsy,negative,it is gutsy
13405,yana da gwani,positive,it is skilled
13406,yana da habakawa,positive,it's upgradable
13407,yana da hadari,negative,it's hazardous
13408,yana da hadin kai sosai,positive,it is very integrated
13409,yana da haé“akawa,positive,it is upgradeable
13410,yana da haka abin dogara,positive,it is so reliable
13411,yana da haka na sirri,neutral,it is so personal
13412,yana da hakika,neutral,it is objective
13413,yana da hali,neutral,it's a personality
13414,yana da halin kirki,neutral,it is moral
13415,yana da hangen nesa,positive,he has a vision
13416,yana da hankali,positive,he is so kind
13417,yana da hankali hankali,neutral,"it's mind, mind"
13418,yana da hannu,neutral,it is involved
13419,yana da hanya,neutral,it is manner
13420,yana da har abada,neutral,it is forever
13421,yana da haraji,neutral,it is taxing
13422,yana da hargitsi,negative,it is chaotic
13423,yana da hasashe,positive,it is imaginative
13424,yana da hassada,positive,it is enviably
13425,yana da hauka,negative,it's absurd
13426,yana da hikima,positive,it is wise
13427,yana da hikima sosai,positive,it is very wise
13428,yana da himma,neutral,he is diligent
13429,yana da horo,neutral,it is training
13430,yana da hukuma,neutral,it's an official
13431,yana da hukunci,positive,it is judicious
13432,yana da ibada,negative,it's devout
13433,yana da idealize,neutral,it is idealize
13434,yana da ilhama,positive,it's inspire
13435,yana da illa,negative,it's a drawbacks
13436,yana da illa sosai,negative,it is very harmful
13437,yana da in mun gwada da,neutral,it is relatively
13438,yana da indubitable,negative,it indubitable
13439,yana da inganci,neutral,it's efficiency
13440,yana da ingancin abinci,neutral,it is the quality of food
13441,yana da ingancin asibiti,positive,it is clinical quality
13442,yana da ingancin kamfanoni,positive,it is the quality of companies
13443,yana da ingancin kwamfuta,positive,computer quality
13444,yana da ingancin masana'antu,positive,industrial quality
13445,yana da ingancin masarautu,positive,quality of kingdoms
13446,yana da ingancin salula,positive,cellular quality
13447,yana da ingancin talabijin,positive,quality of television
13448,yana da inshora kamar haka,neutral,it is insurance like that
13449,yana da irin cheesy,negative,it's kind of cheesy
13450,yana da isa sosai,positive,it is very accessible
13451,yana da iyaka,neutral,it is a scope
13452,yana da iyawa sosai,positive,it is very capable
13453,yana da jagora,neutral,it's a guideline
13454,yana da jahannama,negative,it's hell-bent
13455,yana da jaraba,negative,it is tempting
13456,yana da ji,neutral,it's audible
13457,yana da jigon,neutral,it's the core
13458,yana da jiki,neutral,it's physically
13459,yana da jin iyawa,neutral,it is a feeling of ability
13460,yana da jini,negative,it's bloody
13461,yana da jinkiri,negative,it is respite
13462,yana da jituwa,positive,it is harmonious
13463,yana da jujjuyawa,neutral,it is reversible
13464,yana da jurewa,positive,it's tolerable
13465,yana da kadan,neutral,it's a bit
13466,yana da ka'ida,positive,it's principled
13467,yana da kaifi,positive,it's sharp
13468,yana da kalubale,negative,it's challenging
13469,yana da kama,negative,it's a gripe
13470,yana da kama sosai,positive,it's really catchy
13471,yana da kan riga-kafi,negative,it's a bit foreboding
13472,yana da kananan farashi,neutral,it was lower priced
13473,yana da kananan hadari,negative,it's low- risk
13474,yana da karfafawa,positive,it is encouraging
13475,yana da karfi,positive,it's sturdy
13476,yana da karfi sosai,positive,it is so powerful
13477,yana da karfin hali,positive,it's brave
13478,yana da kari,positive,it's a bonus
13479,yana da karimci,positive,it is hospitable
13480,yana da karin girma,neutral,it is an extra dimension
13481,yana da karin haraji,neutral,it is an additional tax
13482,yana da kariya,positive,it's protective
13483,yana da karkatarwa,negative,it is distorts
13484,yana da karko,positive,it's stable
13485,yana da karo da juna,negative,it is conflicting
13486,yana da karo da juna da kuma sabani,negative,it's both conflicting and contradictory
13487,yana da kasa da kasa,neutral,it is international
13488,yana da kasawa,negative,it is deficient
13489,yana da kauri,negative,it's capriciousness
13490,yana da kayan ado,positive,it is decorative
13491,yana da kayayyaki,positive,it is commodious
13492,yana da kazanta,negative,it is filthy
13493,yana da kebul,neutral,it has cable
13494,yana da kimantawa,neutral,it is an estimate
13495,yana da kintsattse sosai,negative,it's very crisp
13496,yana da kirki,positive,he is kind
13497,yana da kishin kasa,positive,it's patriotic
13498,yana da kitse,negative,it is fat
13499,yana da koli,negative,it's supreme
13500,yana da kololuwa,negative,it's a pinnacle
13501,yana da koma baya,negative,it's a drawback
13502,yana da kotu,neutral,it is courtly
13503,yana da kudi,neutral,he has money
13504,yana da kudin shiga,neutral,it is income
13505,yana da kuduri,neutral,it's resolution
13506,yana da kunya,positive,it is modesty
13507,yana da kusan,neutral,it's virtually
13508,yana da kusan kusan,neutral,it's roughly 
13509,yana da kusan kusan iri daya,neutral,it's roughly about the same
13510,yana da kusanci,neutral,it is intimacy
13511,yana da kuskure,negative,it is fallibly
13512,yana da kuzari,neutral,it's energy
13513,yana da kwanciyar hankali,positive,it is peace of mind
13514,yana da kwarewa,positive,it is proficient
13515,yana da kwarjini,positive,charisma
13516,yana da kwatance,neutral,it is descriptive
13517,yana da kwayar halitta,neutral,it's a gene
13518,yana da kwayoyin halitta,neutral,it's a genes
13519,yana da kwazo,negative,it's ardent
13520,yana da kyakkyawan fata,neutral,it's optimism
13521,yana da kyakkyawar niyya,positive,it is well-intentioned
13522,yana da kyama,negative,it is averse
13523,yana da kyan gani,negative,it's bestial
13524,yana da kyau,positive,he is beautiful
13525,yana da kyau a can,positive,it is beautiful there
13526,yana da kyau a fita waje,negative,it is better to outshine
13527,yana da kyau a gane,neutral,it's okay to realize
13528,yana da kyau a murkushe,positive,it's a good idea to crush
13529,yana da kyau a rabu,positive,it's a good idea to break up
13530,yana da kyau a sami 'yanci,positive,it's okay to be free
13531,yana da kyau a sha,neutral,it is advisable to absorb
13532,yana da kyau a sha dadi,positive,it's good to relish
13533,yana da kyau a sha ruwa,positive,it's a good idea to engulf
13534,yana da kyau a wuce gona da iri,neutral,it's better to outperform
13535,yana da kyau a yi aiki,neutral,it is advisable to employ
13536,yana da kyau a yi farin ciki,positive,it's good to be happy
13537,yana da kyau a yi hassada,positive,it's nice to have envy
13538,yana da kyau a yi rance,neutral,it is advisable to borrow
13539,yana da kyau a yi sanyi,neutral,it is advisable to chill
13540,yana da kyau a zubar da jini,positive,it's a good idea to bleed
13541,yana da kyau duka game da zama titillating,neutral,it's pretty much all about being titillating
13542,yana da kyau gaba daya,positive,it is generally good
13543,yana da kyau gani,positive,it is a beautiful sight
13544,yana da kyau gaske,positive,it is really nice
13545,yana da kyau hanyar barci,positive,it's a good way to sleep
13546,yana da kyau hassada,positive,it's nice to envy
13547,yana da kyau kwarai,positive,it is excellently
13548,yana da kyau mai ban sha'awa,positive,it's breathtakingly beautiful
13549,yana da kyau mai fallasa,positive,he is a good whistleblower
13550,yana da kyau matsayi,positive,it's well positioned
13551,yana da kyau ra'ayi,positive,it is a good idea
13552,yana da kyau sosai,positive,he is very good
13553,yana da kyau suna,positive,it's a good reputation
13554,yana da kyau talabijin,positive,it is good television
13555,yana da kyau tare da shi,positive,it is good with him
13556,yana da kyau yi,positive,it's attractively done
13557,yana da kyau-kallo,positive,it's fine-looking
13558,yana da kyau-matsayi,positive,it is well- positioned
13559,yana da kyauta,neutral,it is free
13560,yana da kyawawa sosai,positive,it was very desirable
13561,yana da kyawawan abin dogara,positive,it's pretty reliable
13562,yana da labari,neutral,it's a scenario
13563,yana da ladabi,neutral,he is polite
13564,yana da lafiya,neutral,it's health
13565,yana da lafiya gaba daya,positive,it's completely safe
13566,yana da lafiya madara,positive,it is healthy milk
13567,yana da lahani,negative,it's defects are defective
13568,yana da laifi,negative,he is guilty
13569,yana da lalacewa,negative,it's a degenerate
13570,yana da lalacewa sosai,negative,it's very decadent
13571,yana da lalata,negative,it's decadent
13572,yana da lantarki,neutral,it is electronic
13573,yana da launi,neutral,it's colorful
13574,yana da launin ruwan kasa,neutral,it's brown
13575,yana da lebe,neutral,it has a lip
13576,yana da lura,neutral,it's observation
13577,yana da m,neutral,it's basically
13578,yana da m sosai,negative,it is very delicate
13579,yana da ma'ana,neutral,it's meaning
13580,yana da ma'anar wani abu,neutral,it's a definition of something
13581,yana da ma'auni,neutral,it's measure
13582,yana da maballi,neutral,it's a key
13583,yana da mafi kyawun aiki,positive,it's best-performing
13584,yana da mafita,neutral,it's a solution
13585,yana da mahimmanci,neutral,it's crucial
13586,yana da mahimmanci a gare ku,positive,it is important to you
13587,yana da mahimmanci a gare shi,positive,it is important to him
13588,yana da mahimmanci a ilmantar,neutral,it's important to educate
13589,yana da mahimmanci a jaddada,neutral,it's important to emphasize
13590,yana da mahimmanci a maida hankali,neutral,it's important to concentrate
13591,yana da mahimmanci a mutunta,positive,it's important to respect
13592,yana da mahimmanci a sani,positive,it is important to know
13593,yana da mahimmanci a tsara,neutral,it's important to organize
13594,yana da mahimmanci a yi allura,positive,it is important to inject
13595,yana da mahimmanci a yi wasa,positive,it is important to play
13596,yana da mahimmanci a yi yaki,negative,it is important to fight
13597,yana da mahimmanci don blog,positive,it is important to blog
13598,yana da mahimmanci don bunkasa,positive,it's important to thrive
13599,yana da mahimmanci don ciyarwa,neutral,it's important to nourish
13600,yana da mahimmanci don gwadawa,positive,it is important to test
13601,yana da mahimmanci don karewa,neutral,it is important to protect
13602,yana da mahimmanci don kurciya,positive,it is important to dove
13603,yana da mahimmanci don tsarawa,positive,it is important to plan
13604,yana da mahimmanci ga 'yan sanda,positive,it is important to the police
13605,yana da mahimmanci ku zama aboki,positive,it is important to be a friend
13606,yana da mahimmanci magani,positive,it is important medicine
13607,yana da mahimmanci mu kare,neutral,it's important that we protect
13608,yana da mahimmanci ya zama budurwa,positive,it is important to be a virgin
13609,yana da mahimmanci ya zama yaro,positive,it is important to be a child
13610,yana da mai,negative,it's a fat
13611,yana da maida hankali,neutral,it is concentration
13612,yana da makanta,negative,it is blindingly
13613,yana da makirci,neutral,it's intrigue
13614,yana da manufa,positive,it is ideal
13615,yana da mara waya,neutral,it is wireless
13616,yana da masana'antu,neutral,it is industrial
13617,yana da matattu-mai arha,negative,it is dead-cheap
13618,yana da matsakaici,neutral,it is medium
13619,yana da matsananciyar damuwa,negative,it is desperate
13620,yana da matukar amfani,positive,it is very beneficial
13621,yana da matukar ban tsoro,negative,it is very scary
13622,yana da matukar damuwa,negative,it's very distressing
13623,yana da matukar daraja,positive,it is very valuable
13624,yana da matukar fa'ida,positive,it's very fatuous
13625,yana da matukar gajiya,negative,it is so tiring
13626,yana da matukar hassada,positive,it's very enviably
13627,yana da matukar hauka,negative,it's so crazy
13628,yana da matukar kauna,positive,it is very loving
13629,yana da matukar mamaki,negative,it's very incredibly
13630,yana da matukar muni,negative,it is very ugly
13631,yana da matukar rashin mutunci,negative,it's very disrespectful
13632,yana da matukar rudani,negative,it's very confusing
13633,yana da matukar taimako,positive,it is very helpful
13634,yana da matukar takaici,negative,it's very frustrating
13635,yana da matukar talauci,negative,it is very poor
13636,yana da matukar tauri,negative,it's very tough
13637,yana da matukar tausayawa,negative,it's very emotional
13638,yana da matukar tayar da hankali,positive,it's very evocative
13639,yana da matukar tsauri,negative,"it's very, very strict"
13640,yana da matukar wahala,negative,it is very difficult
13641,yana da me,negative,it is tight
13642,yana da misali,neutral,it is standard
13643,yana da motsi,neutral,it's maneuverable
13644,yana da motsin rai,neutral,it's emotion
13645,yana da mummunan,negative,he has a bad
13646,yana da mummunan kura,negative,it is bad dust
13647,yana da mummunan ra'ayi don ware,negative,it's a bad idea to alienate
13648,yana da muni,negative,it's heinous
13649,yana da muni kawai,negative,it is just bad
13650,yana da muni sosai,negative,it's really bad
13651,yana da murkushewa,negative,it is crumple
13652,yana da mutukar mutuwa,negative,it is fatalistically fatal
13653,yana da mu'ujiza,positive,it is miraculously
13654,yana da na al'ada,neutral,it's conventional
13655,yana da na da,neutral,it is vintage
13656,yana da na gargajiya,neutral,it is traditional
13657,yana da na halitta,neutral,it's natural
13658,yana da na karshe,neutral,it's the ultimate
13659,yana da na kowa,negative,it's common
13660,yana da na kullum,negative,it's chronic
13661,yana da na musamman,positive,it is unique
13662,yana da na sama,positive,it's heavenly
13663,yana da na yau da kullun,neutral,it's routine
13664,yana da nadama,negative,it is regret
13665,yana da nagartaccen abu da nagartaccen abu,neutral,it is sophisticated and sophisticated
13666,yana da nakasa sosai,negative,it's very disabling
13667,yana da nasara,positive,it is triumphal
13668,yana da nauyi,neutral,it is the weight
13669,yana da ni'ima,positive,it's blissful
13670,yana da nisa,negative,it is far-fetched
13671,yana da nishadantarwa,positive,is it entertaining
13672,yana da nishadi sosai,positive,it is so entertaining
13673,yana da orange,neutral,it's orange
13674,yana da palatial,neutral,it is palatial
13675,yana da rai,neutral,it is alive
13676,yana da rai sosai,positive,it's very much alive
13677,yana da rami,neutral,on onto
13678,yana da rarrabuwar kawuna,negative,it's divisively
13679,yana da rarrafe,negative,it's creeps
13680,yana da rashin amana,negative,it's distrustful
13681,yana da rashin amfani,negative,it's disadvantages
13682,yana da rashin hankali,negative,it's callous
13683,yana da rashin imani,negative,it's unbelievably
13684,yana da rashin jin dadi,negative,it is enfeeble
13685,yana da rashin kuskure,negative,it's infallibly
13686,yana da rashin mutunci,negative,it is disreputable
13687,yana da rashin nasara,negative,it's invincible
13688,yana da rashin taimako,negative,it's so helplessly
13689,yana da rauni,negative,he is weak
13690,yana da rauni sosai,negative,it is very weak
13691,yana da raye-raye,positive,it is lively
13692,yana da rayuwa,neutral,it is a lifetime
13693,yana da riba,negative,it's gainful
13694,yana da rikici,negative,it is a mess
13695,yana da rikitarwa,negative,it is complicated
13696,yana da rikitarwa sosai,negative,it's very intricate
13697,yana da rinjaye,neutral,it is dominant
13698,yana da romanticize,neutral,it is romanticize
13699,yana da rosy,positive,it is rosy
13700,yana da rudani,negative,it's confusing
13701,yana da rudi,negative,it is delusion
13702,yana da sabani,negative,it's arbitrary
13703,yana da sabo kuma sabo,positive,it is fresh and new
13704,yana da sabon abu,positive,it is innovative
13705,yana da sake tabbatarwa,neutral,it is a reaffirmation
13706,yana da salo,positive,it's stylish
13707,yana da sani,neutral,it's aware
13708,yana da santsi,positive,it is so smooth
13709,yana da santsi?,positive,is it smooth?
13710,yana da sanyi tare da shi,positive,it is cool with him
13711,yana da sara,negative,it is choppy
13712,yana da sarauta,positive,it's regal
13713,yana da sassauci,positive,it is flexible
13714,yana da saudin tafiya,neutral,it is easy-going
13715,yana da sauki,neutral,it's simple
13716,yana da sauki a ci,positive,it is easy to eat
13717,yana da sauki a dafa,positive,it is easy to cook
13718,yana da sauki a fadi,positive,it is easy to say
13719,yana da sauki a gare mu,positive,it is easy for us
13720,yana da sauki a yi,positive,it is easy to do
13721,yana da sauki don zama mai sauki,positive,it's easy to be easygoing
13722,yana da sauki haka,positive,it is that easy
13723,yana da sauki tafiya,positive,it is easy going
13724,yana da saukin bugawa,positive,it is easy to type
13725,yana da saukin gaske,positive,it is really easy
13726,yana da saukin ginawa,positive,it is easy to build
13727,yana da saukin haihuwa,positive,it is easy to give birth
13728,yana da saukin isa,positive,it's readily accessible
13729,yana da saukin zama mai hankali,positive,it's easy to be intuitive
13730,yana da saukin zuwa,positive,it is easy to come by
13731,yana da sauri,neutral,it is fast
13732,yana da sauri m,neutral,it was fast arduous
13733,yana da sauri-girma,positive,it is fast-growing
13734,yana da saurin gaske,positive,it is extremely fast
13735,yana da sexy,positive,it is sexy
13736,yana da sha'awa,neutral,it's interest
13737,yana da sha'awa sosai,positive,he is very eager
13738,yana da sha'awar abinci,positive,it is food cravings
13739,yana da sha'awar burodi,neutral,it is a passion for bread
13740,yana da sha'awar rubutun ra'ayin kanka a yanar gizo,neutral,it is a passion for blogging
13741,yana da shakka,negative,it is doubtful
13742,yana da shakku sosai,negative,he is very suspicious
13743,yana da shekaru,neutral,it's age
13744,yana da shekaru masu ilimi sosai,positive,he is at a very knowledgeable age
13745,yana da shingen makamashi,neutral,it is an energy barrier
13746,yana da shubuha,negative,it is so ambiguous
13747,yana da siffofi daban-daban,neutral,it has different features
13748,yana da sinadaran,neutral,it is a chemical
13749,yana da siyasa,neutral,it's politically
13750,yana da son zuciya,negative,it is biased
13751,yana da soyayya,positive,it's loving
13752,yana da sumul,positive,it's sleek
13753,yana da suna,neutral,it is reputation
13754,yana da tabbas,negative,it's likably
13755,yana da tabbataccen ka'ida,neutral,it is a definite principle
13756,yana da tabin hankali,negative,it is mental illness
13757,yana da taimako,positive,it is helpful
13758,yana da taimako sosai,neutral,it is so helpful
13759,yana da takaice,neutral,it is brief
13760,yana da takamaiman,neutral,it is specific
13761,yana da tallafi,positive,it is supportive
13762,yana da tara kudi,neutral,it is a fundraiser
13763,yana da tarin ilimi,positive,it is a wealth of knowledge
13764,yana da tasiri,positive,it's effective
13765,yana da tasiri sosai,positive,it is very effective
13766,yana da tattalin arziki,neutral,it's the economy
13767,yana da tauri,negative,it is tough
13768,yana da taurin kai,neutral,he is stubborn
13769,yana da taushi,positive,it is soft
13770,yana da taushi tare da shi,positive,it is soft with him
13771,yana da tawali'u,positive,it is humble
13772,yana da topnotch,positive,it is topnotch
13773,yana da tsabta,positive,it is clean
13774,yana da tsabta sosai,positive,he is so clean
13775,yana da tsada,negative,it's expensive
13776,yana da tsada sosai,negative,it was very expensively
13777,yana da tsaftataccen muhalli,positive,it is a clean environment
13778,yana da tsaka tsaki,neutral,it is neutral
13779,yana da tsanani,negative,it is aggravate
13780,yana da tsari,neutral,it's regulation
13781,yana da tsari sosai,positive,it is very organized
13782,yana da tsarki,positive,it is holy
13783,yana da tsarki kawai,positive,it is just pure
13784,yana da tsattsauran ra'ayi,negative,it's extremism
13785,yana da tsauri sosai,negative,it's very drastic
13786,yana da tsayi,neutral,it's height
13787,yana da tsinewa,positive,it was damning
13788,yana da tsinke,negative,it's brittle
13789,yana da tunani,positive,it's thoughtful
13790,yana da tursasawa,positive,it is compelling
13791,yana da tushe,neutral,it's the base
13792,yana da wadata,positive,it's enrichment
13793,yana da wadata sosai,negative,it's very opulent
13794,yana da wadatar abinci,positive,he has an abundance of food
13795,yana da wahala,negative,it is difficult
13796,yana da waka,positive,it's poetic
13797,yana da walkiya,negative,it is flashy
13798,yana da wani asiri,neutral,it's a mystery
13799,yana da wani feat,neutral,it is a feat
13800,yana da wani kamfani,neutral,it's a venture
13801,yana da wani kwas,neutral,it's a course
13802,yana da wani ra'ayi,neutral,it is an impression
13803,yana da wani sashi,neutral,it's an ingredient
13804,yana da wani tasiri,neutral,it is an implication
13805,yana da wari mara kyau,negative,it's a bad smell
13806,yana da wasa,positive,it is sporty
13807,yana da wauta,negative,it's absurdly absurd
13808,yana da wayo,positive,it is witty
13809,yana da wayo da shi,positive,he is smart with it
13810,yana da wayo sosai,positive,it is very clever
13811,yana da wucin gadi,neutral,it's temporary
13812,yana da wulakanci,negative,it's derogatory
13813,yana da wuya,negative,it was difficult
13814,yana da wuya a ayyana,negative,it is difficult to define
13815,yana da wuya a gane shi,negative,it was hard to figure it out
13816,yana da wuya a gurgunta,negative,it's difficult to cripple
13817,yana da wuya a karaya,negative,it's hard to frustrate
13818,yana da wuya a rude,negative,it's difficult to confuse
13819,yana da wuya a so,negative,it's hard to like
13820,yana da wuya a tare da shi,negative,it is tough with him
13821,yana da wuya a yanke shawara,negative,it was very difficult to make a decision
13822,yana da wuya a yi imani,negative,it is hard to believe
13823,yana da wuya sosai,positive,it is very rare
13824,yana da wuyar fahimta,negative,difficult to understand
13825,yana da xa'a,neutral,it is ethics
13826,yana da yaduwa,negative,it is contagious
13827,yana da yanayi,neutral,it is nature
13828,yana da 'yanci,positive,it is liberty
13829,yana da 'yancin kai,neutral,it is independence
13830,yana da 'yar matsala,negative,it's a bit of a problem
13831,yana da yarda,positive,it is compliant
13832,yana da yaudara,negative,it's deceptive
13833,yana da yawa,neutral,it is frequent
13834,yana da yawa glitz,negative,it's a lot of glitz
13835,yana da yawan jima'i,negative,it's very sexist
13836,yana da zafi,negative,it is hot
13837,yana da zafi a cikin jaki,neutral,it is a pain in the ass
13838,yana da zafin rai,positive,it is fervent
13839,yana da zagi,negative,it's brutish
13840,yana da zahiri,neutral,it's clear
13841,yana da zalunci,negative,it is brutalizing
13842,yana da zaman kansa,neutral,it's independent
13843,yana da zamani,neutral,it is contemporary
13844,yana da zamantakewa,neutral,it's social
13845,yana da zato,neutral,it's guess
13846,yana da zuciya,neutral,it has a heart
13847,yana da zurfi,neutral,it is depth
13848,yana dagawa,positive,it's uplifting
13849,yana daidaitawa,neutral,it's adaptive
13850,yana damun,negative,it's bothering
13851,yana damun shi,negative,it bothers him
13852,yana damuna,negative,it is bothering me
13853,yana dan bata rai,negative,it's a bit upsetting
13854,yana dan kadan,neutral,it's a bit 
13855,yana dandana,neutral,it tastes
13856,yana dannawa,neutral,it is pressing
13857,yana daskarewa,negative,it's freezing
13858,yana daskarewa a waje,negative,it was freezing outside
13859,yana daukaka,negative,it exaltingly
13860,yana daukar hankali,positive,it is captivating
13861,yana dauke min hankali,negative,it distracts me
13862,yana daure,neutral,it is binding
13863,yana dawwama,neutral,it is durable
13864,yana ding,neutral,it's ding
13865,yana distains,negative,it's distains
13866,yana drip,negative,it is drippy
13867,yana fadada,neutral,it expands
13868,yana fadadawa,neutral,it is expansion
13869,yana fadakarwa,negative,it's enlightening
13870,yana faduwa,negative,it droops
13871,yana fama da yawa,neutral,he is struggling a lot
13872,yana fara'a,positive,he is cheerful
13873,yana farfado da haka,neutral,it revives that way
13874,yana faruwa,neutral,it is going on
13875,yana faruwa a duk lokacin da,neutral,it happens whenever
13876,yana faruwa akai-akai,neutral,it happens frequently
13877,yana firgita,negative,it is flickering
13878,yana fita daga hanya,negative,it is getting out of the way
13879,yana fitowa,neutral,it is forth
13880,yana fure furanni,positive,it blooms bloom
13881,yana gaba,neutral,it's advance
13882,yana gaba da mu,negative,it's against us
13883,yana gamsarwa,positive,it's satisfying
13884,yana gani,neutral,it is visual
13885,yana gaya fun,positive,it is tells fun
13886,yana gefe,neutral,it's aside
13887,yana gefen,neutral,it is beside
13888,yana girgizawa,neutral,he was shaking
13889,yana glib,negative,it's glib
13890,yana godiya,positive,he is grateful
13891,yana gujewa,neutral,he avoids
13892,yana gunaguni,negative,it's complaining
13893,yana gyarawa,positive,he is fixing it
13894,yana hadakawa,positive,it enhances
13895,yana hade,neutral,it's combination
13896,yana haifarwa,neutral,it creates
13897,yana hana mu zama masu kirki,positive,it prevents us from being very kind
13898,yana hana zama mai kirki,positive,it prevents being kind
13899,yana haskakawa,positive,it shines
13900,yana hidima,neutral,he is serving
13901,yana hip,neutral,it is hip
13902,yana inganta,positive,it improves
13903,yana inganta asibitoci,positive,it is improving hospitals
13904,yana isowa,neutral,it arrives
13905,yana iya aiki,positive,it is workable
13906,yana iya canzawa da yawa,neutral,it can change a lot
13907,yana iya faruwa,neutral,it could happen
13908,yana iya ganewa,neutral,it's realizable
13909,yana iya tasowa,neutral,it can arise
13910,yana iya yiwuwa,neutral,it could be potentially
13911,yana iya yiwuwa ya kasance,neutral,it could potentially be
13912,yana iya zama abin dogaro,positive,it can be reliably
13913,yana iya zama mai daidaitawa,positive,it can be adaptable
13914,yana ja da baya,neutral,he is pulling back
13915,yana jaddada,neutral,it emphasis
13916,yana jagora,positive,he leads
13917,yana jajanta masa,neutral,he consoles him
13918,yana jan guguwa,neutral,he is pulling a storm
13919,yana jan hankali,neutral,it attracts attention
13920,yana jin dadi,positive,it feels good
13921,yana jin dadi da shi,positive,it is fun with it
13922,yana jin dadi tare da abokai,positive,it is fun with friends
13923,yana jinsa,neutral,it tastes like it
13924,yana jira,neutral,he is waiting
13925,yana jujjuyawa,negative,it's jaw-dropping
13926,yana kan,neutral,it's onto
13927,yana kan layi,neutral,it's online
13928,yana kara,negative,it was creaking
13929,yana kara kuzari,neutral,it increases energy
13930,yana kara muni,negative,it was getting worse
13931,yana kara tsananta,negative,it is aggravating
13932,yana karawa da,neutral,it's complemented by
13933,yana karaya,negative,it's discouraging
13934,yana karfafa hakan,neutral,it encourages that
13935,yana kariya daga cututtuka,positive,it protects against disease
13936,yana karkara,neutral,it's rural
13937,yana karkashin,neutral,it's under
13938,yana karuwa,neutral,it increases
13939,yana karyewa,negative,it was breaking
13940,yana kawai,neutral,it is merely
13941,yana kawo,neutral,it is bringing
13942,yana kawowa,neutral,he brings
13943,yana kin talakawa,negative,he hates the poor
13944,yana kololuwa a kololuwa,neutral,it peaks at a peak
13945,yana komawa,neutral,it goes back
13946,yana konewa,negative,it burns
13947,yana koya musu,positive,he teaches them
13948,yana kuka,negative,he is crying
13949,yana kumburi,negative,it is enflamed
13950,yana kunne,neutral,it's on
13951,yana kusa,neutral,it is near
13952,yana kwaikwayansa,positive,he is imitating him
13953,yana kwantar da hankali,positive,it is calming
13954,yana kwarkwasa,negative,it is flirtatious
13955,yana kwatanta,neutral,it compares
13956,yana kyarma,negative,it flickers
13957,yana lafiya,positive,it's peaceful
13958,yana lalata,negative,it destroys
13959,yana magance shi sosai,positive,it solves it very well
13960,yana mai da hankali,neutral,it's focus
13961,yana makanta,negative,it is blinding
13962,yana mako-mako,neutral,it's weekly
13963,yana mamaki?,neutral,does it wonder?
13964,yana maraba,positive,he is welcome
13965,yana masana'antu,neutral,it's manufacturing
13966,yana mata zamba,negative,he is cheating on her
13967,yana mataki-mataki,neutral,it's step by step
13968,yana mika me,neutral,he is offering what
13969,yana motsa jiki,positive,it stimulates the body
13970,yana murkushewa,negative,it's crushing
13971,yana murmushi,positive,he is smiling
13972,yana murna,positive,he is happy
13973,yana mutuwa,negative,it dies
13974,yana nan kusa,neutral,it is nearby
13975,yana nema,neutral,he is looking for it
13976,yana ninka abun ciki,neutral,it multiplies the content
13977,yana nishadantarwa,positive,it's entertains
13978,yana nufin,neutral,it implies
13979,yana numfashi sama-sama,negative,he was breathing heavily
13980,yana nuna bajinta,neutral,it shows bravery
13981,yana nuna sha'awa,neutral,it's an expression of indulgence
13982,yana nutsewa,neutral,he is drowning
13983,yana rabawa kyauta,positive,he shares freely
13984,yana ragewa,negative,it's condescending
13985,yana raguwa,negative,it's dwindling
13986,yana rarrafe,negative,it's creeping
13987,yana rarrafe don rauni,negative,he is crawling for injury
13988,yana rashin son,negative,it's disliking
13989,yana ratsa ni,negative,it creeps me
13990,yana rawar jiki,negative,he was trembling
13991,yana reno,positive,it is nurturing
13992,yana rubutu,neutral,it is writing
13993,yana rudawa,negative,it confuses
13994,yana sa ni jin dadi,positive,it makes me feel gratifies
13995,yana sa ni yin kulli,negative,it makes me cringe
13996,yana sa shi sauki,positive,it makes it easy
13997,yana saman,neutral,it's on the surface
13998,yana saman abubuwa,positive,it is on top of things
13999,yana samun alheri,positive,he gets grace
14000,yana samun arziki da sauri,positive,it is getting rich fast
14001,yana samun riba,positive,it is gaining
14002,yana samuwa,neutral,it is obtainable
14003,yana sata,negative,he is stealing
14004,yana saukaka,positive,it simplifies
14005,yana sayarwa,neutral,he is selling
14006,yana shafar,neutral,it affect
14007,yana shakka,neutral,it's doubtfully
14008,yana shakka game da shi,neutral,he doubts about it
14009,yana shan kasada,neutral,he is taking risks
14010,yana sharewa,neutral,clears up
14011,yana shiga,positive,it's engaging
14012,yana shimmering,negative,it's shimmering
14013,yana so,positive,he is loving
14014,yana so ya nuna isa,positive,he wants to show off enough
14015,yana son,neutral,he likes
14016,yana son burge mata,positive,he likes to impress women
14017,yana son ku,positive,he loves you
14018,yana son kwarkwasa sosai,positive,it's very flirtatious
14019,yana son shi,positive,he wants it
14020,yana son su,positive,he wants them
14021,yana son yara,positive,it's child-friendly
14022,yana sukarsu,negative,he criticizes them
14023,yana ta rarrafe,negative,it was creeping
14024,yana ta'aziyya,positive,it is comforting
14025,yana taba ruhi,neutral,it touches the soul
14026,yana tabawa,neutral,it's touch
14027,yana tabbatar da shi,neutral,it confirms it
14028,yana tabbatarwa,positive,it's affirming
14029,yana tada tarzoma,negative,he is rioting
14030,yana tafasa,negative,it's boiling
14031,yana taimakawa sosai,positive,it helps a lot
14032,yana tallafawa,positive,it's supporting
14033,yana tare,positive,it's togetherness
14034,yana tasowa,neutral,it is developing
14035,yana tausasawa,negative,it is condescending
14036,yana tsada,negative,it costs costly
14037,yana tsaka tsaki?,neutral,is it neutral?
14038,yana tsakiya,neutral,it's middle
14039,yana tsatsa,neutral,it rusts
14040,yana tsaye,positive,it is straight
14041,yana tsoro,negative,he is afraid
14042,yana tsotsa da yawa,positive,it sucks a lot
14043,yana tuhumar ku,neutral,he is charging you
14044,yana waje,neutral,it's outside
14045,yana walkiya,positive,it is glimmering
14046,yana wari na gaske,positive,it is real
14047,yana wulakanta su,negative,it is degrading
14048,yana yanke,neutral,it cuts
14049,yana yanke ma'auni,neutral,it cuts the measurement
14050,yana yanke wuyan mutane,negative,he cuts people's necks
14051,yana yarda,negative,it's endorsing
14052,yana yaudara,negative,he cheats
14053,yana yi min,neutral,he does it for me
14054,yana yin fitsari,neutral,he urinates
14055,yana yin hukunci,neutral,it is judging
14056,yana yin rikodi,neutral,it's recording
14057,yana yin wasiyyar jaki,negative,he is making a donkey's will
14058,yana yiwuwa,neutral,it's possible
14059,yana yiwuwa a ba da shawarar wani abu,neutral,it's possible to suggest something
14060,yana yiwuwa a buga,neutral,it is possible to publish
14061,yana yiwuwa a canza siffar abu,neutral,it is possible to change the shape of the thing
14062,yana yiwuwa a cim ma,positive,it's possible to accomplish
14063,yana yiwuwa a daidaita,positive,it's possible to be adaptable
14064,yana yiwuwa a daidaita shi,neutral,it is possible to adjust it
14065,yana yiwuwa a fashe,neutral,it's possible to explode
14066,yana yiwuwa a fassara,neutral,it's possible to translate
14067,yana yiwuwa a gano,neutral,it is possible to identify
14068,yana yiwuwa a gano shi,neutral,it's possible to detect it
14069,yana yiwuwa a gasa,neutral,it is possible to bake
14070,yana yiwuwa a girka,neutral,it's possible to install
14071,yana yiwuwa a hada kai,negative,it is possible to collude
14072,yana yiwuwa a hada shi,neutral,it's possible to incorporate it
14073,yana yiwuwa a hana,neutral,it is possible to disallow
14074,yana yiwuwa a hana shi,neutral,it's possible to prevent it
14075,yana yiwuwa a inganta,positive,it is possible to improve
14076,yana yiwuwa a iya,neutral,it's possible to afford
14077,yana yiwuwa a iya ba da shi,neutral,it's possible to afford it
14078,yana yiwuwa a kama,neutral,it's possible to capture
14079,yana yiwuwa a kama shi,neutral,it's possible to capture it
14080,yana yiwuwa a kashe,neutral,it's possible to disabled
14081,yana yiwuwa a kirkira shi,neutral,it is possible to fabricate it
14082,yana yiwuwa a kwafa,neutral,it is possible to copy
14083,yana yiwuwa a kwafa shi,neutral,it's possible to copy it
14084,yana yiwuwa a lissafta,neutral,it's possible to calculate
14085,yana yiwuwa a murkushe,neutral,it is possible to crush
14086,yana yiwuwa a nema,neutral,it is possible to apply
14087,yana yiwuwa a nuna,neutral,it's possible to indicate
14088,yana yiwuwa a rayar da shi,positive,it is possible to revive it
14089,yana yiwuwa a sake farfadowa,neutral,it is possible to resuscitate
14090,yana yiwuwa a sha,neutral,it is possible to absorb
14091,yana yiwuwa a shawo kan,neutral,it is possible to convince
14092,yana yiwuwa a tausayawa,positive,it is possible to empathies
14093,yana yiwuwa a warkar da shi,neutral,it is possible to cure it
14094,yana yiwuwa a wuce shi,positive,it is possible to surpass it
14095,yana yiwuwa a yi aiki,neutral,it is possible to employ
14096,yana yiwuwa a yi amfani,positive,it is possible to leverage
14097,yana yiwuwa a yi aro,neutral,it is possible to borrow
14098,yana yiwuwa a yi arziki,positive,it's possible to get-rich
14099,yana yiwuwa a yi bayanin karya,negative,it's possible to make a false statement
14100,yana yiwuwa a yi dariya,positive,it's possible to dazzle
14101,yana yiwuwa a yi enchant,positive,it is possible to enchant
14102,yana yiwuwa a yi fice,negative,it is possible to be outperform
14103,yana yiwuwa a yi hadari,negative,it's possible to endanger
14104,yana yiwuwa a yi magudi,negative,it is possible to cheat
14105,yana yiwuwa a yi tef,neutral,it is possible to tape
14106,yana yiwuwa a yi tsammani,neutral,it is possible to guess
14107,yana yiwuwa a zamewa,neutral,it's possible to slip
14108,yana yiwuwa a zubar da ciki,neutral,it is possible to abort
14109,yana yiwuwa ko ta yaya,neutral,it's somehow possible
14110,yana zagi,negative,he is abusive
14111,yana zanga-zanga,negative,he is protesting
14112,yana zarginsa da yawa,negative,he blames a lot
14113,yana zazzagewa,negative,it erodes
14114,yana zubar da ciki,negative,he is having an abortion
14115,yana zubar da jini,negative,he is bleeding
14116,yana zubarwa,negative,it was draining
14117,yana zuwa,neutral,it is to
14118,yanada afuwa,positive,has amnesty
14119,yanada daraja,positive,has merit
14120,yanada kasala,neutral,his laziness
14121,yanada nutsuwa,positive,his calmness
14122,yanayi ne,neutral,it's weather
14123,yanayin bai dace ba,negative,the weather is not right
14124,yanayin da ya dace,positive,suitable weather
14125,yanayin gyarawa,neutral,a state of repair
14126,yanayin rauni,negative,the nature of the injury
14127,yanayin shimfidar wuri,neutral,the landscape
14128,yanayin shimfidar wuri ne,neutral,the landscape is landscape
14129,yanayin ya ragu,negative,the weather is downcast
14130,yanayin yana da kyau,positive,the scenery is picturesque
14131,yanayin yana kunne,neutral,the mode is on
14132,yanayin zafi,neutral,the temperature
14133,yanci ne,positive,is freedom
14134,yancin kasar,positive,the liberation of the country
14135,yanka abu,neutral,cutting
14136,yankan bishiya,negative,cutting tree
14137,yanke itace,neutral,tree felling
14138,yanke jiki,neutral,cut the body
14139,yanke jiki guntu,neutral,cut the body into pieces
14140,yanke ma'auni,neutral,cut the measurement
14141,yanke ma'auni a hankali,negative,cut measure carefully
14142,yanke shawara buri ne,neutral,deciding is a wish
14143,yanke shawarar abin da za a yi,neutral,decide what to do
14144,yanke shi da mari,negative,cut him off with a slap
14145,yanke wa,neutral,chute
14146,yanke yaran,negative,cut the children
14147,yanke zuciyar ku,negative,cut your heart
14148,yanke zuwa kashi,negative,cut to the bone
14149,yankeshi da wuka,negative,cut him with a knife
14150,yanki ne,neutral,it's a zone
14151,yankin birni,neutral,the urban area
14152,yankin hamada,neutral,the desert area
14153,yankin jama'a,neutral,community of people
14154,yankin masana'antu,neutral,an industrial area
14155,yankin tsakiya,neutral,the central area
14156,yankinsu da datti,negative,a dirty area
14157,yankunan da matsaloli,negative,areas with problems
14158,yan'uwa masu amana,positive,trusting brothers and sisters
14159,yan'uwa ne,neutral,brothers
14160,'yan'uwa ne,neutral,they are brothers
14161,yan'uwan iska,negative,bad brothers
14162,yan'uwantaka,neutral,brotherhood
14163,yan'uwantaka mai karfi,positive,strong brotherhood
14164,yanzu kuma,neutral,it is now anymore
14165,yanzu ne,neutral,it is now
14166,yanzu ne lokacin,neutral,now is the time
14167,yanzu ya kare,negative,it is now defunct
14168,yanzu ya mutu,negative,it is now dead
14169,yanzu yafaru,neutral,happen just now
14170,yaqi me,neutral,battle what
14171,'yar hira ce,neutral,she is a conversationalist
14172,'yar hutu ce,positive,she is a vacationer
14173,yar kyanwa ce,negative,hungry girl
14174,yar uwa,neutral,a sister
14175,yar uwa mai gaskiya,positive,an honest sister
14176,yar uwarsa,neutral,his sister
14177,yar uwarta,neutral,her sister
14178,'yar uwata ce,neutral,she is my sister
14179,yara mahaukata ne,negative,they are crazy kids
14180,yara mara kyau,negative,bad kids
14181,yara masu fushi,negative,angry children
14182,yara masu hakuri,positive,patient children
14183,yara masu ladabi,positive,polite children
14184,yara mugaye ne,negative,they are bad children
14185,yara nagari,positive,good children
14186,yara ne kyawawa,positive,they are beautiful children
14187,yara sun lalace,neutral,children are spoiled
14188,yara suna da kyau,positive,children are good
14189,yaran da aka tsara,positive,organized children
14190,yaran sun gamsu,positive,the children were satisfied
14191,yarda da batun,neutral,accept the issue
14192,yarda da doka,neutral,compliance with the law
14193,yarda da editan,neutral,agree with the editor
14194,yarda da gauraye,positive,acceptance of mixed
14195,yarda da haka,neutral,accept that
14196,yarda da ita,neutral,agree with her
14197,yarda da ma'auratan,neutral,agree with the couple
14198,yarda da magini,neutral,agree with the builder
14199,yarda da mahaifina,neutral,agree with my father
14200,yarda da makiyaya,neutral,agree with the shepherds
14201,yarda da malamai,neutral,agree with teachers
14202,yarda da malamin,neutral,agree with the teacher
14203,yarda da manoma,neutral,agree with the farmers
14204,yarda da marubuta,neutral,acknowledge the authors
14205,yarda da matafiya,neutral,agree with travelers
14206,yarda da matata,neutral,agree with my wife
14207,yarda da rashin gaskiya,neutral,agree with the dishonesty
14208,yarda da su,neutral,agree with them
14209,yarda da takardun,neutral,agree with the documents
14210,yarda da tela,neutral,agree with the tailor
14211,yarda da ubanninsu,neutral,agree with the fathers
14212,yarda da walda,neutral,agree with the welder
14213,yarda da yaron,neutral,agree with the child
14214,yarda da yin kyauta,positive,agree to make a gift
14215,yarda ko rashin yarda,neutral,agree or disagree
14216,yarda ne,neutral,agree
14217,yare mai dadi,positive,sweet language
14218,yare ne,neutral,it's a language
14219,yaren biyu,neutral,bilingual
14220,yaren latin ne,neutral,it's latin
14221,yaren mutanen espanya ne,neutral,the language is spanish
14222,yarinta mai farin ciki,positive,a happy childhood
14223,yarinta ne haka,neutral,it is childhood like that
14224,yarinta ne tsafta,positive,it is pure childhood
14225,yarintata ce,neutral,it was my childhood
14226,yarinya ce ta gari,positive,she is a good girl
14227,yarinya ce ta gaske,positive,she is a real girl
14228,yarinya karama,neutral,little girl
14229,yarinya mai daraja,positive,a precious girl
14230,yarinya mai fara'a,positive,a cheerful little girl
14231,yarinya mai hakuri,neutral,a patient girl
14232,yarinya mai hakuri ce,positive,a patient girl
14233,yarinya mai hankali,positive,a smart girl
14234,yarinya mai kyau,positive,good girl
14235,yarinya mai nagarta,positive,good girl
14236,yarinya mai taimako,neutral,a helpful girl
14237,yarinya mai tausayi,neutral,a compassionate girl
14238,yarinya mai taushin hali,neutral,a tender girl
14239,yarinya mara kyau,negative,bad girl
14240,yarinyar budurwa ce,neutral,the girl is a girlfriend
14241,yarinyar karya ce,negative,she is a fake girl
14242,yarinyar kunama,negative,the evil scorpion girl
14243,yarinyar mace ce,neutral,the girl is female
14244,yarinyar yarinya ce,neutral,the girl is young
14245,yarjejeniya ce,neutral,it is a treaty
14246,yarjejeniya ce ta juna,neutral,it was a mutual agreement
14247,yarjejeniya mai kyau,positive,a good deal
14248,yarjejeniyar ce,neutral,the agreement
14249,yarjejeniyar kamfanoni,neutral,corporate agreements
14250,yaro balagagge,positive,a mature boy
14251,yaro karya,negative,lie boy
14252,yaro kyauta,positive,a free child
14253,yaro mahaukaci ne,negative,he is a crazy boy
14254,yaro mai aminci,positive,a faithful child
14255,yaro mai daraja,positive,a precious child
14256,yaro mai fara'a,positive,a cheerful little boy
14257,yaro mai farin ciki,positive,a happy boy
14258,yaro mai fushi,negative,angry child
14259,yaro mai gaskiya,positive,an honest boy
14260,yaro mai hakuri,positive,a patient boy
14261,yaro mai hankali,positive,a wise boy
14262,yaro mai karfi,positive,a strong boy
14263,yaro mai ladabi,neutral,a polite boy
14264,yaro mai nasara,positive,a successful child
14265,yaro mai taimako,neutral,a helpful boy
14266,yaro mai taushin hali,neutral,a tender boy
14267,yaro mai tsari,positive,an orderly boy
14268,yaro nagari ne,positive,he is a good boy
14269,yaro nagari yana zuwa,positive,a good boy is coming
14270,yaro ne,neutral,he is a child
14271,yaro ne a shirye,neutral,he is a ready boy
14272,yaro ne abin dogaro,positive,he is a reliable boy
14273,yaro ne lafiyayye,positive,he is a healthy child
14274,yaro ne mai tsari,neutral,he is an orderly boy
14275,yaro ne ya lalace,neutral,he is a spoiled child
14276,yaro talaka,negative,poor boy
14277,yaro ya tsaya da igiyoyin takalma,neutral,baby stand with shoelaces
14278,yaron matashi ne,neutral,the boy is young
14279,yaron ya gamsu,positive,the boy was satisfied
14280,yaron ya karye,negative,the child is broken
14281,yaron yana balaga,neutral,the child is adolescent
14282,yaron yaro ne,neutral,the child is a child
14283,yata so,positive,he/she wants to
14284,yatsa na,neutral,my finger
14285,yatsan kafa,neutral,the toe of the foot
14286,yatsan mu,neutral,our finger
14287,yatsar mutum,neutral,the finger of the person
14288,yatsu na,neutral,my fingers
14289,yau da kullum,neutral,it's everyday
14290,yau ne,neutral,it is today
14291,yaudara ba gaskiya bane,negative,the deception is not true
14292,yaudara ce,negative,cheat
14293,yaudara ce ta likitoci,negative,it is the fraud of doctors
14294,yaudara ce ta malamai,negative,it is the fraud of teachers
14295,yaudara ce tsantsa,positive,it is pure deception
14296,yaudara ne kai,neutral,it is self-deception
14297,yaushe ne,neutral,it's when
14298,yaushe ne?,neutral,when is it?
14299,yawan abarba,neutral,a lot of pineapple
14300,yawan alheri,positive,a lot of kindness
14301,yawan amfanin kasa wani abu ne,neutral,the yield is something
14302,yawan apples,neutral,a lot of apples
14303,yawan bindigogi,neutral,lots of guns
14304,yawan fahimta,neutral,a lot of understanding
14305,yawan farin ciki,negative,a lot of exuberance
14306,yawan hatsi,neutral,a lot of grain
14307,yawan jama'a ne,neutral,it is a population
14308,yawan jama'a yana da yawa,neutral,the population is large
14309,yawan kashi,neutral,the percentage
14310,yawan kuzari,negative,excessive energy
14311,yawan magana,positive,a wealth of speech
14312,yawan sakin fuska,positive,smile faces
14313,yawan sassauci,positive,a lot of flexibility
14314,yawan sha'awa,positive,a lot of enthusiasm
14315,yawan shara,neutral,lots of garbage
14316,yawan tashin hankali,negative,a lot of commotion
14317,yawan tsiraici,negative,a lot of nudity
14318,yawanci haka lamarin yake,neutral,"usually, that's the case"
14319,yawanci karanta,positive,usually read
14320,yawancin aiki mai kyau,positive,lots of good work
14321,yawancin bayanai,positive,a wealth of information
14322,yawancin lokaci,neutral,most of the time
14323,yawancin lokaci da wuya,neutral,"usually, rarely"
14324,yawancin marasa gaskiya ne,negative,many are dishonest
14325,yawancin masu lalata,negative,lots of spoilers
14326,yawancin mutane suna fushi,negative,most people are angry
14327,yawo babu dalili,negative,wandering for no reason
14328,yawon shakatawa,neutral,the tour
14329,yawon shakatawa na hagu,neutral,left-tours
14330,yaya abin yake?,neutral,how is it
14331,yaya game da mutum,neutral,how about a person
14332,yaya hikima,positive,how wise
14333,yaya kuke yi?,neutral,how do you do it?
14334,yaya kuke yin haka?,neutral,how do you do that?
14335,ya'yan itaciya mara kyau,negative,bad fruits
14336,ya'yana ne,neutral,my children
14337,yayi adalci,neutral,it was fairly
14338,yayi amfani,positive,it benefited
14339,yayi ba'a sosai,positive,he is very sarcastic
14340,yayi daci sosai,negative,it was very bitter
14341,yayi dadi,positive,it was pleasantly
14342,yayi dadi haka,positive,it was pleasantly so
14343,yayi dadi sosai,positive,it was very cozy
14344,yayi daidai,neutral,it's right
14345,yayi darajar,positive,he value
14346,yayi datti sosai,negative,it was very dirty
14347,yayi duhu sosai,positive,it was very gloomy
14348,yayi gusto,neutral,it was gusto
14349,yayi jaruntaka sosai,positive,it was very brave
14350,yayi kama,neutral,it looks like
14351,yayi kama da kama,positive,it was strikingly similar
14352,yayi kamshi sosai,negative,it was very fragrant
14353,yayi kara sosai,negative,it was very loud
14354,yayi karara sosai,negative,it's very blatant
14355,yayi karfi,positive,it was strong
14356,yayi kisa sosai,negative,it was fatally fatal
14357,yayi kokari ,positive,his effort
14358,yayi kura sosai,negative,it was very dusty
14359,yayi kuskure,negative,it was faulty
14360,yayi kyau,neutral,it's fine
14361,yayi kyau kwarai,positive,it was excellently
14362,yayi kyau kyakkyawa,positive,it was handsomely 
14363,yayi kyau sosai,positive,is very well
14364,yayi kyau tashi,positive,very nice wake up
14365,yayi mamaki,positive,he is surprised
14366,yayi min fashi sosai,negative,robbed me very much
14367,yayi muni da sauran ranar,negative,too bad the other day
14368,yayi muni sosai,negative,very badly
14369,yayi murabus,neutral,he resign
14370,yayi murna,positive,it was happy
14371,yayi nadama,negative,he regrets it
14372,yayi rap,negative,it's rapt
14373,yayi rashin kunya,negative,it was rude
14374,yayi sa'a sosai,positive,very lucky
14375,yayi sallah lafiya,positive,he prays well
14376,yayi santsi sosai,positive,it was very smooth
14377,yayi sanyi,positive,he is cold
14378,yayi sanyi a waje,negative,it's cold outside
14379,yayi sanyi sosai,negative,it was very cold
14380,yayi sauri,neutral,it was fast
14381,yayi sauri sosai,negative,it was very fast
14382,yayi sheki,positive,it was shiny
14383,yayi shiru,neutral,it was quiet
14384,yayi tunani,positive,it was thoughtful
14385,yayi wayo sosai,positive,it's been pretty clever
14386,yayi yawa,negative,it's too much
14387,yayi zafi sosai,positive,very hot
14388,yayi zurfi sosai,negative,it was very profoundly
14389,yi abin da za ku iya,neutral,do what you can
14390,yi abin da za ku iya sha'awar,positive,do what you can aspire to
14391,yi addu'a,neutral,pray
14392,yi ahankali,neutral,do it
14393,yi aiki,neutral,do
14394,yi aiki da shi,negative,comply with it
14395,yi aiki mai kyau,positive,do a good job
14396,yi alama,neutral,make a mark
14397,yi amfani da shi,neutral,use it
14398,yi arha,positive,be cheap
14399,yi arziki sosai,positive,get very rich
14400,yi aure,positive,stay married
14401,yi bakin ciki,negative,be sad
14402,yi ciki,positive,get pregnant
14403,yi dogon numfashi,neutral,take a deep breath
14404,yi dogon numfashi da damuwa,neutral,take a deep breath and depress
14405,yi duk laifin,negative,do all the crime
14406,yi fada,negative,take a fight
14407,yi farin ciki,positive,be happy
14408,yi farin ciki da tsoro,positive,be happy and scared
14409,yi fasa-kwaurin,negative,do smuggling
14410,yi fata,neutral,make a wish
14411,yi fushi,negative,be angry
14412,yi fushi haka,negative,be angry like that
14413,yi fushi koyaushe,negative,be angry all the time
14414,yi godiya kuma an yi,positive,appreciate it and it is done
14415,yi haka,neutral,do that
14416,yi hakan ta faru,neutral,make it happen
14417,yi hakuri,positive,be patient
14418,yi hakuri mana,negative,sorry for us
14419,yi hankali,negative,be careful
14420,yi hankali da mu,negative,be careful with us
14421,yi hankali game da zafi,negative,be careful about pain
14422,yi hankuri,negative,i am sorry
14423,yi hasashen sakamako,neutral,predict the outcome
14424,yi hauka,negative,be crazy
14425,yi hidima da kyau,positive,serve well
14426,yi hulda tare da kaunatattuna,positive,engage with loved ones
14427,yi hutu,neutral,have a holiday
14428,yi imani da uwa,positive,believe in mother
14429,yi iyo,neutral,take a swim
14430,yi jaraba,negative,be tempted
14431,yi kama,neutral,look similar
14432,yi kuma ku ji dadin,positive,produce and enjoy
14433,yi kururuwa,neutral,scream
14434,yi kuskure,negative,do it wrong
14435,yi kyau,positive,do good
14436,yi la'akari da hakan,neutral,consider that
14437,yi la'akari da kyawun su,positive,consider their beauty
14438,yi laifin zargi,negative,do the crime of criticism
14439,yi magana,neutral,speak out
14440,yi magana a hankali,neutral,speak softly
14441,yi magana da karfi,negative,speak loudly
14442,yi magana da wani,neutral,talk to someone
14443,yi magana da yawa,neutral,talk a lot
14444,yi magana don sadarwa,neutral,talk to communicate
14445,yi magana game da abubuwa,neutral,talk about things
14446,yi magana game da shi,neutral,talk about it
14447,yi mana,neutral,do it for us
14448,yi mana murmushi,positive,smile at us
14449,yi mana wa'azi,positive,preach us
14450,yi mana wasa,positive,play for us
14451,yi masa addu'a,positive,pray for him
14452,yi murna,neutral,cheer up
14453,yi murna da mu,positive,celebrate us
14454,yi musu alqawarin,negative,beckoned to them
14455,yi nauyi,negative,be heavy
14456,yi nishadin tare da mu,positive,have fun with us
14457,yi nishadin tare da su,positive,have fun with them
14458,yi numfashi,neutral,take a breath
14459,yi rashin lafiya,negative,get sick
14460,yi riya,neutral,pretend
14461,yi riya don yin wani abu,neutral,pretend to do something
14462,yi sakaci,negative,be careless
14463,yi sake,neutral,do it again
14464,yi sake maimaita,neutral,do it again repeat
14465,yi sanarwa,neutral,make a declaration
14466,yi sauki,positive,take it easy
14467,yi shawarar da ta dace,positive,make the right decision
14468,yi shi,neutral,do it
14469,yi shi a gida,neutral,do it at home
14470,yi shi da wuya,negative,do it hard
14471,yi shi nace,neutral,do it insist
14472,yi shi ya hada,neutral,do it involve
14473,yi shiri,neutral,get ready
14474,yi shiri don bugun,neutral,prepare for the beating
14475,yi shiru haka,neutral,be quiet like that
14476,yi tafiya mai kyau,positive,have a nice trip
14477,yi tafiya tare da hakan,neutral,walk with it like that
14478,yi tufafi,neutral,clothing
14479,yi turanci,neutral,do english
14480,yi wani abu,neutral,do something
14481,yi wani abu don mayar da martani,neutral,do something to react
14482,yi wani abu don nuna bambanci,negative,do something to discriminate
14483,yi wani abu don yaudara,negative,do something to deceive
14484,yi wani abu don yin ihu,neutral,do something to yell
14485,yi wasa,positive,play
14486,yi wasa da shi,positive,make fun of it
14487,yi watsi da kanku,neutral,ignore yourself
14488,yi watsi da shi,neutral,ignore it
14489,yi yawo,neutral,take a stroll
14490,yi zalunci,negative,be brutalize
14491,yi zance na batanci,negative,make a slanderous speech
14492,yin abubuwa ba tare da kulawa ba,negative,doing things without care
14493,yin aiki tukuru yana da kyau,positive,hard work is good
14494,yin aikin banza,neutral,doing nonsense
14495,yin alfahari,positive,being proud
14496,yin alkawarin,neutral,make promise
14497,yin biyayya da cin zarafi,negative,complying with encroachment
14498,yin fitsari,neutral,urination
14499,yin hakan cin amana ne,negative,it was betraying to do so
14500,yin hakan laifi ne,negative,doing it is a crime
14501,yin hanyar,neutral,making road
14502,yin kishi,negative,being jealous
14503,yin kuskure,neutral,making a mistake
14504,yin laifi,negative,doing a crime
14505,yin lissafi sosai,positive,very calculating
14506,yin magudanar ruwa mai kyau,positive,making good drainage
14507,yin mu'amala da shi,neutral,interacting with it
14508,yin mugunta,negative,doing evil
14509,yin ramin mugunta,negative,making of evil
14510,yin rantsuwa akan karya,negative,swearing on lies
14511,yin sauti mai dadi,positive,making a sweet sound
14512,yin shara'a,positive,making justice
14513,yin shawarwari masu kyau,positive,making good decisions
14514,yin shi da kyau,neutral,doing it well
14515,yin tilastawa,neutral,it's enforcement
14516,yin wani abu ba da son rai ba,neutral,doing something involuntarily
14517,yin watsi da shi rashin kula ne,negative,ignoring it is disregardful
14518,yin yanke shawara na wajibi,neutral,compulsory decision-making
14519,yiwuwa haka,neutral,possibly so
14520,yiwuwa ne,neutral,it is a possibility
14521,yunkurin da bai yi nasara ba,negative,a failed attempt
14522,yunwa ce,negative,hungry
14523,za a duba,neutral,will look
14524,za a gudanar da zaben,neutral,the election will be held
14525,za a iya matse ta,neutral,can squeeze through
14526,za a lalace,negative,it will be devastated
14527,za a tabbatar,positive,it will be assured
14528,za a taurare,negative,it will be hardened
14529,za a yashe ku,negative,you will be forsake
14530,za a yi ajiyar wuri,neutral,there will be a reservation
14531,za a yi alkawari,positive,it will be promised
14532,za a yi halaka,negative,there will be an annihilation
14533,za ku iso,neutral,you will arrive
14534,za ku yi farin ciki,positive,you will be happy
14535,za su iya tuba,neutral,they can convert
14536,za su sumbace,neutral,they will kiss
14537,za su yi,neutral,they are going to perform
14538,zaba sosai,positive,very picky
14539,zababbe ne,neutral,it is selective
14540,zabe mai kyau,positive,good vote
14541,zaben alheri,positive,a vote of kindness
14542,zaben shugaban kasa ne,neutral,it is a presidential election
14543,zaben yana faruwa,neutral,the election is happening
14544,zabi abin da za ku yi,neutral,pick a thing to do
14545,zabi abu,neutral,pick a thing
14546,zabi da za a zabe,neutral,choose to be elected
14547,zabi na ne,neutral,it is my choice
14548,zabi ne,neutral,it is an option
14549,zabin sana'a,neutral,career choice
14550,zabin tunani mara kyau,negative,prefer negative thinking
14551,zafi cake,neutral,hot cake
14552,zagaye ne,neutral,it was round
14553,zagi ba shi da kyau,negative,swear
14554,zagi ce,negative,abusive
14555,zagi masu kisan kai,negative,curse the killers
14556,zagi ne,negative,it is insulting
14557,zagi ne?,neutral,is it accusingly?
14558,zagin kotu,negative,contempt of court
14559,zai biyo baya,neutral,he will follow
14560,zai dame ni,negative,it would bother me
14561,zai fashe,negative,it will explode
14562,zai fi dacewa,negative,it would be preferable
14563,zai fi kyau,positive,it will be better
14564,zai fi kyau a dandana shi,positive,it's better to sweeten it
14565,zai fi kyau a fifita,negative,it would be better to prefer
14566,zai fi kyau a jure,positive,it will be better to endure
14567,zai fi kyau idan kun fi so,positive,it would be better if you prefer
14568,zai isar,neutral,will deliver
14569,zai iya,neutral,it could
14570,zai iya cimma nasararsa,positive,he can achieve his success
14571,zai iya samun shi sosai,positive,he can get it very well
14572,zai iya yi,neutral,he can do it
14573,zai iya yin magana mai kyau,positive,he can have a good conversation
14574,zai iya yiwuwa,neutral,it could possibly be
14575,zai iya zama,neutral,may be
14576,zai iya?,neutral,will it?
14577,zai kasance,neutral,will be
14578,zai kasance har abada,positive,it will remain forever
14579,zai kaskantar da kai,negative,it will degrade
14580,zai kyalli,neutral,it will glisten
14581,zai tabbata,neutral,it will be assure
14582,zai yi,neutral,he will
14583,zai yi aiki,neutral,would work
14584,zai yi haske,positive,it will glow
14585,zai yi kyau,positive,it would be great
14586,zai yi muni,negative,it will get worse
14587,zai yi zafi,negative,it will hurt
14588,zai zama abin kunya,negative,it would be embarrassing
14589,zai zama alkawari,neutral,it will be a promise
14590,zai zama manufa,positive,it would be ideal
14591,zai zama sarki,neutral,he would be king
14592,zai zama tsawon rayuwa,neutral,it will be a lifetime
14593,zai zama zato,positive,it would be fancy
14594,zakara fa?,neutral,what about the rooster
14595,zaki ne mai kyau,positive,it is a good lion
14596,zakin ya fusata,negative,the lion was angry
14597,zakin zuciya,negative,the lionhearted
14598,zalunci ne,negative,it is cruel
14599,zaluncin yaran nan,negative,the cruelty of these children
14600,zaluntar 'yan sanda,negative,police brutality
14601,zaluntar yara,negative,children's cruelty
14602,zaluntar yaro,negative,a child's cruelty
14603,zama abu,neutral,become a thing
14604,zama fusata,negative,be aggressive
14605,zama mai hankali,negative,be mean
14606,zama mutum,neutral,become a person
14607,zama wani abu,neutral,become something
14608,zaman jin dadi,positive,modern comfort
14609,zaman lafiya wani abu ne,negative,asemanticity is something
14610,zamani ne,neutral,it was era
14611,zamani ya mutu,negative,era died
14612,zamanin da suka biyo baya,neutral,the generation that followed
14613,zamanin mata,neutral,a generation of women
14614,zamanin mu,neutral,our time
14615,zamba cinkin aminci,negative,fraud
14616,zamba ne,negative,it is a scam
14617,zan jaka,negative,i beg
14618,zan kwanta,positive,i'll bed
14619,zan mayar da kudin,neutral,i will return the refund
14620,zan rungume ku,neutral,i will hug you
14621,zan shiga,neutral,i am going to go in
14622,zan tantance,neutral,i will assess
14623,zan yi bincike,neutral,i will investigate
14624,zan yi da yardar rai,positive,i will willingly do so
14625,zan yi farin ciki,positive,i will be excited
14626,zan yi gunaguni,negative,i will growl
14627,zana layi mai kyau,positive,draw a fine line
14628,zance ce,neutral,quote
14629,zane mai ban dariya ne,negative,it's cartoonish
14630,zane ne,neutral,it is a design
14631,zargi ne,negative,it was an allegation
14632,zargin aikata laifuka,negative,accusation of crime
14633,zata iya guduwa,neutral,she can run away
14634,zata iya magana,neutral,she can talk
14635,zato gare shi,positive,vouch for it
14636,zauna kuyi tunani,neutral,sit and think
14637,zaune take,neutral,sitting down
14638,zaure ne,neutral,hall
14639,zauren babba ne,neutral,the hall is large
14640,zawo ba shi da kyau,negative,diarrhea is not good
14641,zazzabi ne sosai,negative,"it was very, very feverish"
14642,zazzagewar tana gushewa,negative,the erode erodes
14643,zina babukyau,negative,adultery is bad
14644,zina ce,negative,it is adultery
14645,zinariya ce,positive,it is gold
14646,ziyara ce mai sauki,positive,it is an easy visit
14647,zo kai,neutral,you come
14648,zo yanzu,neutral,come now
14649,zubar da ciki,negative,an abortion
14650,zubar da jini ne,negative,it is bloodshed
14651,zubar da shara,negative,garbage dump
14652,zuciya ce mai tsafta,positive,it is a pure heart
14653,zuciya mai daci,negative,a bitter heart
14654,zuciya mai rauni,negative,a weak heart
14655,zuciyar zuciya,negative,heartbreak
14656,zuma ce,neutral,it is honey
14657,zuwa ga angon,neutral,to the groom
14658,zuwa ga doka,neutral,to the law
14659,zuwa ga mahaifiyarka,neutral,to your mother
14660,zuwa gare ku,neutral,to you
14661,zuwa hanya guda,neutral,toward the same direction
14662,zuwa ne?,neutral,can we go?
14663,zuwa wata hanya,neutral,towards the other direction
